user_id,governorate,account_age_days,wallet_type,avg_monthly_p2p_transfers,avg_monthly_bill_payments,failed_trans_last_30d,days_since_last_txn,micro_loans_taken,loan_amount_egp,is_churned,is_defaulted,predicted_churn_prob
EG_WAL_10000,Cairo,80,Basic,7,6,0,3,6,5000,0,0,0
EG_WAL_10001,Asyut,100,Verified_Tier1,16,5,0,40,5,1000,0,0,0
EG_WAL_10002,Alexandria,509,Verified_Tier1,8,4,1,59,1,2500,1,0,1
EG_WAL_10003,Giza,589,Verified_Tier1,11,3,0,61,8,1000,1,0,1
EG_WAL_10004,Cairo,48,Verified_Tier1,14,5,0,10,1,1000,0,0,0
EG_WAL_10005,Cairo,113,Verified_Tier1,7,0,0,19,5,5000,0,0,0
EG_WAL_10006,Cairo,184,Verified_Tier1,13,4,2,89,0,0,1,0,1
EG_WAL_10007,Gharbia,594,Verified_Tier1,9,4,0,6,2,2500,0,0,0
EG_WAL_10008,Giza,648,Verified_Tier1,11,4,0,61,4,1000,1,0,1
EG_WAL_10009,Alexandria,386,Verified_Tier1,11,3,2,6,6,2500,0,0,0
EG_WAL_10010,Cairo,676,Basic,12,4,0,63,2,500,1,0,1
EG_WAL_10011,Asyut,472,Verified_Tier1,19,4,2,57,8,2500,1,0,1
EG_WAL_10012,Gharbia,98,Basic,10,5,0,3,3,1000,0,0,0
EG_WAL_10013,Cairo,552,Basic,16,0,1,71,8,1000,1,0,1
EG_WAL_10014,Cairo,172,Verified_Tier1,10,7,1,13,2,2500,0,0,0
EG_WAL_10015,Cairo,221,Basic,14,5,0,85,2,500,1,0,1
EG_WAL_10016,Cairo,416,Merchant,10,3,0,22,3,2500,0,0,0
EG_WAL_10017,Giza,407,Basic,20,2,0,88,1,500,1,0,1
EG_WAL_10018,Giza,610,Basic,6,2,0,35,4,5000,0,0,0
EG_WAL_10019,Cairo,564,Basic,19,8,0,89,8,500,1,0,1
EG_WAL_10020,Giza,322,Basic,11,9,0,23,7,5000,0,0,0
EG_WAL_10021,Cairo,38,Basic,16,1,2,81,7,500,1,0,0.99
EG_WAL_10022,Cairo,300,Basic,11,3,2,20,7,500,0,0,0
EG_WAL_10023,Cairo,416,Basic,17,5,0,62,7,500,1,0,1
EG_WAL_10024,Giza,122,Basic,9,5,0,46,5,5000,1,0,1
EG_WAL_10025,Alexandria,558,Basic,10,4,0,68,6,500,1,0,1
EG_WAL_10026,Cairo,183,Verified_Tier1,14,5,1,14,9,1000,0,0,0
EG_WAL_10027,Giza,434,Basic,18,3,0,30,4,500,0,0,0
EG_WAL_10028,Giza,178,Verified_Tier1,9,2,1,89,5,500,1,0,1
EG_WAL_10029,Cairo,296,Verified_Tier1,15,6,1,3,2,1000,0,0,0
EG_WAL_10030,Giza,451,Basic,18,7,0,3,4,500,0,0,0
EG_WAL_10031,Cairo,647,Verified_Tier1,7,6,0,43,9,1000,0,0,0
EG_WAL_10032,Cairo,501,Verified_Tier1,8,3,1,60,2,500,1,0,1
EG_WAL_10033,Asyut,576,Verified_Tier1,13,5,0,62,4,5000,1,0,1
EG_WAL_10034,Asyut,660,Basic,13,5,2,82,9,5000,1,0,1
EG_WAL_10035,Gharbia,555,Verified_Tier1,17,4,0,25,0,0,0,0,0
EG_WAL_10036,Cairo,532,Verified_Tier1,11,4,0,49,0,0,1,0,1
EG_WAL_10037,Cairo,43,Basic,12,4,0,32,9,2500,0,0,0
EG_WAL_10038,Alexandria,681,Basic,16,6,0,3,5,5000,0,0,0
EG_WAL_10039,Giza,393,Basic,16,5,3,56,7,5000,1,0,1
EG_WAL_10040,Cairo,148,Verified_Tier1,16,7,0,61,3,1000,1,0,1
EG_WAL_10041,Giza,267,Basic,9,1,0,87,6,2500,1,0,1
EG_WAL_10042,Cairo,575,Verified_Tier1,12,5,0,33,4,1000,0,0,0
EG_WAL_10043,Asyut,198,Basic,12,6,0,33,1,2500,0,0,0
EG_WAL_10044,Cairo,551,Verified_Tier1,14,8,1,1,4,2500,0,0,0
EG_WAL_10045,Alexandria,663,Basic,7,7,0,42,1,1000,0,0,0.01
EG_WAL_10046,Cairo,686,Basic,15,4,0,71,8,5000,1,0,1
EG_WAL_10047,Giza,545,Basic,16,6,0,48,0,0,1,0,1
EG_WAL_10048,Giza,426,Basic,8,5,0,20,2,2500,0,0,0
EG_WAL_10049,Cairo,135,Basic,13,3,0,11,0,0,0,0,0
EG_WAL_10050,Asyut,114,Basic,9,6,0,35,4,5000,0,0,0
EG_WAL_10051,Alexandria,243,Basic,12,12,0,0,3,2500,0,0,0.02
EG_WAL_10052,Asyut,150,Verified_Tier1,9,2,0,41,5,1000,0,0,0
EG_WAL_10053,Gharbia,161,Verified_Tier1,12,3,1,15,4,2500,0,0,0
EG_WAL_10054,Giza,226,Basic,17,6,0,48,6,1000,1,0,1
EG_WAL_10055,Asyut,48,Basic,10,3,1,5,6,500,0,0,0
EG_WAL_10056,Cairo,671,Basic,12,2,2,12,9,2500,0,0,0
EG_WAL_10057,Cairo,41,Verified_Tier1,12,7,0,44,4,500,0,0,0
EG_WAL_10058,Cairo,110,Basic,9,2,0,8,9,1000,0,0,0
EG_WAL_10059,Cairo,359,Basic,11,7,0,27,0,0,0,0,0
EG_WAL_10060,Cairo,421,Basic,12,5,0,63,8,500,1,0,1
EG_WAL_10061,Cairo,666,Verified_Tier1,15,1,1,33,1,1000,0,0,0
EG_WAL_10062,Gharbia,336,Basic,8,2,0,31,6,1000,0,0,0
EG_WAL_10063,Cairo,296,Verified_Tier1,3,4,0,64,2,500,1,0,1
EG_WAL_10064,Cairo,476,Basic,11,5,0,88,9,1000,1,0,1
EG_WAL_10065,Giza,470,Basic,14,6,0,51,5,5000,1,0,1
EG_WAL_10066,Cairo,681,Basic,17,5,0,73,4,1000,1,0,1
EG_WAL_10067,Gharbia,31,Basic,9,5,1,65,5,1000,1,0,0.96
EG_WAL_10068,Cairo,549,Basic,8,5,1,3,9,500,0,0,0
EG_WAL_10069,Asyut,680,Basic,12,5,0,24,4,5000,0,0,0
EG_WAL_10070,Alexandria,665,Basic,14,4,0,79,8,2500,1,0,0.99
EG_WAL_10071,Cairo,338,Basic,12,4,0,62,7,500,1,0,1
EG_WAL_10072,Cairo,551,Basic,14,3,0,39,0,0,0,0,0
EG_WAL_10073,Gharbia,498,Merchant,14,4,1,68,8,2500,1,0,1
EG_WAL_10074,Alexandria,241,Basic,8,3,0,55,1,2500,1,0,1
EG_WAL_10075,Alexandria,141,Verified_Tier1,7,2,0,22,4,5000,0,0,0
EG_WAL_10076,Alexandria,37,Basic,15,1,0,83,5,2500,1,0,1
EG_WAL_10077,Cairo,506,Basic,11,3,0,2,9,2500,0,0,0
EG_WAL_10078,Cairo,489,Basic,9,3,0,64,0,0,1,0,1
EG_WAL_10079,Cairo,282,Basic,10,6,0,50,6,5000,1,0,1
EG_WAL_10080,Gharbia,555,Basic,13,4,0,24,7,5000,0,0,0
EG_WAL_10081,Giza,467,Basic,9,2,1,79,0,0,1,0,1
EG_WAL_10082,Cairo,690,Verified_Tier1,10,2,1,40,9,5000,0,0,0
EG_WAL_10083,Cairo,265,Basic,10,1,3,4,3,500,0,0,0
EG_WAL_10084,Cairo,335,Basic,10,3,0,63,1,500,1,0,1
EG_WAL_10085,Cairo,507,Basic,15,4,0,5,4,5000,0,0,0
EG_WAL_10086,Alexandria,708,Basic,19,5,0,75,1,2500,1,0,0.99
EG_WAL_10087,Giza,49,Verified_Tier1,14,4,0,45,8,500,0,0,0
EG_WAL_10088,Gharbia,245,Basic,10,2,0,22,8,500,0,0,0
EG_WAL_10089,Giza,164,Basic,16,3,0,37,9,2500,0,0,0
EG_WAL_10090,Cairo,158,Basic,6,3,1,4,4,2500,0,0,0
EG_WAL_10091,Alexandria,439,Basic,14,3,1,60,4,1000,1,0,1
EG_WAL_10092,Alexandria,451,Verified_Tier1,10,6,0,1,3,1000,0,0,0
EG_WAL_10093,Giza,323,Verified_Tier1,12,7,1,2,0,0,0,0,0
EG_WAL_10094,Alexandria,275,Basic,13,4,0,6,9,5000,0,0,0
EG_WAL_10095,Giza,585,Basic,9,7,0,89,2,500,1,0,1
EG_WAL_10096,Giza,115,Verified_Tier1,14,5,1,75,3,500,1,0,1
EG_WAL_10097,Giza,585,Basic,10,6,2,49,6,500,1,0,1
EG_WAL_10098,Cairo,404,Basic,15,4,0,59,6,2500,1,0,1
EG_WAL_10099,Cairo,475,Verified_Tier1,11,2,0,64,6,2500,1,0,1
EG_WAL_10100,Cairo,407,Basic,7,2,1,64,6,5000,1,0,1
EG_WAL_10101,Giza,419,Basic,7,8,0,61,3,1000,1,0,1
EG_WAL_10102,Cairo,686,Basic,12,8,2,53,8,5000,1,0,0.99
EG_WAL_10103,Giza,80,Verified_Tier1,7,1,0,52,3,2500,1,0,0.99
EG_WAL_10104,Asyut,271,Basic,13,2,1,8,5,5000,0,0,0
EG_WAL_10105,Cairo,323,Merchant,8,3,0,0,0,0,0,0,0
EG_WAL_10106,Giza,592,Verified_Tier1,6,5,0,14,0,0,0,0,0
EG_WAL_10107,Alexandria,295,Basic,9,5,0,88,5,1000,1,0,1
EG_WAL_10108,Cairo,149,Basic,18,5,1,35,0,0,0,0,0
EG_WAL_10109,Cairo,277,Basic,9,4,0,9,0,0,0,0,0
EG_WAL_10110,Cairo,99,Basic,8,7,0,49,5,1000,1,0,1
EG_WAL_10111,Cairo,86,Verified_Tier1,14,3,5,30,7,500,0,0,0
EG_WAL_10112,Asyut,411,Basic,10,6,2,83,8,500,1,0,1
EG_WAL_10113,Gharbia,68,Basic,13,5,0,68,5,5000,1,0,1
EG_WAL_10114,Giza,472,Verified_Tier1,20,5,0,15,0,0,0,0,0
EG_WAL_10115,Gharbia,47,Basic,14,3,1,78,6,2500,1,0,1
EG_WAL_10116,Gharbia,381,Verified_Tier1,8,8,0,41,1,2500,0,0,0
EG_WAL_10117,Cairo,327,Verified_Tier1,12,4,0,25,6,5000,0,0,0
EG_WAL_10118,Gharbia,312,Basic,12,10,0,29,9,1000,0,0,0
EG_WAL_10119,Giza,615,Basic,12,2,0,1,9,2500,0,0,0
EG_WAL_10120,Gharbia,139,Verified_Tier1,12,5,0,66,3,500,1,0,1
EG_WAL_10121,Gharbia,209,Verified_Tier1,6,2,0,82,0,0,1,0,1
EG_WAL_10122,Cairo,573,Basic,10,2,0,55,8,2500,1,0,1
EG_WAL_10123,Cairo,54,Basic,13,8,0,23,0,0,0,0,0
EG_WAL_10124,Cairo,86,Basic,8,3,0,66,6,500,1,0,1
EG_WAL_10125,Giza,209,Basic,11,7,0,39,5,5000,0,0,0
EG_WAL_10126,Gharbia,261,Basic,12,7,0,62,6,2500,1,0,0.99
EG_WAL_10127,Gharbia,372,Basic,15,3,0,68,9,2500,1,0,1
EG_WAL_10128,Cairo,506,Basic,19,4,0,58,0,0,1,0,1
EG_WAL_10129,Giza,605,Basic,13,4,0,60,0,0,1,0,1
EG_WAL_10130,Giza,484,Merchant,14,1,1,51,5,1000,1,0,1
EG_WAL_10131,Cairo,261,Verified_Tier1,10,7,0,75,7,2500,1,0,1
EG_WAL_10132,Cairo,318,Basic,8,8,0,35,2,500,0,0,0
EG_WAL_10133,Cairo,242,Basic,13,5,0,30,9,500,0,0,0
EG_WAL_10134,Asyut,287,Basic,14,7,2,6,1,2500,0,0,0
EG_WAL_10135,Cairo,559,Basic,16,6,0,89,3,2500,1,0,1
EG_WAL_10136,Giza,716,Verified_Tier1,17,2,0,89,7,1000,1,0,1
EG_WAL_10137,Alexandria,258,Basic,12,3,0,19,8,500,0,0,0
EG_WAL_10138,Cairo,255,Merchant,10,2,5,32,5,500,0,0,0
EG_WAL_10139,Asyut,625,Basic,11,3,0,82,6,1000,1,0,1
EG_WAL_10140,Asyut,464,Verified_Tier1,12,4,0,16,0,0,0,0,0
EG_WAL_10141,Cairo,431,Basic,16,4,0,5,4,500,0,0,0
EG_WAL_10142,Giza,651,Basic,10,2,1,85,5,1000,1,0,1
EG_WAL_10143,Cairo,117,Basic,11,6,0,80,9,5000,1,0,1
EG_WAL_10144,Cairo,613,Verified_Tier1,11,5,0,19,5,500,0,0,0
EG_WAL_10145,Cairo,571,Verified_Tier1,14,4,0,41,5,2500,0,0,0
EG_WAL_10146,Giza,713,Verified_Tier1,14,8,0,62,6,1000,1,0,1
EG_WAL_10147,Giza,338,Verified_Tier1,7,1,1,40,3,5000,0,0,0
EG_WAL_10148,Cairo,372,Verified_Tier1,12,2,0,89,4,1000,1,0,1
EG_WAL_10149,Cairo,465,Basic,7,4,0,71,5,5000,1,0,1
EG_WAL_10150,Asyut,206,Basic,12,1,1,6,8,5000,0,0,0
EG_WAL_10151,Cairo,168,Verified_Tier1,22,6,0,70,3,500,1,0,0.98
EG_WAL_10152,Cairo,223,Verified_Tier1,11,3,0,28,3,5000,0,0,0
EG_WAL_10153,Giza,215,Verified_Tier1,16,2,0,66,6,1000,1,0,1
EG_WAL_10154,Asyut,247,Basic,10,6,1,15,0,0,0,0,0
EG_WAL_10155,Cairo,193,Basic,13,1,0,76,6,500,1,0,1
EG_WAL_10156,Alexandria,190,Verified_Tier1,10,4,2,49,7,2500,1,0,1
EG_WAL_10157,Alexandria,554,Basic,11,3,2,81,1,5000,1,0,1
EG_WAL_10158,Cairo,630,Basic,19,6,2,43,3,5000,0,0,0
EG_WAL_10159,Alexandria,71,Verified_Tier1,15,3,0,76,3,500,1,0,1
EG_WAL_10160,Cairo,239,Verified_Tier1,12,9,0,30,9,500,0,0,0
EG_WAL_10161,Giza,304,Basic,8,5,0,66,9,500,1,0,1
EG_WAL_10162,Giza,308,Verified_Tier1,11,5,3,2,5,5000,0,0,0
EG_WAL_10163,Giza,280,Verified_Tier1,9,7,1,89,6,1000,1,0,1
EG_WAL_10164,Cairo,339,Verified_Tier1,9,5,0,65,6,2500,1,0,1
EG_WAL_10165,Gharbia,169,Verified_Tier1,15,5,0,76,3,1000,1,0,1
EG_WAL_10166,Cairo,575,Basic,10,4,2,74,2,500,1,0,1
EG_WAL_10167,Cairo,559,Basic,15,4,0,6,3,5000,0,0,0
EG_WAL_10168,Cairo,86,Basic,11,4,0,26,8,1000,0,0,0
EG_WAL_10169,Giza,141,Basic,9,2,0,6,9,2500,0,0,0
EG_WAL_10170,Alexandria,34,Basic,13,1,0,7,6,500,0,0,0
EG_WAL_10171,Cairo,439,Basic,12,3,0,41,2,2500,0,0,0
EG_WAL_10172,Giza,443,Basic,13,1,0,84,2,5000,1,0,1
EG_WAL_10173,Cairo,211,Basic,18,8,1,25,4,500,0,0,0
EG_WAL_10174,Giza,42,Basic,9,4,4,60,7,500,1,1,1
EG_WAL_10175,Cairo,368,Verified_Tier1,15,2,0,19,4,500,0,0,0
EG_WAL_10176,Alexandria,288,Basic,14,6,2,78,5,2500,1,0,1
EG_WAL_10177,Cairo,119,Basic,14,4,0,86,8,5000,1,0,1
EG_WAL_10178,Asyut,645,Basic,11,5,0,78,8,500,1,0,1
EG_WAL_10179,Cairo,279,Basic,17,1,0,50,5,1000,1,0,1
EG_WAL_10180,Cairo,284,Verified_Tier1,19,1,0,73,4,500,1,0,1
EG_WAL_10181,Cairo,617,Basic,10,3,0,1,7,500,0,0,0
EG_WAL_10182,Asyut,137,Basic,8,3,1,29,0,0,0,0,0
EG_WAL_10183,Gharbia,697,Basic,16,4,0,16,2,1000,0,0,0
EG_WAL_10184,Cairo,623,Basic,11,6,1,66,5,1000,1,0,1
EG_WAL_10185,Alexandria,618,Basic,15,7,0,71,7,5000,1,0,1
EG_WAL_10186,Gharbia,514,Basic,18,8,1,42,5,2500,0,0,0
EG_WAL_10187,Giza,287,Basic,12,4,0,48,9,500,1,0,0.99
EG_WAL_10188,Giza,668,Verified_Tier1,14,4,1,3,5,2500,0,0,0
EG_WAL_10189,Cairo,311,Verified_Tier1,13,4,1,87,3,2500,1,0,1
EG_WAL_10190,Cairo,117,Basic,9,7,0,28,6,500,0,0,0
EG_WAL_10191,Gharbia,233,Basic,9,2,0,71,6,500,1,0,1
EG_WAL_10192,Asyut,45,Basic,9,2,4,33,0,0,0,0,0.01
EG_WAL_10193,Giza,180,Basic,9,3,0,8,2,5000,0,0,0
EG_WAL_10194,Cairo,283,Basic,11,7,0,57,8,1000,1,0,1
EG_WAL_10195,Cairo,217,Verified_Tier1,17,5,0,80,5,2500,1,0,1
EG_WAL_10196,Alexandria,358,Basic,7,9,0,73,3,500,1,0,0.99
EG_WAL_10197,Gharbia,573,Verified_Tier1,13,4,1,23,7,2500,0,0,0
EG_WAL_10198,Gharbia,426,Basic,12,2,0,55,6,1000,1,0,1
EG_WAL_10199,Alexandria,546,Merchant,13,1,0,85,9,2500,1,0,1
EG_WAL_10200,Giza,488,Verified_Tier1,13,6,2,80,5,500,1,0,1
EG_WAL_10201,Cairo,359,Verified_Tier1,14,1,1,60,3,5000,1,0,1
EG_WAL_10202,Cairo,198,Basic,10,5,3,72,3,2500,1,0,1
EG_WAL_10203,Gharbia,395,Verified_Tier1,13,6,0,78,7,5000,1,0,1
EG_WAL_10204,Giza,207,Verified_Tier1,10,3,0,62,2,2500,1,0,1
EG_WAL_10205,Cairo,684,Verified_Tier1,13,3,0,41,8,500,0,0,0.01
EG_WAL_10206,Cairo,391,Basic,12,8,1,16,7,500,0,0,0
EG_WAL_10207,Alexandria,668,Verified_Tier1,19,2,0,70,3,5000,1,0,1
EG_WAL_10208,Cairo,69,Basic,9,4,0,89,2,500,1,0,1
EG_WAL_10209,Cairo,445,Basic,11,3,0,65,3,5000,1,0,1
EG_WAL_10210,Giza,384,Verified_Tier1,8,5,0,47,1,1000,1,0,1
EG_WAL_10211,Alexandria,284,Basic,11,3,1,69,5,5000,1,0,1
EG_WAL_10212,Alexandria,172,Basic,11,4,0,32,2,2500,0,0,0
EG_WAL_10213,Cairo,606,Basic,20,6,0,37,2,5000,0,0,0
EG_WAL_10214,Alexandria,40,Verified_Tier1,10,3,0,0,0,0,0,0,0
EG_WAL_10215,Cairo,649,Basic,6,2,1,54,7,2500,1,0,1
EG_WAL_10216,Cairo,55,Basic,17,7,0,54,7,500,1,0,1
EG_WAL_10217,Alexandria,450,Basic,14,4,0,9,8,500,0,0,0
EG_WAL_10218,Giza,692,Verified_Tier1,10,4,0,54,4,1000,1,0,0.99
EG_WAL_10219,Gharbia,250,Basic,14,7,2,23,3,500,0,0,0
EG_WAL_10220,Alexandria,525,Verified_Tier1,12,3,0,71,8,1000,1,0,1
EG_WAL_10221,Giza,266,Basic,15,0,1,27,2,1000,0,0,0
EG_WAL_10222,Cairo,266,Verified_Tier1,13,2,0,50,3,1000,1,0,0.99
EG_WAL_10223,Cairo,248,Merchant,12,2,0,45,7,500,0,0,0
EG_WAL_10224,Cairo,516,Basic,16,6,1,71,1,2500,1,0,1
EG_WAL_10225,Cairo,490,Basic,9,6,0,28,2,500,0,0,0
EG_WAL_10226,Asyut,692,Verified_Tier1,8,6,0,18,2,2500,0,0,0.01
EG_WAL_10227,Cairo,664,Basic,9,4,1,78,7,500,1,0,0.99
EG_WAL_10228,Gharbia,173,Basic,14,4,1,4,1,1000,0,0,0
EG_WAL_10229,Giza,218,Verified_Tier1,4,7,1,48,7,2500,1,0,1
EG_WAL_10230,Alexandria,284,Merchant,7,3,0,54,6,500,1,0,1
EG_WAL_10231,Giza,97,Basic,11,9,1,45,0,0,0,0,0
EG_WAL_10232,Giza,645,Basic,13,6,0,14,7,5000,0,0,0
EG_WAL_10233,Giza,365,Basic,13,10,0,71,0,0,1,0,1
EG_WAL_10234,Cairo,700,Basic,14,3,0,38,8,1000,0,0,0
EG_WAL_10235,Alexandria,438,Verified_Tier1,14,9,0,21,0,0,0,0,0
EG_WAL_10236,Cairo,329,Verified_Tier1,11,4,1,61,4,2500,1,0,1
EG_WAL_10237,Cairo,631,Verified_Tier1,20,2,0,68,7,500,1,0,1
EG_WAL_10238,Giza,386,Basic,10,4,0,73,3,1000,1,0,1
EG_WAL_10239,Cairo,285,Basic,12,5,0,30,5,500,0,0,0
EG_WAL_10240,Asyut,382,Basic,15,7,2,36,0,0,0,0,0
EG_WAL_10241,Asyut,550,Basic,15,1,0,22,2,1000,0,0,0
EG_WAL_10242,Asyut,553,Verified_Tier1,17,7,1,87,4,500,1,0,1
EG_WAL_10243,Cairo,313,Basic,14,4,0,3,1,1000,0,0,0
EG_WAL_10244,Cairo,341,Verified_Tier1,13,6,1,42,0,0,0,0,0
EG_WAL_10245,Asyut,128,Verified_Tier1,11,5,0,37,8,5000,0,0,0
EG_WAL_10246,Giza,226,Merchant,14,2,0,14,7,5000,0,0,0
EG_WAL_10247,Asyut,511,Verified_Tier1,15,3,0,10,2,5000,0,0,0
EG_WAL_10248,Asyut,255,Verified_Tier1,9,3,2,24,5,500,0,0,0
EG_WAL_10249,Gharbia,644,Basic,11,5,1,25,7,1000,0,0,0
EG_WAL_10250,Cairo,647,Basic,13,8,0,38,5,1000,0,0,0
EG_WAL_10251,Cairo,394,Basic,19,7,0,55,7,500,1,0,1
EG_WAL_10252,Gharbia,397,Basic,9,4,1,50,2,5000,1,0,1
EG_WAL_10253,Cairo,599,Verified_Tier1,15,4,0,32,3,5000,0,0,0
EG_WAL_10254,Cairo,619,Verified_Tier1,16,2,0,19,7,2500,0,0,0
EG_WAL_10255,Giza,104,Basic,11,2,0,51,9,500,1,0,1
EG_WAL_10256,Asyut,71,Basic,8,2,1,33,9,5000,0,0,0
EG_WAL_10257,Alexandria,451,Basic,12,6,2,44,7,2500,0,0,0
EG_WAL_10258,Giza,210,Verified_Tier1,10,7,0,75,5,5000,1,0,1
EG_WAL_10259,Cairo,574,Verified_Tier1,10,3,0,3,9,1000,0,0,0
EG_WAL_10260,Giza,100,Verified_Tier1,13,3,0,12,5,2500,0,0,0
EG_WAL_10261,Asyut,597,Basic,15,4,0,58,8,500,1,0,1
EG_WAL_10262,Cairo,134,Basic,7,6,1,66,7,1000,1,0,1
EG_WAL_10263,Giza,229,Verified_Tier1,13,3,1,52,2,1000,1,0,1
EG_WAL_10264,Gharbia,130,Verified_Tier1,17,6,1,16,6,2500,0,0,0
EG_WAL_10265,Alexandria,336,Basic,9,7,0,70,8,1000,1,0,1
EG_WAL_10266,Alexandria,615,Verified_Tier1,11,2,0,44,9,2500,0,0,0
EG_WAL_10267,Alexandria,712,Basic,6,3,0,46,2,500,1,0,1
EG_WAL_10268,Cairo,406,Verified_Tier1,11,3,0,77,8,5000,1,0,1
EG_WAL_10269,Cairo,684,Verified_Tier1,7,0,0,25,4,1000,0,0,0
EG_WAL_10270,Gharbia,707,Verified_Tier1,11,4,1,30,9,500,0,0,0.01
EG_WAL_10271,Gharbia,428,Basic,12,3,0,30,8,5000,0,0,0
EG_WAL_10272,Gharbia,250,Basic,16,8,1,79,0,0,1,0,1
EG_WAL_10273,Asyut,624,Verified_Tier1,13,6,3,59,3,2500,1,0,1
EG_WAL_10274,Giza,211,Verified_Tier1,10,1,1,0,8,500,0,0,0
EG_WAL_10275,Giza,336,Basic,13,7,0,45,8,5000,0,0,0
EG_WAL_10276,Alexandria,551,Verified_Tier1,12,9,0,33,5,2500,0,0,0
EG_WAL_10277,Giza,425,Basic,12,2,0,89,9,5000,1,0,1
EG_WAL_10278,Alexandria,33,Merchant,11,6,0,53,5,2500,1,0,0.99
EG_WAL_10279,Alexandria,310,Verified_Tier1,13,1,1,58,2,5000,1,0,1
EG_WAL_10280,Gharbia,244,Basic,8,2,1,40,9,500,0,0,0
EG_WAL_10281,Cairo,639,Basic,10,2,0,50,4,500,1,0,1
EG_WAL_10282,Cairo,449,Basic,9,4,0,4,7,1000,0,0,0
EG_WAL_10283,Cairo,130,Basic,11,2,0,87,1,1000,1,0,1
EG_WAL_10284,Giza,550,Basic,8,4,0,9,1,500,0,0,0
EG_WAL_10285,Cairo,602,Verified_Tier1,13,5,1,37,3,1000,0,0,0
EG_WAL_10286,Giza,338,Verified_Tier1,16,5,1,34,8,2500,0,0,0
EG_WAL_10287,Giza,687,Basic,11,5,1,65,4,1000,1,0,1
EG_WAL_10288,Cairo,539,Basic,13,4,1,18,2,1000,0,0,0
EG_WAL_10289,Giza,92,Basic,16,5,0,37,7,5000,0,0,0
EG_WAL_10290,Cairo,662,Basic,18,3,0,52,6,2500,1,0,0.98
EG_WAL_10291,Cairo,255,Basic,15,2,0,49,8,500,1,0,1
EG_WAL_10292,Gharbia,134,Verified_Tier1,12,3,0,77,9,2500,1,0,1
EG_WAL_10293,Cairo,454,Verified_Tier1,7,8,0,33,5,5000,0,0,0
EG_WAL_10294,Cairo,284,Basic,17,8,0,3,1,1000,0,0,0
EG_WAL_10295,Giza,458,Verified_Tier1,11,5,0,60,0,0,1,0,1
EG_WAL_10296,Alexandria,463,Verified_Tier1,7,3,0,88,4,5000,1,0,1
EG_WAL_10297,Cairo,236,Basic,8,8,1,69,6,500,1,0,1
EG_WAL_10298,Giza,57,Verified_Tier1,9,5,0,8,6,1000,0,0,0
EG_WAL_10299,Cairo,711,Verified_Tier1,13,5,0,51,1,5000,1,0,0.99
EG_WAL_10300,Cairo,365,Basic,13,5,0,81,5,5000,1,0,1
EG_WAL_10301,Giza,617,Basic,15,2,0,30,0,0,0,0,0
EG_WAL_10302,Giza,657,Verified_Tier1,10,6,1,85,0,0,1,0,1
EG_WAL_10303,Giza,98,Verified_Tier1,10,5,1,67,1,500,1,0,1
EG_WAL_10304,Alexandria,542,Basic,8,2,1,32,4,5000,0,0,0
EG_WAL_10305,Asyut,196,Basic,11,2,0,58,9,2500,1,0,1
EG_WAL_10306,Giza,397,Basic,9,5,0,34,9,500,0,0,0
EG_WAL_10307,Cairo,280,Verified_Tier1,10,4,0,12,1,2500,0,0,0
EG_WAL_10308,Alexandria,715,Basic,12,2,0,78,9,2500,1,0,0.99
EG_WAL_10309,Cairo,199,Verified_Tier1,12,5,0,60,2,5000,1,0,1
EG_WAL_10310,Giza,119,Basic,12,2,0,47,8,5000,1,0,1
EG_WAL_10311,Cairo,590,Basic,14,2,0,37,4,1000,0,0,0
EG_WAL_10312,Cairo,475,Basic,8,8,1,64,2,500,1,0,1
EG_WAL_10313,Asyut,323,Basic,15,1,0,53,4,500,1,0,1
EG_WAL_10314,Gharbia,179,Basic,13,0,0,30,2,500,0,0,0
EG_WAL_10315,Alexandria,161,Basic,13,7,2,48,4,5000,1,0,1
EG_WAL_10316,Giza,462,Basic,18,5,0,80,9,500,1,0,1
EG_WAL_10317,Cairo,88,Basic,9,6,1,21,5,5000,0,0,0
EG_WAL_10318,Cairo,228,Basic,16,2,0,28,8,500,0,0,0
EG_WAL_10319,Cairo,244,Basic,12,1,2,64,1,2500,1,0,1
EG_WAL_10320,Giza,590,Verified_Tier1,15,5,0,47,2,5000,1,0,1
EG_WAL_10321,Alexandria,501,Verified_Tier1,11,4,0,65,5,1000,1,0,1
EG_WAL_10322,Alexandria,276,Merchant,7,4,0,24,1,1000,0,0,0
EG_WAL_10323,Cairo,411,Basic,11,6,2,20,7,500,0,0,0
EG_WAL_10324,Asyut,268,Basic,15,4,0,25,9,2500,0,0,0
EG_WAL_10325,Alexandria,396,Basic,10,5,0,0,6,2500,0,0,0
EG_WAL_10326,Giza,197,Basic,10,3,1,31,0,0,0,0,0
EG_WAL_10327,Giza,589,Verified_Tier1,9,2,0,72,4,1000,1,0,1
EG_WAL_10328,Giza,80,Basic,11,1,1,45,4,500,0,0,0
EG_WAL_10329,Cairo,639,Basic,10,5,0,4,0,0,0,0,0
EG_WAL_10330,Cairo,718,Basic,8,3,0,39,5,500,0,0,0.03
EG_WAL_10331,Alexandria,409,Merchant,8,1,1,16,1,500,0,0,0
EG_WAL_10332,Cairo,503,Verified_Tier1,8,3,2,52,2,500,1,0,1
EG_WAL_10333,Cairo,109,Basic,7,5,0,82,4,2500,1,0,1
EG_WAL_10334,Cairo,396,Basic,16,8,1,28,5,1000,0,0,0.01
EG_WAL_10335,Cairo,490,Verified_Tier1,16,2,0,75,1,5000,1,0,1
EG_WAL_10336,Gharbia,568,Merchant,18,5,2,7,3,500,0,0,0
EG_WAL_10337,Alexandria,481,Basic,14,5,0,42,2,5000,0,0,0
EG_WAL_10338,Giza,493,Basic,9,2,0,14,0,0,0,0,0
EG_WAL_10339,Cairo,507,Verified_Tier1,11,8,0,33,3,1000,0,0,0
EG_WAL_10340,Giza,449,Verified_Tier1,7,2,0,89,5,1000,1,0,1
EG_WAL_10341,Giza,243,Basic,16,3,0,34,9,2500,0,0,0
EG_WAL_10342,Cairo,398,Basic,10,2,0,32,6,5000,0,0,0.01
EG_WAL_10343,Giza,143,Verified_Tier1,12,4,0,20,5,5000,0,0,0
EG_WAL_10344,Cairo,532,Verified_Tier1,21,3,1,18,0,0,0,0,0
EG_WAL_10345,Giza,665,Verified_Tier1,12,8,0,0,4,500,0,0,0
EG_WAL_10346,Giza,617,Verified_Tier1,12,3,0,50,4,1000,1,0,1
EG_WAL_10347,Cairo,340,Basic,9,5,2,32,5,1000,0,0,0
EG_WAL_10348,Cairo,498,Verified_Tier1,10,4,0,25,4,1000,0,0,0
EG_WAL_10349,Giza,73,Basic,14,3,1,41,8,2500,0,0,0
EG_WAL_10350,Giza,444,Verified_Tier1,11,0,1,53,5,5000,1,0,0.99
EG_WAL_10351,Gharbia,275,Basic,10,4,1,44,8,2500,0,0,0
EG_WAL_10352,Alexandria,113,Verified_Tier1,14,5,0,26,3,5000,0,0,0
EG_WAL_10353,Cairo,236,Basic,10,6,0,50,2,1000,1,0,1
EG_WAL_10354,Cairo,180,Basic,10,4,0,27,5,2500,0,0,0
EG_WAL_10355,Giza,697,Basic,15,3,0,83,0,0,1,0,1
EG_WAL_10356,Cairo,557,Verified_Tier1,9,3,0,7,9,5000,0,0,0
EG_WAL_10357,Giza,194,Verified_Tier1,14,6,0,89,4,5000,1,0,1
EG_WAL_10358,Asyut,174,Verified_Tier1,13,3,0,30,1,2500,0,0,0
EG_WAL_10359,Giza,66,Basic,7,6,1,4,5,500,0,0,0
EG_WAL_10360,Cairo,362,Basic,17,10,0,10,2,5000,0,0,0
EG_WAL_10361,Giza,432,Verified_Tier1,12,5,0,84,8,5000,1,0,1
EG_WAL_10362,Giza,443,Verified_Tier1,11,2,0,71,1,2500,1,0,1
EG_WAL_10363,Giza,74,Verified_Tier1,12,2,1,25,0,0,0,0,0
EG_WAL_10364,Asyut,431,Verified_Tier1,8,2,0,59,6,500,1,0,1
EG_WAL_10365,Cairo,235,Verified_Tier1,9,2,0,45,4,1000,0,0,0
EG_WAL_10366,Asyut,91,Basic,15,6,3,11,0,0,0,0,0.01
EG_WAL_10367,Asyut,449,Verified_Tier1,11,3,0,12,4,1000,0,0,0
EG_WAL_10368,Cairo,497,Verified_Tier1,14,4,0,73,3,1000,1,0,1
EG_WAL_10369,Cairo,48,Verified_Tier1,10,1,0,7,0,0,0,0,0
EG_WAL_10370,Cairo,394,Verified_Tier1,14,5,0,41,7,5000,0,0,0
EG_WAL_10371,Cairo,329,Basic,20,2,0,64,3,1000,1,0,0.99
EG_WAL_10372,Cairo,36,Basic,11,5,0,8,9,2500,0,0,0
EG_WAL_10373,Alexandria,457,Basic,15,5,0,3,6,2500,0,0,0
EG_WAL_10374,Cairo,146,Basic,9,3,0,54,5,2500,1,0,1
EG_WAL_10375,Cairo,609,Verified_Tier1,8,3,0,84,8,1000,1,0,1
EG_WAL_10376,Gharbia,536,Verified_Tier1,13,5,0,70,0,0,1,0,1
EG_WAL_10377,Cairo,575,Basic,10,5,0,54,9,1000,1,0,1
EG_WAL_10378,Gharbia,354,Basic,11,6,3,56,8,1000,1,0,1
EG_WAL_10379,Cairo,84,Verified_Tier1,11,4,0,56,7,500,1,0,1
EG_WAL_10380,Cairo,71,Verified_Tier1,15,3,2,38,4,1000,0,0,0
EG_WAL_10381,Alexandria,326,Basic,11,5,0,27,2,2500,0,0,0
EG_WAL_10382,Giza,260,Verified_Tier1,20,0,0,25,9,2500,0,0,0.01
EG_WAL_10383,Gharbia,482,Basic,10,4,0,72,1,500,1,0,1
EG_WAL_10384,Alexandria,423,Basic,13,5,0,69,8,500,1,0,1
EG_WAL_10385,Gharbia,551,Basic,14,6,0,21,2,500,0,0,0
EG_WAL_10386,Cairo,387,Basic,7,2,0,72,3,500,1,0,1
EG_WAL_10387,Cairo,473,Basic,13,7,1,44,5,1000,0,0,0
EG_WAL_10388,Alexandria,157,Verified_Tier1,21,5,1,14,4,1000,0,0,0
EG_WAL_10389,Gharbia,434,Verified_Tier1,8,6,0,64,5,2500,1,0,1
EG_WAL_10390,Asyut,421,Basic,15,4,0,17,1,1000,0,0,0
EG_WAL_10391,Giza,222,Basic,8,4,0,10,4,500,0,0,0
EG_WAL_10392,Cairo,633,Basic,11,5,2,3,3,5000,0,0,0
EG_WAL_10393,Alexandria,107,Verified_Tier1,13,2,0,33,0,0,0,0,0
EG_WAL_10394,Cairo,114,Verified_Tier1,12,4,2,47,3,500,1,0,1
EG_WAL_10395,Asyut,59,Basic,10,3,0,82,1,5000,1,0,1
EG_WAL_10396,Gharbia,78,Basic,8,4,0,47,6,5000,1,0,1
EG_WAL_10397,Giza,174,Verified_Tier1,15,6,0,75,6,500,1,0,1
EG_WAL_10398,Alexandria,98,Basic,9,5,0,39,4,1000,0,0,0
EG_WAL_10399,Alexandria,87,Basic,12,1,0,58,0,0,1,0,1
EG_WAL_10400,Cairo,603,Verified_Tier1,14,1,0,47,0,0,1,0,0.99
EG_WAL_10401,Asyut,508,Basic,9,3,1,40,6,2500,0,0,0
EG_WAL_10402,Giza,474,Basic,19,4,0,21,9,1000,0,0,0
EG_WAL_10403,Gharbia,325,Basic,16,4,0,63,0,0,1,0,1
EG_WAL_10404,Cairo,707,Basic,13,3,1,75,1,1000,1,0,1
EG_WAL_10405,Gharbia,200,Verified_Tier1,7,3,0,48,3,1000,1,0,1
EG_WAL_10406,Cairo,604,Merchant,12,4,0,54,4,2500,1,0,1
EG_WAL_10407,Cairo,176,Verified_Tier1,10,2,0,14,0,0,0,0,0
EG_WAL_10408,Asyut,513,Verified_Tier1,14,3,0,3,0,0,0,0,0
EG_WAL_10409,Cairo,335,Basic,8,6,0,7,2,500,0,0,0
EG_WAL_10410,Cairo,702,Verified_Tier1,11,6,0,59,0,0,1,0,0.99
EG_WAL_10411,Asyut,682,Verified_Tier1,9,6,0,89,2,1000,1,0,1
EG_WAL_10412,Asyut,638,Basic,13,2,1,2,4,2500,0,0,0
EG_WAL_10413,Giza,475,Basic,13,4,1,6,2,2500,0,0,0
EG_WAL_10414,Giza,250,Verified_Tier1,7,3,0,78,9,5000,1,0,1
EG_WAL_10415,Giza,584,Verified_Tier1,14,10,1,83,7,5000,1,0,1
EG_WAL_10416,Cairo,407,Basic,7,4,0,16,4,2500,0,0,0
EG_WAL_10417,Cairo,649,Basic,17,1,0,9,4,5000,0,0,0
EG_WAL_10418,Alexandria,295,Verified_Tier1,15,4,6,79,5,1000,1,1,0.99
EG_WAL_10419,Alexandria,124,Basic,12,3,0,25,3,500,0,0,0
EG_WAL_10420,Alexandria,291,Verified_Tier1,16,5,0,21,4,500,0,0,0
EG_WAL_10421,Alexandria,100,Basic,12,4,0,14,5,500,0,0,0
EG_WAL_10422,Cairo,248,Verified_Tier1,17,2,0,57,5,2500,1,0,1
EG_WAL_10423,Giza,562,Basic,18,5,0,59,4,2500,1,0,1
EG_WAL_10424,Cairo,121,Basic,14,6,0,75,9,2500,1,0,1
EG_WAL_10425,Giza,156,Basic,11,5,0,38,5,500,0,0,0
EG_WAL_10426,Giza,109,Basic,15,3,0,2,8,5000,0,0,0
EG_WAL_10427,Gharbia,267,Verified_Tier1,17,4,0,59,7,2500,1,0,1
EG_WAL_10428,Cairo,401,Basic,14,8,1,52,3,2500,1,0,1
EG_WAL_10429,Cairo,515,Basic,11,2,1,23,1,1000,0,0,0
EG_WAL_10430,Cairo,54,Basic,17,4,0,54,3,2500,1,0,1
EG_WAL_10431,Alexandria,185,Verified_Tier1,9,4,0,1,5,2500,0,0,0
EG_WAL_10432,Giza,546,Verified_Tier1,14,2,0,67,9,500,1,0,1
EG_WAL_10433,Cairo,661,Basic,17,0,0,22,6,500,0,0,0
EG_WAL_10434,Cairo,559,Verified_Tier1,13,4,0,58,3,1000,1,0,1
EG_WAL_10435,Alexandria,86,Verified_Tier1,11,6,1,56,2,500,1,0,1
EG_WAL_10436,Cairo,634,Verified_Tier1,9,1,0,86,0,0,1,0,1
EG_WAL_10437,Gharbia,48,Basic,10,5,1,71,6,5000,1,0,1
EG_WAL_10438,Alexandria,413,Verified_Tier1,10,6,0,41,0,0,0,0,0
EG_WAL_10439,Cairo,222,Basic,18,5,0,11,7,2500,0,0,0
EG_WAL_10440,Cairo,266,Basic,10,5,2,72,4,1000,1,0,1
EG_WAL_10441,Asyut,416,Basic,9,6,0,74,7,2500,1,0,1
EG_WAL_10442,Cairo,455,Basic,17,4,0,0,1,2500,0,0,0
EG_WAL_10443,Cairo,306,Basic,16,2,0,53,2,1000,1,0,1
EG_WAL_10444,Gharbia,256,Verified_Tier1,13,4,0,42,3,500,0,0,0
EG_WAL_10445,Asyut,581,Basic,10,2,3,61,1,1000,1,0,1
EG_WAL_10446,Asyut,352,Basic,19,3,0,14,3,5000,0,0,0
EG_WAL_10447,Alexandria,182,Basic,9,5,1,6,5,2500,0,0,0
EG_WAL_10448,Cairo,668,Basic,10,2,0,27,6,5000,0,0,0
EG_WAL_10449,Cairo,266,Basic,6,7,0,5,5,1000,0,0,0
EG_WAL_10450,Alexandria,84,Basic,17,7,1,19,6,500,0,0,0
EG_WAL_10451,Giza,465,Basic,10,2,0,87,1,1000,1,0,1
EG_WAL_10452,Giza,713,Basic,11,7,0,41,0,0,0,0,0.02
EG_WAL_10453,Asyut,138,Basic,10,5,0,37,8,5000,0,0,0
EG_WAL_10454,Cairo,213,Basic,14,8,0,61,6,2500,1,0,1
EG_WAL_10455,Giza,397,Verified_Tier1,10,1,0,75,1,2500,1,0,1
EG_WAL_10456,Cairo,227,Verified_Tier1,9,5,1,2,6,2500,0,0,0
EG_WAL_10457,Giza,400,Verified_Tier1,10,5,0,27,3,2500,0,0,0
EG_WAL_10458,Cairo,402,Basic,10,3,0,11,2,500,0,0,0
EG_WAL_10459,Cairo,526,Basic,9,4,0,79,3,1000,1,0,1
EG_WAL_10460,Cairo,628,Verified_Tier1,10,4,0,43,4,1000,0,0,0
EG_WAL_10461,Giza,230,Basic,14,7,0,14,8,1000,0,0,0
EG_WAL_10462,Alexandria,538,Basic,13,4,0,54,3,500,1,0,1
EG_WAL_10463,Giza,351,Basic,9,3,0,84,8,1000,1,0,1
EG_WAL_10464,Asyut,304,Basic,9,3,0,81,3,1000,1,0,1
EG_WAL_10465,Cairo,240,Basic,12,3,1,47,0,0,1,0,1
EG_WAL_10466,Cairo,533,Verified_Tier1,18,3,1,5,0,0,0,0,0
EG_WAL_10467,Gharbia,147,Basic,18,8,1,63,3,2500,1,0,1
EG_WAL_10468,Cairo,583,Merchant,14,2,0,80,3,500,1,0,1
EG_WAL_10469,Asyut,71,Basic,9,4,0,86,9,500,1,0,1
EG_WAL_10470,Cairo,344,Basic,18,3,1,34,6,2500,0,0,0
EG_WAL_10471,Asyut,358,Merchant,13,7,0,81,0,0,1,0,1
EG_WAL_10472,Cairo,46,Verified_Tier1,11,2,0,10,4,1000,0,0,0
EG_WAL_10473,Gharbia,312,Basic,11,4,1,22,9,5000,0,0,0
EG_WAL_10474,Giza,287,Basic,11,4,1,56,7,5000,1,0,1
EG_WAL_10475,Asyut,604,Verified_Tier1,10,5,0,80,7,1000,1,0,1
EG_WAL_10476,Cairo,603,Basic,9,4,1,69,6,500,1,0,1
EG_WAL_10477,Giza,641,Basic,11,8,2,87,3,2500,1,0,1
EG_WAL_10478,Asyut,48,Verified_Tier1,13,2,0,36,6,5000,0,0,0
EG_WAL_10479,Giza,558,Basic,12,5,1,62,0,0,1,0,1
EG_WAL_10480,Giza,452,Basic,10,2,0,79,5,1000,1,0,1
EG_WAL_10481,Alexandria,495,Basic,13,6,1,28,6,2500,0,0,0
EG_WAL_10482,Giza,402,Basic,10,2,0,41,2,5000,0,0,0
EG_WAL_10483,Giza,110,Verified_Tier1,10,4,1,27,7,1000,0,0,0
EG_WAL_10484,Giza,580,Basic,12,7,2,15,7,2500,0,0,0
EG_WAL_10485,Asyut,577,Verified_Tier1,12,7,2,66,7,500,1,0,0.99
EG_WAL_10486,Cairo,453,Basic,8,6,1,87,4,1000,1,0,1
EG_WAL_10487,Cairo,458,Basic,17,4,0,17,6,5000,0,0,0
EG_WAL_10488,Asyut,417,Basic,13,3,0,47,4,1000,1,0,1
EG_WAL_10489,Gharbia,699,Verified_Tier1,12,1,0,16,7,1000,0,0,0
EG_WAL_10490,Giza,233,Verified_Tier1,13,6,2,73,8,5000,1,0,1
EG_WAL_10491,Giza,225,Basic,15,2,0,24,3,500,0,0,0
EG_WAL_10492,Cairo,314,Basic,8,2,0,47,3,5000,1,0,1
EG_WAL_10493,Cairo,225,Basic,11,3,0,86,6,5000,1,0,1
EG_WAL_10494,Giza,336,Verified_Tier1,12,5,0,49,6,500,1,0,1
EG_WAL_10495,Cairo,693,Basic,15,4,0,18,7,5000,0,0,0.01
EG_WAL_10496,Giza,43,Verified_Tier1,5,1,0,73,6,2500,1,0,0.99
EG_WAL_10497,Cairo,175,Basic,14,3,0,74,6,2500,1,0,1
EG_WAL_10498,Asyut,86,Basic,7,6,0,40,5,5000,0,0,0
EG_WAL_10499,Asyut,239,Basic,10,4,0,4,5,2500,0,0,0
EG_WAL_10500,Alexandria,558,Basic,13,8,0,5,9,1000,0,0,0
EG_WAL_10501,Giza,373,Verified_Tier1,18,5,0,2,2,2500,0,0,0
EG_WAL_10502,Cairo,640,Verified_Tier1,14,5,0,44,3,2500,0,0,0
EG_WAL_10503,Gharbia,308,Basic,9,1,0,74,9,1000,1,0,1
EG_WAL_10504,Alexandria,238,Basic,23,6,1,60,3,2500,1,0,1
EG_WAL_10505,Cairo,670,Basic,14,4,1,47,8,5000,1,0,1
EG_WAL_10506,Asyut,364,Verified_Tier1,8,3,0,23,5,1000,0,0,0
EG_WAL_10507,Gharbia,317,Basic,5,2,0,47,9,1000,1,0,1
EG_WAL_10508,Asyut,281,Basic,14,6,0,25,2,5000,0,0,0
EG_WAL_10509,Alexandria,294,Basic,11,9,0,48,3,5000,1,0,0.99
EG_WAL_10510,Giza,300,Basic,12,3,1,89,5,5000,1,0,1
EG_WAL_10511,Giza,448,Basic,15,6,0,87,5,2500,1,0,1
EG_WAL_10512,Asyut,240,Basic,16,4,0,54,4,2500,1,0,1
EG_WAL_10513,Gharbia,394,Basic,10,6,1,3,0,0,0,0,0
EG_WAL_10514,Cairo,105,Verified_Tier1,15,5,0,48,9,5000,1,0,1
EG_WAL_10515,Cairo,689,Basic,12,4,0,73,5,500,1,0,1
EG_WAL_10516,Cairo,350,Basic,11,4,0,43,3,2500,0,0,0
EG_WAL_10517,Gharbia,462,Verified_Tier1,6,1,0,28,7,500,0,0,0.01
EG_WAL_10518,Asyut,138,Basic,10,4,0,25,9,1000,0,0,0
EG_WAL_10519,Cairo,670,Verified_Tier1,9,3,0,82,0,0,1,0,1
EG_WAL_10520,Giza,551,Basic,17,5,2,84,4,5000,1,0,1
EG_WAL_10521,Cairo,76,Basic,17,4,0,82,3,1000,1,0,1
EG_WAL_10522,Asyut,408,Basic,17,1,0,60,4,2500,1,0,1
EG_WAL_10523,Gharbia,125,Basic,18,5,2,39,8,2500,0,0,0
EG_WAL_10524,Gharbia,132,Verified_Tier1,13,4,0,18,6,2500,0,0,0
EG_WAL_10525,Giza,175,Basic,11,5,0,81,2,500,1,0,1
EG_WAL_10526,Giza,56,Basic,13,6,0,13,2,1000,0,0,0
EG_WAL_10527,Cairo,559,Basic,6,0,0,34,6,500,0,0,0.02
EG_WAL_10528,Cairo,708,Basic,12,4,0,81,0,0,1,0,1
EG_WAL_10529,Gharbia,111,Basic,11,4,0,18,7,500,0,0,0
EG_WAL_10530,Gharbia,457,Basic,16,3,0,88,2,1000,1,0,1
EG_WAL_10531,Asyut,613,Basic,12,5,1,78,7,2500,1,0,1
EG_WAL_10532,Asyut,508,Verified_Tier1,12,4,1,2,7,500,0,0,0
EG_WAL_10533,Giza,191,Basic,11,1,2,86,1,1000,1,0,1
EG_WAL_10534,Alexandria,431,Verified_Tier1,12,5,1,49,2,2500,1,0,1
EG_WAL_10535,Asyut,537,Verified_Tier1,11,6,1,11,9,2500,0,0,0
EG_WAL_10536,Gharbia,67,Basic,7,3,1,53,0,0,1,0,1
EG_WAL_10537,Cairo,540,Verified_Tier1,8,2,0,64,5,2500,1,0,1
EG_WAL_10538,Giza,422,Verified_Tier1,7,4,0,9,2,5000,0,0,0
EG_WAL_10539,Cairo,523,Basic,10,9,0,26,8,2500,0,0,0
EG_WAL_10540,Asyut,229,Merchant,9,8,1,75,0,0,1,0,1
EG_WAL_10541,Giza,284,Basic,15,4,0,67,7,500,1,0,1
EG_WAL_10542,Cairo,208,Basic,10,3,1,20,6,2500,0,0,0
EG_WAL_10543,Alexandria,576,Verified_Tier1,14,4,1,19,6,2500,0,0,0
EG_WAL_10544,Giza,623,Basic,15,2,0,16,7,5000,0,0,0
EG_WAL_10545,Cairo,418,Basic,6,10,0,45,8,500,0,0,0.01
EG_WAL_10546,Cairo,427,Basic,9,3,0,33,7,500,0,0,0
EG_WAL_10547,Alexandria,187,Verified_Tier1,5,8,0,77,5,2500,1,0,1
EG_WAL_10548,Giza,33,Verified_Tier1,6,1,0,9,0,0,0,0,0
EG_WAL_10549,Alexandria,196,Basic,14,5,0,19,0,0,0,0,0
EG_WAL_10550,Giza,497,Merchant,15,7,0,63,6,500,1,0,1
EG_WAL_10551,Gharbia,438,Basic,11,6,0,61,2,500,1,0,1
EG_WAL_10552,Giza,441,Basic,14,4,0,78,2,500,1,0,1
EG_WAL_10553,Giza,233,Verified_Tier1,15,8,0,38,8,500,0,0,0
EG_WAL_10554,Gharbia,223,Verified_Tier1,7,6,0,61,9,2500,1,0,1
EG_WAL_10555,Giza,264,Basic,15,4,1,78,3,500,1,0,1
EG_WAL_10556,Cairo,179,Basic,17,3,0,82,2,2500,1,0,1
EG_WAL_10557,Cairo,188,Verified_Tier1,12,5,0,89,1,500,1,0,1
EG_WAL_10558,Alexandria,308,Merchant,6,2,0,11,4,500,0,0,0
EG_WAL_10559,Giza,433,Verified_Tier1,15,2,1,23,8,1000,0,0,0
EG_WAL_10560,Alexandria,707,Basic,13,3,0,52,7,5000,1,0,1
EG_WAL_10561,Cairo,340,Merchant,10,4,3,32,7,1000,0,0,0
EG_WAL_10562,Cairo,97,Verified_Tier1,9,4,1,68,0,0,1,0,1
EG_WAL_10563,Cairo,492,Basic,6,6,1,72,8,500,1,0,1
EG_WAL_10564,Cairo,117,Verified_Tier1,15,3,1,77,7,5000,1,0,1
EG_WAL_10565,Giza,246,Verified_Tier1,4,5,0,45,2,1000,0,0,0.01
EG_WAL_10566,Cairo,30,Verified_Tier1,13,4,0,88,7,1000,1,0,0.94
EG_WAL_10567,Giza,164,Verified_Tier1,17,4,0,6,8,2500,0,0,0
EG_WAL_10568,Asyut,380,Verified_Tier1,10,2,0,42,1,5000,0,0,0
EG_WAL_10569,Cairo,169,Verified_Tier1,6,6,0,6,0,0,0,0,0
EG_WAL_10570,Giza,647,Basic,9,8,0,60,0,0,1,0,1
EG_WAL_10571,Alexandria,162,Verified_Tier1,8,5,0,31,0,0,0,0,0
EG_WAL_10572,Cairo,649,Verified_Tier1,10,4,1,84,4,500,1,0,1
EG_WAL_10573,Giza,207,Merchant,10,8,1,58,1,1000,1,0,1
EG_WAL_10574,Gharbia,387,Basic,9,4,0,78,3,5000,1,0,1
EG_WAL_10575,Asyut,409,Basic,8,3,0,29,0,0,0,0,0
EG_WAL_10576,Cairo,687,Basic,16,3,0,3,1,5000,0,0,0
EG_WAL_10577,Asyut,479,Verified_Tier1,11,1,0,33,6,5000,0,0,0
EG_WAL_10578,Giza,615,Verified_Tier1,12,7,0,8,8,5000,0,0,0
EG_WAL_10579,Cairo,492,Basic,17,2,0,59,5,2500,1,0,1
EG_WAL_10580,Giza,137,Basic,14,4,1,75,9,5000,1,0,1
EG_WAL_10581,Asyut,151,Basic,20,6,0,23,9,1000,0,0,0
EG_WAL_10582,Giza,46,Basic,8,5,0,54,4,2500,1,0,1
EG_WAL_10583,Cairo,225,Verified_Tier1,13,2,0,28,9,1000,0,0,0
EG_WAL_10584,Giza,356,Basic,14,3,1,53,6,500,1,0,1
EG_WAL_10585,Cairo,347,Basic,19,3,0,50,8,1000,1,0,0.99
EG_WAL_10586,Cairo,508,Basic,7,8,0,21,1,5000,0,0,0
EG_WAL_10587,Cairo,281,Basic,19,6,0,19,5,500,0,0,0
EG_WAL_10588,Cairo,532,Verified_Tier1,8,2,0,36,2,5000,0,0,0
EG_WAL_10589,Cairo,148,Basic,11,2,0,50,9,2500,1,0,1
EG_WAL_10590,Cairo,703,Verified_Tier1,9,5,0,72,9,2500,1,0,0.99
EG_WAL_10591,Giza,527,Basic,13,3,0,85,3,500,1,0,1
EG_WAL_10592,Cairo,515,Basic,10,5,1,49,4,1000,1,0,1
EG_WAL_10593,Cairo,74,Basic,10,4,0,79,4,5000,1,0,1
EG_WAL_10594,Gharbia,343,Verified_Tier1,11,3,0,65,9,1000,1,0,1
EG_WAL_10595,Giza,208,Basic,12,2,1,61,7,5000,1,0,1
EG_WAL_10596,Alexandria,447,Verified_Tier1,15,5,0,43,4,5000,0,0,0
EG_WAL_10597,Cairo,585,Verified_Tier1,10,4,0,22,1,1000,0,0,0
EG_WAL_10598,Cairo,107,Basic,11,5,0,10,1,2500,0,0,0
EG_WAL_10599,Cairo,355,Verified_Tier1,16,2,0,53,0,0,1,0,1
EG_WAL_10600,Cairo,719,Verified_Tier1,14,3,2,54,1,500,1,0,0.96
EG_WAL_10601,Cairo,386,Basic,21,3,0,60,0,0,1,0,0.99
EG_WAL_10602,Cairo,445,Basic,16,3,0,51,2,2500,1,0,1
EG_WAL_10603,Cairo,544,Verified_Tier1,17,9,0,21,4,2500,0,0,0
EG_WAL_10604,Cairo,243,Basic,12,4,0,2,2,5000,0,0,0
EG_WAL_10605,Giza,103,Merchant,11,6,0,75,6,5000,1,0,1
EG_WAL_10606,Cairo,592,Basic,10,2,0,64,9,2500,1,0,0.99
EG_WAL_10607,Cairo,608,Basic,8,4,0,57,1,500,1,0,1
EG_WAL_10608,Giza,538,Merchant,9,2,0,42,4,2500,0,0,0
EG_WAL_10609,Alexandria,361,Verified_Tier1,15,8,0,89,2,500,1,0,1
EG_WAL_10610,Cairo,122,Basic,11,3,0,60,1,500,1,0,1
EG_WAL_10611,Alexandria,717,Verified_Tier1,12,2,0,52,3,5000,1,0,0.99
EG_WAL_10612,Giza,686,Basic,11,1,0,32,8,500,0,0,0
EG_WAL_10613,Cairo,548,Basic,10,3,0,24,8,1000,0,0,0
EG_WAL_10614,Gharbia,298,Verified_Tier1,10,1,0,49,5,1000,1,0,1
EG_WAL_10615,Asyut,405,Basic,12,5,0,46,6,5000,1,0,1
EG_WAL_10616,Cairo,33,Basic,15,4,0,57,0,0,1,0,1
EG_WAL_10617,Cairo,167,Basic,11,2,3,65,2,1000,1,0,1
EG_WAL_10618,Gharbia,260,Verified_Tier1,10,6,0,78,1,1000,1,0,1
EG_WAL_10619,Alexandria,629,Basic,11,3,1,12,8,2500,0,0,0
EG_WAL_10620,Cairo,558,Basic,14,6,0,41,9,5000,0,0,0
EG_WAL_10621,Cairo,81,Verified_Tier1,12,5,0,14,7,500,0,0,0
EG_WAL_10622,Cairo,675,Basic,13,3,0,5,2,500,0,0,0
EG_WAL_10623,Giza,354,Verified_Tier1,12,6,0,84,9,2500,1,0,1
EG_WAL_10624,Giza,306,Verified_Tier1,14,8,0,41,7,2500,0,0,0
EG_WAL_10625,Cairo,565,Basic,9,4,0,89,9,1000,1,0,1
EG_WAL_10626,Giza,515,Basic,9,5,4,34,7,500,0,0,0
EG_WAL_10627,Alexandria,545,Basic,8,4,0,81,7,5000,1,0,1
EG_WAL_10628,Cairo,181,Verified_Tier1,15,1,0,5,3,1000,0,0,0
EG_WAL_10629,Cairo,512,Verified_Tier1,16,5,1,77,6,500,1,0,1
EG_WAL_10630,Alexandria,288,Basic,11,4,0,17,9,5000,0,0,0
EG_WAL_10631,Gharbia,353,Basic,18,3,0,42,7,500,0,0,0
EG_WAL_10632,Giza,197,Basic,14,4,0,19,9,1000,0,0,0
EG_WAL_10633,Giza,717,Basic,18,4,0,78,4,5000,1,0,0.97
EG_WAL_10634,Cairo,339,Basic,13,2,0,52,8,500,1,0,1
EG_WAL_10635,Giza,508,Verified_Tier1,10,3,0,47,8,500,1,0,1
EG_WAL_10636,Giza,85,Basic,12,9,2,26,2,500,0,0,0
EG_WAL_10637,Cairo,649,Verified_Tier1,9,5,0,87,2,1000,1,0,1
EG_WAL_10638,Cairo,502,Basic,15,4,0,75,7,1000,1,0,1
EG_WAL_10639,Cairo,325,Basic,9,2,0,0,6,5000,0,0,0
EG_WAL_10640,Cairo,490,Basic,12,5,0,13,8,2500,0,0,0
EG_WAL_10641,Cairo,353,Verified_Tier1,14,5,2,31,1,500,0,0,0
EG_WAL_10642,Cairo,170,Basic,11,4,0,66,1,500,1,0,1
EG_WAL_10643,Cairo,696,Basic,8,4,0,9,6,500,0,0,0
EG_WAL_10644,Cairo,291,Basic,10,13,1,25,7,1000,0,0,0.03
EG_WAL_10645,Gharbia,449,Verified_Tier1,10,1,1,73,2,500,1,0,1
EG_WAL_10646,Giza,270,Basic,11,6,0,64,0,0,1,0,1
EG_WAL_10647,Alexandria,384,Basic,10,4,0,49,9,1000,1,0,1
EG_WAL_10648,Alexandria,618,Verified_Tier1,13,3,0,48,6,1000,1,0,1
EG_WAL_10649,Giza,209,Verified_Tier1,8,5,1,31,5,1000,0,0,0
EG_WAL_10650,Cairo,95,Basic,12,10,1,82,0,0,1,0,1
EG_WAL_10651,Giza,377,Verified_Tier1,17,3,1,64,8,2500,1,0,1
EG_WAL_10652,Giza,200,Basic,17,3,1,25,5,1000,0,0,0
EG_WAL_10653,Alexandria,503,Verified_Tier1,10,5,1,68,4,2500,1,0,1
EG_WAL_10654,Giza,563,Verified_Tier1,12,5,0,25,2,1000,0,0,0
EG_WAL_10655,Cairo,396,Basic,13,4,0,64,8,1000,1,0,1
EG_WAL_10656,Cairo,136,Verified_Tier1,16,2,0,11,6,500,0,0,0
EG_WAL_10657,Cairo,468,Basic,20,4,0,35,3,1000,0,0,0
EG_WAL_10658,Giza,256,Basic,12,3,0,23,0,0,0,0,0
EG_WAL_10659,Giza,473,Verified_Tier1,9,4,0,41,3,5000,0,0,0
EG_WAL_10660,Cairo,471,Verified_Tier1,14,3,1,54,2,5000,1,0,1
EG_WAL_10661,Asyut,425,Basic,11,2,0,54,5,500,1,0,1
EG_WAL_10662,Giza,610,Basic,15,4,0,88,0,0,1,0,1
EG_WAL_10663,Cairo,113,Basic,22,8,0,7,3,5000,0,0,0
EG_WAL_10664,Cairo,644,Merchant,15,5,0,75,0,0,1,0,1
EG_WAL_10665,Cairo,580,Verified_Tier1,6,2,4,60,0,0,1,0,0.98
EG_WAL_10666,Cairo,42,Verified_Tier1,12,4,0,26,5,2500,0,0,0
EG_WAL_10667,Cairo,522,Basic,17,4,0,75,5,2500,1,0,1
EG_WAL_10668,Cairo,297,Verified_Tier1,11,0,0,62,8,2500,1,0,0.99
EG_WAL_10669,Cairo,554,Verified_Tier1,12,2,0,31,6,5000,0,0,0
EG_WAL_10670,Cairo,149,Verified_Tier1,11,2,1,59,5,5000,1,0,1
EG_WAL_10671,Gharbia,382,Basic,8,6,0,34,2,1000,0,0,0
EG_WAL_10672,Cairo,86,Basic,8,2,0,15,2,5000,0,0,0
EG_WAL_10673,Giza,69,Basic,12,2,1,35,4,5000,0,0,0
EG_WAL_10674,Giza,365,Verified_Tier1,12,2,1,55,5,5000,1,0,1
EG_WAL_10675,Asyut,669,Basic,10,7,0,29,5,5000,0,0,0
EG_WAL_10676,Cairo,202,Verified_Tier1,13,4,2,31,7,500,0,0,0
EG_WAL_10677,Cairo,576,Basic,8,5,2,78,7,1000,1,0,1
EG_WAL_10678,Asyut,288,Verified_Tier1,13,2,0,20,0,0,0,0,0
EG_WAL_10679,Gharbia,546,Basic,17,1,2,55,2,500,1,0,0.99
EG_WAL_10680,Gharbia,552,Basic,6,5,1,39,4,2500,0,0,0
EG_WAL_10681,Cairo,146,Basic,17,3,0,53,8,500,1,0,1
EG_WAL_10682,Cairo,213,Basic,14,2,2,29,3,2500,0,0,0
EG_WAL_10683,Alexandria,145,Basic,13,4,0,88,4,500,1,0,1
EG_WAL_10684,Asyut,191,Verified_Tier1,16,4,0,19,0,0,0,0,0
EG_WAL_10685,Giza,608,Basic,10,3,1,73,6,500,1,0,1
EG_WAL_10686,Giza,572,Basic,12,5,0,0,1,2500,0,0,0
EG_WAL_10687,Cairo,616,Basic,16,2,0,73,0,0,1,0,1
EG_WAL_10688,Alexandria,266,Basic,14,1,0,17,1,2500,0,0,0
EG_WAL_10689,Cairo,95,Basic,17,3,1,56,7,5000,1,0,1
EG_WAL_10690,Cairo,99,Basic,9,5,1,58,0,0,1,0,1
EG_WAL_10691,Giza,476,Basic,15,3,0,12,0,0,0,0,0
EG_WAL_10692,Giza,445,Basic,9,4,1,31,0,0,0,0,0
EG_WAL_10693,Cairo,561,Verified_Tier1,8,7,0,85,1,1000,1,0,1
EG_WAL_10694,Cairo,470,Basic,10,6,0,69,0,0,1,0,1
EG_WAL_10695,Giza,493,Basic,13,5,0,32,1,500,0,0,0
EG_WAL_10696,Cairo,425,Basic,14,2,1,64,6,1000,1,0,1
EG_WAL_10697,Giza,580,Verified_Tier1,19,4,1,2,0,0,0,0,0
EG_WAL_10698,Cairo,686,Verified_Tier1,15,4,0,4,9,500,0,0,0
EG_WAL_10699,Giza,586,Verified_Tier1,8,3,0,11,1,2500,0,0,0
EG_WAL_10700,Giza,424,Basic,11,1,0,32,2,500,0,0,0
EG_WAL_10701,Cairo,355,Verified_Tier1,12,1,0,26,1,5000,0,0,0
EG_WAL_10702,Cairo,120,Basic,9,7,1,12,2,500,0,0,0
EG_WAL_10703,Cairo,99,Basic,12,5,0,74,6,2500,1,0,1
EG_WAL_10704,Cairo,195,Verified_Tier1,18,4,0,74,1,2500,1,0,1
EG_WAL_10705,Asyut,671,Basic,7,0,1,35,2,500,0,0,0
EG_WAL_10706,Cairo,243,Merchant,15,2,1,57,5,1000,1,0,1
EG_WAL_10707,Gharbia,630,Basic,17,10,0,63,3,5000,1,0,1
EG_WAL_10708,Cairo,364,Merchant,7,6,0,49,0,0,1,0,1
EG_WAL_10709,Alexandria,398,Verified_Tier1,11,3,0,50,7,5000,1,0,1
EG_WAL_10710,Alexandria,613,Basic,12,1,2,3,6,2500,0,0,0
EG_WAL_10711,Giza,706,Basic,6,2,1,43,7,5000,0,0,0.02
EG_WAL_10712,Giza,78,Basic,13,5,0,17,8,5000,0,0,0
EG_WAL_10713,Giza,81,Verified_Tier1,11,6,1,17,8,2500,0,0,0
EG_WAL_10714,Cairo,318,Basic,13,9,0,5,2,5000,0,0,0
EG_WAL_10715,Asyut,655,Verified_Tier1,7,4,1,58,8,1000,1,0,1
EG_WAL_10716,Gharbia,268,Merchant,13,6,0,62,5,1000,1,0,0.99
EG_WAL_10717,Asyut,162,Basic,12,5,0,42,9,500,0,0,0
EG_WAL_10718,Cairo,195,Basic,7,3,0,68,9,500,1,0,1
EG_WAL_10719,Alexandria,403,Verified_Tier1,14,4,0,74,1,1000,1,0,1
EG_WAL_10720,Asyut,402,Basic,13,4,0,68,0,0,1,0,1
EG_WAL_10721,Cairo,507,Basic,14,5,0,8,3,5000,0,0,0
EG_WAL_10722,Cairo,508,Basic,12,2,2,22,8,2500,0,0,0.01
EG_WAL_10723,Alexandria,679,Basic,12,3,0,10,1,500,0,0,0
EG_WAL_10724,Giza,620,Verified_Tier1,12,5,0,60,0,0,1,0,1
EG_WAL_10725,Gharbia,711,Basic,18,6,0,78,1,1000,1,0,1
EG_WAL_10726,Cairo,664,Merchant,16,7,1,88,6,2500,1,0,0.99
EG_WAL_10727,Alexandria,717,Basic,14,3,0,16,4,500,0,0,0
EG_WAL_10728,Cairo,329,Verified_Tier1,13,3,0,49,4,500,1,0,1
EG_WAL_10729,Cairo,111,Basic,11,1,1,52,9,2500,1,0,1
EG_WAL_10730,Cairo,116,Basic,7,4,2,89,3,2500,1,0,1
EG_WAL_10731,Gharbia,254,Basic,9,3,0,13,0,0,0,0,0
EG_WAL_10732,Alexandria,45,Verified_Tier1,8,4,1,38,7,500,0,0,0.01
EG_WAL_10733,Giza,387,Verified_Tier1,17,3,1,54,0,0,1,0,1
EG_WAL_10734,Cairo,192,Basic,14,3,0,8,9,5000,0,0,0
EG_WAL_10735,Gharbia,639,Basic,11,1,0,62,2,500,1,0,1
EG_WAL_10736,Cairo,697,Basic,13,5,0,26,1,500,0,0,0
EG_WAL_10737,Gharbia,543,Basic,13,6,1,34,1,2500,0,0,0
EG_WAL_10738,Giza,379,Verified_Tier1,11,6,0,79,8,2500,1,0,1
EG_WAL_10739,Cairo,710,Verified_Tier1,8,1,0,59,8,5000,1,0,1
EG_WAL_10740,Giza,493,Basic,15,2,0,85,4,500,1,0,1
EG_WAL_10741,Cairo,404,Merchant,12,5,0,29,1,2500,0,0,0
EG_WAL_10742,Alexandria,121,Basic,13,4,0,89,9,500,1,0,1
EG_WAL_10743,Giza,210,Verified_Tier1,11,4,1,38,6,2500,0,0,0
EG_WAL_10744,Cairo,330,Basic,12,4,0,51,7,5000,1,0,1
EG_WAL_10745,Gharbia,689,Basic,13,9,0,57,8,1000,1,0,1
EG_WAL_10746,Cairo,218,Basic,19,7,1,64,3,5000,1,0,1
EG_WAL_10747,Giza,343,Basic,11,2,0,75,0,0,1,0,1
EG_WAL_10748,Asyut,522,Verified_Tier1,12,10,0,80,6,500,1,0,1
EG_WAL_10749,Giza,157,Verified_Tier1,13,2,0,88,6,2500,1,0,1
EG_WAL_10750,Cairo,548,Basic,13,8,1,28,0,0,0,0,0
EG_WAL_10751,Asyut,455,Verified_Tier1,10,7,2,57,3,500,1,0,0.99
EG_WAL_10752,Giza,588,Basic,12,6,0,41,3,500,0,0,0
EG_WAL_10753,Cairo,594,Verified_Tier1,9,4,0,27,0,0,0,0,0
EG_WAL_10754,Cairo,216,Basic,10,2,0,82,6,5000,1,0,1
EG_WAL_10755,Alexandria,579,Basic,13,3,1,9,2,2500,0,0,0
EG_WAL_10756,Giza,482,Basic,12,3,0,10,0,0,0,0,0
EG_WAL_10757,Giza,500,Basic,12,4,0,73,6,1000,1,0,1
EG_WAL_10758,Gharbia,594,Verified_Tier1,7,4,0,59,2,1000,1,0,1
EG_WAL_10759,Alexandria,253,Basic,19,1,0,29,2,5000,0,0,0
EG_WAL_10760,Cairo,183,Basic,13,5,2,48,2,5000,1,0,1
EG_WAL_10761,Cairo,589,Basic,14,6,0,70,3,5000,1,0,1
EG_WAL_10762,Cairo,380,Verified_Tier1,12,7,0,68,4,5000,1,0,1
EG_WAL_10763,Alexandria,176,Verified_Tier1,9,7,0,59,0,0,1,0,1
EG_WAL_10764,Cairo,605,Basic,13,4,1,27,2,500,0,0,0
EG_WAL_10765,Giza,378,Basic,11,6,0,19,0,0,0,0,0
EG_WAL_10766,Alexandria,211,Verified_Tier1,10,5,0,58,2,500,1,0,1
EG_WAL_10767,Gharbia,666,Basic,12,5,2,11,2,5000,0,0,0
EG_WAL_10768,Cairo,208,Basic,13,4,1,4,3,2500,0,0,0
EG_WAL_10769,Gharbia,68,Basic,10,3,0,29,9,1000,0,0,0
EG_WAL_10770,Cairo,32,Basic,12,7,1,32,0,0,0,0,0.01
EG_WAL_10771,Gharbia,93,Basic,14,3,0,9,4,500,0,0,0
EG_WAL_10772,Cairo,58,Verified_Tier1,8,5,0,38,3,500,0,0,0
EG_WAL_10773,Cairo,401,Basic,11,3,0,75,4,2500,1,0,1
EG_WAL_10774,Alexandria,552,Verified_Tier1,6,3,1,65,5,1000,1,0,1
EG_WAL_10775,Cairo,126,Basic,13,4,0,59,2,1000,1,0,1
EG_WAL_10776,Cairo,471,Verified_Tier1,21,2,0,40,2,1000,0,0,0
EG_WAL_10777,Alexandria,232,Basic,11,4,0,68,4,5000,1,0,1
EG_WAL_10778,Alexandria,440,Basic,14,4,2,36,4,1000,0,0,0
EG_WAL_10779,Giza,50,Basic,17,6,0,77,8,500,1,0,1
EG_WAL_10780,Alexandria,580,Basic,11,2,0,89,6,2500,1,0,1
EG_WAL_10781,Giza,131,Basic,15,10,1,7,5,5000,0,0,0
EG_WAL_10782,Cairo,75,Verified_Tier1,18,4,0,56,1,5000,1,0,1
EG_WAL_10783,Cairo,95,Basic,7,4,0,66,8,1000,1,0,1
EG_WAL_10784,Cairo,632,Merchant,12,3,0,27,9,2500,0,0,0
EG_WAL_10785,Asyut,193,Merchant,13,3,0,13,2,500,0,0,0
EG_WAL_10786,Giza,140,Basic,11,6,0,10,6,500,0,0,0
EG_WAL_10787,Giza,367,Merchant,10,4,1,28,7,500,0,0,0
EG_WAL_10788,Giza,152,Basic,10,3,0,53,8,2500,1,0,1
EG_WAL_10789,Asyut,476,Basic,17,2,0,75,4,2500,1,0,1
EG_WAL_10790,Cairo,640,Basic,10,3,0,8,5,1000,0,0,0
EG_WAL_10791,Giza,320,Basic,14,3,0,35,5,2500,0,0,0
EG_WAL_10792,Giza,700,Basic,13,4,0,18,4,2500,0,0,0
EG_WAL_10793,Giza,441,Merchant,14,5,0,6,6,1000,0,0,0
EG_WAL_10794,Cairo,644,Basic,14,4,0,16,0,0,0,0,0
EG_WAL_10795,Gharbia,310,Basic,16,2,0,47,4,500,1,0,1
EG_WAL_10796,Asyut,72,Verified_Tier1,14,2,0,50,9,5000,1,0,0.99
EG_WAL_10797,Giza,515,Basic,8,2,0,86,5,500,1,0,1
EG_WAL_10798,Alexandria,625,Basic,13,2,1,75,2,5000,1,0,1
EG_WAL_10799,Asyut,80,Verified_Tier1,10,3,0,70,1,2500,1,0,1
EG_WAL_10800,Alexandria,239,Basic,17,2,0,88,3,5000,1,0,1
EG_WAL_10801,Cairo,155,Basic,14,3,0,77,2,5000,1,0,1
EG_WAL_10802,Giza,521,Basic,18,4,0,57,5,1000,1,0,1
EG_WAL_10803,Giza,538,Basic,9,3,0,88,5,2500,1,0,1
EG_WAL_10804,Giza,610,Merchant,16,5,0,74,3,2500,1,0,1
EG_WAL_10805,Alexandria,287,Verified_Tier1,15,3,1,74,3,500,1,0,1
EG_WAL_10806,Asyut,217,Basic,12,3,0,6,9,1000,0,0,0
EG_WAL_10807,Asyut,259,Basic,13,3,0,61,9,2500,1,0,1
EG_WAL_10808,Giza,218,Basic,12,7,0,66,9,5000,1,0,1
EG_WAL_10809,Cairo,444,Merchant,5,3,0,14,1,5000,0,0,0
EG_WAL_10810,Asyut,39,Basic,12,3,1,66,6,5000,1,0,1
EG_WAL_10811,Gharbia,143,Basic,10,5,1,52,8,2500,1,0,1
EG_WAL_10812,Cairo,105,Verified_Tier1,3,6,0,40,8,2500,0,0,0
EG_WAL_10813,Asyut,705,Merchant,9,2,2,16,9,500,0,0,0
EG_WAL_10814,Gharbia,531,Basic,13,1,0,56,1,500,1,0,1
EG_WAL_10815,Giza,114,Basic,11,5,0,43,8,2500,0,0,0
EG_WAL_10816,Giza,78,Basic,11,5,0,70,4,5000,1,0,1
EG_WAL_10817,Cairo,524,Basic,7,9,0,74,5,1000,1,0,1
EG_WAL_10818,Cairo,718,Verified_Tier1,19,1,2,63,0,0,1,0,0.99
EG_WAL_10819,Cairo,416,Verified_Tier1,11,5,0,19,6,2500,0,0,0
EG_WAL_10820,Gharbia,418,Verified_Tier1,6,2,1,0,7,5000,0,0,0
EG_WAL_10821,Cairo,247,Basic,4,2,0,84,4,500,1,0,1
EG_WAL_10822,Cairo,375,Basic,17,5,0,30,5,500,0,0,0
EG_WAL_10823,Cairo,259,Basic,11,7,0,16,3,2500,0,0,0
EG_WAL_10824,Giza,284,Basic,16,4,0,88,2,5000,1,0,1
EG_WAL_10825,Asyut,265,Verified_Tier1,11,3,3,40,2,500,0,0,0
EG_WAL_10826,Cairo,55,Basic,10,3,1,75,1,500,1,0,1
EG_WAL_10827,Cairo,613,Basic,11,3,0,27,9,2500,0,0,0
EG_WAL_10828,Alexandria,290,Basic,10,4,0,48,5,500,1,0,1
EG_WAL_10829,Giza,300,Basic,12,4,0,89,8,2500,1,0,1
EG_WAL_10830,Cairo,152,Basic,7,6,0,54,2,2500,1,0,1
EG_WAL_10831,Giza,685,Verified_Tier1,10,3,0,7,0,0,0,0,0
EG_WAL_10832,Cairo,286,Basic,13,2,0,31,9,500,0,0,0
EG_WAL_10833,Cairo,685,Verified_Tier1,11,4,1,50,0,0,1,0,1
EG_WAL_10834,Giza,450,Basic,12,3,1,89,3,5000,1,0,1
EG_WAL_10835,Giza,288,Basic,11,7,2,68,0,0,1,0,1
EG_WAL_10836,Asyut,76,Verified_Tier1,12,3,1,37,9,5000,0,0,0
EG_WAL_10837,Cairo,554,Basic,5,5,0,76,1,1000,1,0,1
EG_WAL_10838,Giza,237,Verified_Tier1,9,3,0,18,3,500,0,0,0
EG_WAL_10839,Giza,340,Basic,20,5,0,5,3,500,0,0,0
EG_WAL_10840,Cairo,178,Basic,13,3,0,44,7,5000,0,0,0
EG_WAL_10841,Alexandria,467,Verified_Tier1,7,5,0,69,3,2500,1,0,1
EG_WAL_10842,Cairo,184,Verified_Tier1,13,5,0,15,2,5000,0,0,0
EG_WAL_10843,Asyut,707,Verified_Tier1,10,5,0,53,3,1000,1,0,1
EG_WAL_10844,Cairo,119,Basic,12,4,0,81,4,1000,1,0,1
EG_WAL_10845,Giza,387,Basic,4,2,0,31,4,500,0,0,0
EG_WAL_10846,Cairo,203,Verified_Tier1,12,4,0,28,3,2500,0,0,0
EG_WAL_10847,Asyut,246,Verified_Tier1,7,4,0,51,9,500,1,0,1
EG_WAL_10848,Giza,485,Basic,13,6,0,80,1,500,1,0,1
EG_WAL_10849,Giza,638,Basic,15,3,0,68,2,1000,1,0,1
EG_WAL_10850,Cairo,658,Verified_Tier1,10,6,1,28,9,500,0,0,0
EG_WAL_10851,Alexandria,228,Basic,10,4,0,2,9,1000,0,0,0
EG_WAL_10852,Cairo,515,Basic,7,6,0,50,2,500,1,0,1
EG_WAL_10853,Gharbia,562,Verified_Tier1,4,6,0,67,4,1000,1,0,1
EG_WAL_10854,Cairo,229,Basic,7,6,0,43,1,1000,0,0,0
EG_WAL_10855,Cairo,400,Basic,6,2,0,24,1,5000,0,0,0
EG_WAL_10856,Cairo,477,Verified_Tier1,18,6,0,21,9,1000,0,0,0
EG_WAL_10857,Giza,277,Basic,11,2,0,41,1,1000,0,0,0
EG_WAL_10858,Giza,293,Verified_Tier1,9,4,0,74,5,2500,1,0,1
EG_WAL_10859,Cairo,87,Basic,15,7,0,7,7,1000,0,0,0
EG_WAL_10860,Alexandria,331,Basic,10,6,0,43,9,2500,0,0,0
EG_WAL_10861,Giza,60,Basic,9,5,4,52,5,2500,1,1,1
EG_WAL_10862,Giza,527,Merchant,11,2,1,85,3,500,1,0,1
EG_WAL_10863,Giza,278,Basic,11,4,0,66,7,1000,1,0,1
EG_WAL_10864,Giza,634,Basic,10,3,1,26,3,500,0,0,0
EG_WAL_10865,Giza,300,Basic,16,5,0,10,8,500,0,0,0
EG_WAL_10866,Cairo,635,Basic,15,2,0,26,7,1000,0,0,0
EG_WAL_10867,Cairo,695,Basic,10,6,0,6,3,1000,0,0,0
EG_WAL_10868,Gharbia,423,Basic,14,3,0,74,6,5000,1,0,1
EG_WAL_10869,Asyut,531,Basic,12,4,0,56,9,500,1,0,1
EG_WAL_10870,Cairo,621,Basic,12,2,0,88,8,500,1,0,1
EG_WAL_10871,Cairo,113,Verified_Tier1,19,5,0,38,5,5000,0,0,0
EG_WAL_10872,Giza,394,Verified_Tier1,13,4,0,50,0,0,1,0,1
EG_WAL_10873,Giza,578,Basic,9,2,0,79,5,5000,1,0,1
EG_WAL_10874,Cairo,371,Basic,12,3,1,20,7,2500,0,0,0
EG_WAL_10875,Cairo,436,Verified_Tier1,8,6,0,89,8,2500,1,0,1
EG_WAL_10876,Alexandria,454,Verified_Tier1,15,4,0,56,0,0,1,0,1
EG_WAL_10877,Alexandria,122,Basic,16,4,0,50,4,5000,1,0,1
EG_WAL_10878,Cairo,643,Verified_Tier1,14,3,3,16,4,2500,0,0,0
EG_WAL_10879,Cairo,441,Basic,11,4,0,30,7,500,0,0,0
EG_WAL_10880,Cairo,461,Basic,9,5,1,13,6,1000,0,0,0
EG_WAL_10881,Alexandria,707,Basic,13,7,0,86,4,500,1,0,0.98
EG_WAL_10882,Cairo,188,Verified_Tier1,16,2,0,1,5,2500,0,0,0
EG_WAL_10883,Cairo,43,Basic,11,1,0,89,7,2500,1,0,1
EG_WAL_10884,Alexandria,402,Verified_Tier1,14,1,0,25,5,2500,0,0,0
EG_WAL_10885,Cairo,254,Basic,8,5,0,21,9,1000,0,0,0
EG_WAL_10886,Alexandria,534,Basic,5,3,1,27,4,5000,0,0,0
EG_WAL_10887,Cairo,102,Basic,11,4,0,5,9,1000,0,0,0
EG_WAL_10888,Cairo,278,Verified_Tier1,13,2,2,18,0,0,0,0,0
EG_WAL_10889,Cairo,540,Basic,15,3,0,55,7,2500,1,0,1
EG_WAL_10890,Alexandria,632,Basic,9,1,0,20,7,1000,0,0,0.01
EG_WAL_10891,Gharbia,245,Basic,9,5,0,41,5,1000,0,0,0
EG_WAL_10892,Gharbia,631,Verified_Tier1,10,7,2,19,6,1000,0,0,0
EG_WAL_10893,Cairo,570,Basic,16,5,0,78,6,5000,1,0,1
EG_WAL_10894,Alexandria,249,Basic,11,7,1,43,1,500,0,0,0
EG_WAL_10895,Cairo,250,Basic,9,2,1,30,5,2500,0,0,0
EG_WAL_10896,Cairo,418,Merchant,10,5,0,8,6,2500,0,0,0
EG_WAL_10897,Gharbia,583,Verified_Tier1,6,5,2,49,7,2500,1,0,1
EG_WAL_10898,Cairo,676,Verified_Tier1,17,3,0,80,1,1000,1,0,1
EG_WAL_10899,Cairo,71,Basic,12,5,0,82,9,5000,1,0,1
EG_WAL_10900,Cairo,705,Basic,11,3,0,31,7,1000,0,0,0
EG_WAL_10901,Cairo,312,Verified_Tier1,10,7,3,73,1,1000,1,0,1
EG_WAL_10902,Cairo,87,Basic,8,4,2,39,8,500,0,0,0
EG_WAL_10903,Giza,566,Basic,8,2,0,51,1,500,1,0,1
EG_WAL_10904,Giza,102,Basic,14,7,0,68,2,5000,1,0,1
EG_WAL_10905,Gharbia,158,Verified_Tier1,17,7,0,76,7,500,1,0,1
EG_WAL_10906,Gharbia,628,Basic,10,5,1,26,5,5000,0,0,0
EG_WAL_10907,Cairo,455,Basic,11,4,0,1,8,1000,0,0,0
EG_WAL_10908,Cairo,694,Verified_Tier1,8,4,0,0,7,1000,0,0,0
EG_WAL_10909,Cairo,154,Basic,13,1,0,7,9,2500,0,0,0
EG_WAL_10910,Giza,96,Basic,7,5,0,9,5,500,0,0,0
EG_WAL_10911,Cairo,35,Merchant,8,3,1,68,2,1000,1,0,1
EG_WAL_10912,Giza,666,Merchant,11,5,0,65,2,500,1,0,1
EG_WAL_10913,Giza,343,Verified_Tier1,15,7,0,40,1,5000,0,0,0
EG_WAL_10914,Giza,355,Verified_Tier1,14,1,0,47,7,500,1,0,0.99
EG_WAL_10915,Giza,594,Basic,12,2,2,80,9,1000,1,0,0.99
EG_WAL_10916,Cairo,607,Verified_Tier1,11,5,0,47,4,5000,1,0,1
EG_WAL_10917,Asyut,535,Basic,9,2,0,32,8,500,0,0,0
EG_WAL_10918,Alexandria,111,Verified_Tier1,9,3,0,88,4,500,1,0,1
EG_WAL_10919,Cairo,628,Verified_Tier1,12,5,0,68,4,1000,1,0,1
EG_WAL_10920,Gharbia,31,Verified_Tier1,14,3,0,50,7,1000,1,0,0.96
EG_WAL_10921,Giza,233,Verified_Tier1,8,3,0,63,7,5000,1,0,1
EG_WAL_10922,Gharbia,691,Verified_Tier1,11,3,0,81,1,500,1,0,0.99
EG_WAL_10923,Alexandria,433,Basic,14,1,0,22,7,2500,0,0,0
EG_WAL_10924,Giza,132,Verified_Tier1,8,8,0,51,6,5000,1,0,1
EG_WAL_10925,Cairo,565,Basic,21,8,0,81,5,2500,1,0,1
EG_WAL_10926,Cairo,397,Basic,10,5,0,74,2,2500,1,0,1
EG_WAL_10927,Giza,241,Basic,8,3,1,42,4,5000,0,0,0
EG_WAL_10928,Giza,606,Basic,21,7,3,73,1,5000,1,0,0.99
EG_WAL_10929,Cairo,238,Verified_Tier1,14,5,0,9,8,5000,0,0,0
EG_WAL_10930,Cairo,146,Merchant,11,7,2,72,4,5000,1,0,1
EG_WAL_10931,Gharbia,657,Basic,11,1,0,76,7,1000,1,0,1
EG_WAL_10932,Asyut,507,Basic,12,2,3,86,4,2500,1,0,1
EG_WAL_10933,Giza,134,Basic,10,3,0,0,9,1000,0,0,0
EG_WAL_10934,Cairo,524,Merchant,13,6,0,15,8,500,0,0,0
EG_WAL_10935,Cairo,75,Basic,11,1,0,18,0,0,0,0,0
EG_WAL_10936,Cairo,360,Verified_Tier1,12,2,0,75,5,5000,1,0,1
EG_WAL_10937,Asyut,245,Verified_Tier1,9,6,0,4,7,2500,0,0,0
EG_WAL_10938,Cairo,521,Basic,16,3,0,54,6,2500,1,0,1
EG_WAL_10939,Giza,478,Verified_Tier1,8,2,1,61,1,2500,1,0,1
EG_WAL_10940,Cairo,565,Verified_Tier1,9,7,0,4,1,2500,0,0,0
EG_WAL_10941,Giza,540,Verified_Tier1,11,3,0,6,9,5000,0,0,0
EG_WAL_10942,Alexandria,487,Basic,10,6,1,77,0,0,1,0,1
EG_WAL_10943,Gharbia,576,Basic,15,5,0,32,0,0,0,0,0
EG_WAL_10944,Cairo,565,Verified_Tier1,8,2,0,5,2,500,0,0,0
EG_WAL_10945,Cairo,569,Basic,9,6,0,81,2,500,1,0,1
EG_WAL_10946,Cairo,513,Verified_Tier1,13,1,1,5,7,500,0,0,0
EG_WAL_10947,Asyut,45,Basic,13,3,1,50,8,1000,1,0,1
EG_WAL_10948,Gharbia,600,Basic,9,1,0,11,4,2500,0,0,0.01
EG_WAL_10949,Giza,272,Basic,13,4,0,74,0,0,1,0,1
EG_WAL_10950,Giza,236,Basic,7,5,0,3,1,500,0,0,0
EG_WAL_10951,Alexandria,300,Basic,13,4,0,76,3,500,1,0,1
EG_WAL_10952,Cairo,144,Basic,14,4,1,0,8,5000,0,0,0
EG_WAL_10953,Asyut,609,Basic,13,2,1,51,4,5000,1,0,1
EG_WAL_10954,Giza,328,Verified_Tier1,11,3,0,52,8,5000,1,0,1
EG_WAL_10955,Cairo,512,Verified_Tier1,20,4,1,13,0,0,0,0,0
EG_WAL_10956,Giza,426,Basic,13,3,0,20,8,5000,0,0,0
EG_WAL_10957,Cairo,423,Basic,16,5,1,30,7,1000,0,0,0
EG_WAL_10958,Cairo,104,Basic,8,0,1,40,0,0,0,0,0
EG_WAL_10959,Alexandria,511,Basic,13,3,0,56,6,500,1,0,1
EG_WAL_10960,Cairo,132,Basic,11,3,0,6,4,2500,0,0,0
EG_WAL_10961,Giza,326,Basic,16,1,1,60,9,1000,1,0,1
EG_WAL_10962,Cairo,207,Basic,13,4,0,14,7,5000,0,0,0
EG_WAL_10963,Cairo,244,Verified_Tier1,11,7,3,8,3,500,0,0,0.01
EG_WAL_10964,Cairo,344,Basic,10,1,1,59,1,500,1,0,1
EG_WAL_10965,Cairo,68,Verified_Tier1,10,5,1,55,0,0,1,0,1
EG_WAL_10966,Alexandria,288,Basic,10,6,0,87,6,2500,1,0,1
EG_WAL_10967,Cairo,36,Merchant,14,3,4,14,0,0,0,0,0
EG_WAL_10968,Giza,78,Basic,13,4,0,84,8,5000,1,0,1
EG_WAL_10969,Giza,567,Basic,11,10,0,87,0,0,1,0,1
EG_WAL_10970,Alexandria,190,Basic,16,3,1,6,5,1000,0,0,0
EG_WAL_10971,Asyut,205,Basic,9,8,0,23,1,5000,0,0,0
EG_WAL_10972,Alexandria,620,Basic,6,2,0,56,5,5000,1,0,1
EG_WAL_10973,Cairo,31,Basic,17,4,2,86,5,2500,1,0,0.98
EG_WAL_10974,Cairo,484,Verified_Tier1,14,6,0,63,4,5000,1,0,1
EG_WAL_10975,Cairo,673,Basic,13,4,0,24,4,1000,0,0,0
EG_WAL_10976,Giza,305,Verified_Tier1,15,5,0,71,7,2500,1,0,1
EG_WAL_10977,Cairo,527,Basic,7,4,0,33,6,1000,0,0,0
EG_WAL_10978,Giza,658,Verified_Tier1,14,4,1,53,4,2500,1,0,1
EG_WAL_10979,Giza,705,Basic,10,5,0,85,3,5000,1,0,0.99
EG_WAL_10980,Cairo,57,Basic,11,7,0,33,0,0,0,0,0
EG_WAL_10981,Alexandria,362,Basic,9,2,0,27,1,500,0,0,0
EG_WAL_10982,Cairo,30,Basic,14,8,0,0,9,2500,0,0,0
EG_WAL_10983,Cairo,217,Basic,16,3,2,36,6,500,0,0,0.01
EG_WAL_10984,Alexandria,85,Basic,12,3,0,29,9,5000,0,0,0
EG_WAL_10985,Giza,576,Verified_Tier1,10,2,1,24,0,0,0,0,0
EG_WAL_10986,Alexandria,141,Verified_Tier1,12,5,1,59,8,2500,1,0,1
EG_WAL_10987,Giza,339,Basic,8,3,0,1,5,500,0,0,0
EG_WAL_10988,Cairo,65,Merchant,15,4,0,27,4,5000,0,0,0
EG_WAL_10989,Gharbia,468,Verified_Tier1,16,4,0,47,5,500,1,0,0.99
EG_WAL_10990,Alexandria,621,Verified_Tier1,7,2,1,27,0,0,0,0,0
EG_WAL_10991,Alexandria,624,Basic,10,5,2,86,1,2500,1,0,1
EG_WAL_10992,Cairo,606,Basic,15,0,0,23,6,2500,0,0,0
EG_WAL_10993,Giza,354,Basic,8,4,0,71,5,2500,1,0,1
EG_WAL_10994,Cairo,669,Verified_Tier1,13,4,0,17,6,5000,0,0,0
EG_WAL_10995,Cairo,336,Basic,12,1,0,19,5,5000,0,0,0
EG_WAL_10996,Asyut,563,Basic,8,2,1,67,6,2500,1,0,1
EG_WAL_10997,Cairo,648,Basic,11,2,0,7,6,500,0,0,0
EG_WAL_10998,Asyut,138,Basic,12,3,0,89,5,500,1,0,1
EG_WAL_10999,Giza,401,Verified_Tier1,11,2,3,55,7,5000,1,0,1
EG_WAL_11000,Cairo,386,Basic,18,4,0,60,6,1000,1,0,1
EG_WAL_11001,Giza,210,Verified_Tier1,9,3,2,38,8,1000,0,0,0
EG_WAL_11002,Gharbia,385,Verified_Tier1,11,1,1,83,4,1000,1,0,1
EG_WAL_11003,Alexandria,705,Basic,11,2,0,17,7,5000,0,0,0
EG_WAL_11004,Gharbia,97,Basic,11,5,1,58,7,2500,1,0,1
EG_WAL_11005,Alexandria,321,Verified_Tier1,9,3,0,17,7,5000,0,0,0
EG_WAL_11006,Alexandria,210,Basic,18,3,0,82,3,2500,1,0,1
EG_WAL_11007,Gharbia,495,Basic,11,0,0,41,8,2500,0,0,0.01
EG_WAL_11008,Cairo,463,Basic,11,0,0,52,9,2500,1,0,1
EG_WAL_11009,Giza,493,Basic,12,4,1,32,3,5000,0,0,0
EG_WAL_11010,Cairo,710,Basic,12,7,1,20,5,500,0,0,0.03
EG_WAL_11011,Asyut,563,Basic,10,4,0,70,5,500,1,0,1
EG_WAL_11012,Asyut,95,Basic,13,5,0,59,1,5000,1,0,1
EG_WAL_11013,Cairo,50,Basic,16,3,0,13,6,500,0,0,0
EG_WAL_11014,Alexandria,641,Verified_Tier1,8,3,0,32,6,1000,0,0,0
EG_WAL_11015,Asyut,413,Basic,21,5,0,3,0,0,0,0,0
EG_WAL_11016,Cairo,644,Verified_Tier1,18,4,2,42,4,500,0,0,0
EG_WAL_11017,Giza,588,Basic,11,5,0,1,8,500,0,0,0
EG_WAL_11018,Asyut,68,Verified_Tier1,10,2,1,39,9,500,0,0,0
EG_WAL_11019,Cairo,314,Basic,12,5,0,49,4,500,1,0,0.99
EG_WAL_11020,Alexandria,631,Verified_Tier1,9,6,2,62,9,500,1,0,1
EG_WAL_11021,Cairo,626,Basic,8,3,2,48,6,5000,1,0,1
EG_WAL_11022,Asyut,365,Verified_Tier1,10,2,0,63,8,1000,1,0,1
EG_WAL_11023,Asyut,217,Basic,11,3,0,49,0,0,1,0,1
EG_WAL_11024,Asyut,700,Basic,15,4,0,9,8,5000,0,0,0
EG_WAL_11025,Giza,272,Basic,12,3,0,84,3,2500,1,0,1
EG_WAL_11026,Gharbia,102,Verified_Tier1,9,9,0,22,0,0,0,0,0
EG_WAL_11027,Gharbia,508,Verified_Tier1,12,4,1,36,7,2500,0,0,0
EG_WAL_11028,Cairo,590,Basic,11,4,0,71,2,5000,1,0,1
EG_WAL_11029,Gharbia,130,Verified_Tier1,16,4,0,9,7,500,0,0,0
EG_WAL_11030,Cairo,543,Verified_Tier1,13,3,0,24,5,500,0,0,0
EG_WAL_11031,Giza,205,Verified_Tier1,19,2,0,32,5,5000,0,0,0
EG_WAL_11032,Cairo,267,Verified_Tier1,18,2,0,16,7,2500,0,0,0
EG_WAL_11033,Cairo,88,Verified_Tier1,10,3,1,23,8,5000,0,0,0
EG_WAL_11034,Cairo,128,Basic,12,2,0,48,7,2500,1,0,1
EG_WAL_11035,Alexandria,524,Verified_Tier1,10,8,0,29,6,2500,0,0,0
EG_WAL_11036,Cairo,543,Basic,5,4,1,64,2,5000,1,0,1
EG_WAL_11037,Alexandria,326,Merchant,8,4,1,80,3,500,1,0,1
EG_WAL_11038,Cairo,240,Basic,16,6,2,27,8,1000,0,0,0
EG_WAL_11039,Cairo,152,Basic,13,8,0,12,3,500,0,0,0
EG_WAL_11040,Giza,258,Basic,14,6,0,56,7,5000,1,0,1
EG_WAL_11041,Alexandria,623,Verified_Tier1,18,3,0,59,5,5000,1,0,1
EG_WAL_11042,Cairo,685,Verified_Tier1,9,5,0,9,4,5000,0,0,0
EG_WAL_11043,Giza,417,Basic,8,0,0,64,6,2500,1,0,1
EG_WAL_11044,Gharbia,169,Verified_Tier1,13,1,0,83,0,0,1,0,1
EG_WAL_11045,Giza,570,Verified_Tier1,10,5,0,6,9,1000,0,0,0
EG_WAL_11046,Cairo,420,Verified_Tier1,17,4,0,59,2,5000,1,0,1
EG_WAL_11047,Cairo,299,Basic,12,9,0,62,4,5000,1,0,1
EG_WAL_11048,Gharbia,41,Verified_Tier1,15,3,0,84,3,1000,1,0,1
EG_WAL_11049,Cairo,418,Basic,8,3,0,25,2,500,0,0,0
EG_WAL_11050,Gharbia,366,Verified_Tier1,16,5,0,70,2,500,1,0,1
EG_WAL_11051,Giza,535,Basic,17,3,0,37,8,5000,0,0,0
EG_WAL_11052,Asyut,135,Basic,18,3,1,53,4,5000,1,0,1
EG_WAL_11053,Alexandria,61,Verified_Tier1,14,1,0,44,2,1000,0,0,0
EG_WAL_11054,Asyut,103,Basic,15,3,1,57,4,2500,1,0,1
EG_WAL_11055,Cairo,200,Basic,12,7,1,40,8,2500,0,0,0
EG_WAL_11056,Alexandria,98,Verified_Tier1,6,1,0,44,2,500,0,0,0.01
EG_WAL_11057,Giza,391,Basic,20,5,4,33,4,5000,0,0,0
EG_WAL_11058,Giza,678,Basic,14,4,0,75,1,5000,1,0,1
EG_WAL_11059,Giza,462,Basic,8,4,3,75,7,2500,1,0,1
EG_WAL_11060,Gharbia,129,Basic,11,3,1,57,5,5000,1,0,1
EG_WAL_11061,Asyut,687,Basic,15,2,2,78,7,2500,1,0,0.99
EG_WAL_11062,Alexandria,38,Basic,12,4,1,83,0,0,1,0,1
EG_WAL_11063,Giza,603,Verified_Tier1,13,3,0,9,1,2500,0,0,0
EG_WAL_11064,Giza,58,Basic,12,5,0,89,6,1000,1,0,1
EG_WAL_11065,Alexandria,143,Basic,9,6,1,16,6,500,0,0,0
EG_WAL_11066,Cairo,491,Basic,12,3,5,73,8,1000,1,0,0.99
EG_WAL_11067,Cairo,172,Basic,9,3,1,60,5,5000,1,0,1
EG_WAL_11068,Cairo,419,Verified_Tier1,9,5,0,10,6,2500,0,0,0
EG_WAL_11069,Cairo,661,Verified_Tier1,7,1,0,16,3,1000,0,0,0.01
EG_WAL_11070,Cairo,711,Basic,10,1,0,74,1,5000,1,0,1
EG_WAL_11071,Cairo,186,Basic,12,5,0,14,8,1000,0,0,0
EG_WAL_11072,Cairo,364,Basic,17,2,0,3,0,0,0,0,0
EG_WAL_11073,Cairo,289,Verified_Tier1,13,1,1,88,5,1000,1,0,1
EG_WAL_11074,Asyut,111,Basic,16,6,0,52,9,1000,1,0,1
EG_WAL_11075,Giza,470,Basic,12,3,1,46,8,500,1,0,1
EG_WAL_11076,Cairo,201,Basic,11,5,1,45,9,500,0,0,0
EG_WAL_11077,Alexandria,260,Verified_Tier1,9,3,0,28,9,1000,0,0,0
EG_WAL_11078,Cairo,104,Verified_Tier1,12,4,0,30,1,5000,0,0,0
EG_WAL_11079,Asyut,299,Verified_Tier1,12,6,0,72,1,1000,1,0,1
EG_WAL_11080,Alexandria,655,Basic,12,3,1,47,8,2500,1,0,1
EG_WAL_11081,Cairo,91,Basic,6,3,0,55,9,500,1,0,1
EG_WAL_11082,Giza,349,Basic,7,5,1,64,9,500,1,0,1
EG_WAL_11083,Gharbia,131,Verified_Tier1,11,7,0,2,8,2500,0,0,0
EG_WAL_11084,Asyut,458,Merchant,4,5,0,3,3,2500,0,0,0
EG_WAL_11085,Giza,284,Basic,20,1,1,18,7,500,0,0,0
EG_WAL_11086,Giza,561,Basic,9,2,0,40,7,2500,0,0,0
EG_WAL_11087,Cairo,599,Basic,10,4,0,21,1,500,0,0,0
EG_WAL_11088,Asyut,141,Basic,8,1,0,71,3,5000,1,0,1
EG_WAL_11089,Cairo,342,Basic,13,3,2,24,5,5000,0,0,0
EG_WAL_11090,Asyut,490,Basic,12,3,1,3,3,1000,0,0,0
EG_WAL_11091,Giza,491,Basic,16,5,1,52,6,500,1,0,1
EG_WAL_11092,Giza,121,Basic,12,10,0,50,9,2500,1,0,1
EG_WAL_11093,Giza,81,Verified_Tier1,14,5,0,77,4,500,1,0,1
EG_WAL_11094,Cairo,549,Basic,5,2,0,4,3,1000,0,0,0
EG_WAL_11095,Cairo,127,Basic,9,4,0,49,5,1000,1,0,1
EG_WAL_11096,Cairo,265,Basic,11,4,0,49,5,500,1,0,1
EG_WAL_11097,Cairo,403,Verified_Tier1,13,4,2,58,4,1000,1,0,1
EG_WAL_11098,Alexandria,610,Verified_Tier1,8,3,0,20,5,1000,0,0,0
EG_WAL_11099,Cairo,586,Basic,17,5,0,78,4,500,1,0,1
EG_WAL_11100,Cairo,678,Basic,11,2,0,22,6,1000,0,0,0
EG_WAL_11101,Asyut,263,Basic,9,2,1,80,4,5000,1,0,1
EG_WAL_11102,Gharbia,61,Verified_Tier1,9,2,0,2,3,500,0,0,0
EG_WAL_11103,Asyut,318,Verified_Tier1,14,4,0,49,8,1000,1,0,1
EG_WAL_11104,Asyut,667,Verified_Tier1,9,7,0,53,4,2500,1,0,0.98
EG_WAL_11105,Cairo,608,Basic,9,2,0,15,5,500,0,0,0
EG_WAL_11106,Cairo,571,Merchant,10,8,0,5,1,5000,0,0,0
EG_WAL_11107,Alexandria,143,Merchant,8,2,0,40,0,0,0,0,0
EG_WAL_11108,Alexandria,233,Verified_Tier1,16,8,0,53,2,2500,1,0,1
EG_WAL_11109,Cairo,58,Basic,11,6,0,9,6,5000,0,0,0
EG_WAL_11110,Gharbia,672,Basic,10,8,0,28,0,0,0,0,0
EG_WAL_11111,Cairo,503,Basic,20,5,0,58,0,0,1,0,1
EG_WAL_11112,Cairo,282,Basic,15,4,0,80,7,5000,1,0,1
EG_WAL_11113,Giza,415,Basic,8,4,0,45,2,1000,0,0,0
EG_WAL_11114,Giza,91,Verified_Tier1,13,5,0,77,1,500,1,0,1
EG_WAL_11115,Giza,544,Verified_Tier1,16,5,4,11,7,500,0,1,0
EG_WAL_11116,Cairo,459,Verified_Tier1,8,5,0,28,9,2500,0,0,0
EG_WAL_11117,Gharbia,609,Basic,13,4,0,77,1,2500,1,0,1
EG_WAL_11118,Cairo,566,Basic,13,4,0,71,9,1000,1,0,1
EG_WAL_11119,Cairo,170,Verified_Tier1,8,4,1,48,6,500,1,0,1
EG_WAL_11120,Gharbia,329,Basic,11,3,0,39,6,500,0,0,0
EG_WAL_11121,Asyut,704,Basic,16,3,1,80,9,1000,1,0,1
EG_WAL_11122,Gharbia,340,Merchant,15,3,0,42,5,5000,0,0,0
EG_WAL_11123,Gharbia,500,Verified_Tier1,13,5,2,86,0,0,1,0,1
EG_WAL_11124,Alexandria,422,Basic,15,1,0,6,0,0,0,0,0
EG_WAL_11125,Giza,671,Verified_Tier1,14,3,0,11,2,2500,0,0,0
EG_WAL_11126,Cairo,474,Verified_Tier1,14,6,0,79,3,2500,1,0,1
EG_WAL_11127,Giza,201,Verified_Tier1,12,4,0,12,8,500,0,0,0
EG_WAL_11128,Cairo,605,Verified_Tier1,15,6,0,60,6,2500,1,0,1
EG_WAL_11129,Cairo,60,Basic,16,4,1,46,0,0,1,0,0.96
EG_WAL_11130,Alexandria,76,Verified_Tier1,6,3,0,18,3,500,0,0,0
EG_WAL_11131,Giza,159,Basic,12,3,1,2,5,1000,0,0,0
EG_WAL_11132,Cairo,381,Basic,14,2,1,71,5,1000,1,0,1
EG_WAL_11133,Cairo,651,Verified_Tier1,14,4,2,39,6,500,0,0,0.01
EG_WAL_11134,Alexandria,610,Basic,7,2,0,11,8,2500,0,0,0
EG_WAL_11135,Cairo,87,Verified_Tier1,10,2,0,30,5,1000,0,0,0
EG_WAL_11136,Gharbia,135,Verified_Tier1,8,3,1,34,0,0,0,0,0
EG_WAL_11137,Giza,359,Verified_Tier1,17,3,1,83,2,500,1,0,1
EG_WAL_11138,Giza,712,Verified_Tier1,10,5,1,65,0,0,1,0,1
EG_WAL_11139,Giza,412,Basic,12,2,0,26,5,500,0,0,0
EG_WAL_11140,Gharbia,191,Basic,9,7,1,2,6,2500,0,0,0
EG_WAL_11141,Cairo,315,Basic,14,6,1,47,2,500,1,0,1
EG_WAL_11142,Alexandria,100,Basic,13,7,0,20,9,1000,0,0,0
EG_WAL_11143,Giza,483,Basic,15,2,0,51,8,1000,1,0,1
EG_WAL_11144,Cairo,596,Basic,11,3,0,6,0,0,0,0,0
EG_WAL_11145,Gharbia,426,Verified_Tier1,11,4,3,50,0,0,1,0,0.99
EG_WAL_11146,Alexandria,544,Merchant,16,3,0,44,6,2500,0,0,0
EG_WAL_11147,Alexandria,55,Verified_Tier1,9,6,0,45,4,5000,0,0,0
EG_WAL_11148,Gharbia,342,Verified_Tier1,18,5,0,32,4,1000,0,0,0
EG_WAL_11149,Gharbia,155,Basic,15,2,0,35,4,5000,0,0,0
EG_WAL_11150,Alexandria,437,Basic,15,8,3,16,4,1000,0,0,0
EG_WAL_11151,Gharbia,594,Basic,11,3,2,5,1,500,0,0,0
EG_WAL_11152,Alexandria,227,Verified_Tier1,17,4,0,20,0,0,0,0,0
EG_WAL_11153,Alexandria,217,Basic,12,2,0,37,4,500,0,0,0
EG_WAL_11154,Giza,513,Verified_Tier1,8,4,0,33,9,1000,0,0,0
EG_WAL_11155,Alexandria,479,Basic,11,4,0,48,8,5000,1,0,1
EG_WAL_11156,Cairo,552,Basic,15,6,2,60,7,500,1,0,1
EG_WAL_11157,Gharbia,383,Basic,11,3,0,57,8,5000,1,0,1
EG_WAL_11158,Gharbia,687,Basic,12,4,0,75,2,500,1,0,1
EG_WAL_11159,Cairo,626,Basic,8,4,0,11,1,500,0,0,0
EG_WAL_11160,Gharbia,129,Verified_Tier1,12,6,1,17,4,2500,0,0,0
EG_WAL_11161,Cairo,645,Verified_Tier1,14,7,2,61,6,5000,1,0,0.99
EG_WAL_11162,Cairo,587,Basic,10,2,0,5,3,500,0,0,0
EG_WAL_11163,Alexandria,585,Verified_Tier1,10,4,0,76,1,1000,1,0,1
EG_WAL_11164,Cairo,307,Basic,14,5,1,88,8,1000,1,0,1
EG_WAL_11165,Gharbia,655,Merchant,11,3,0,47,5,1000,1,0,1
EG_WAL_11166,Gharbia,520,Basic,14,0,1,87,2,500,1,0,1
EG_WAL_11167,Giza,284,Verified_Tier1,7,5,0,10,0,0,0,0,0
EG_WAL_11168,Cairo,410,Basic,11,5,0,32,0,0,0,0,0
EG_WAL_11169,Cairo,571,Basic,14,4,0,20,7,2500,0,0,0
EG_WAL_11170,Giza,293,Basic,10,2,0,23,3,2500,0,0,0
EG_WAL_11171,Asyut,639,Basic,13,5,0,54,8,1000,1,0,1
EG_WAL_11172,Giza,358,Basic,12,7,0,48,4,1000,1,0,1
EG_WAL_11173,Cairo,144,Basic,12,6,0,83,4,1000,1,0,1
EG_WAL_11174,Giza,305,Merchant,6,3,1,8,7,500,0,0,0
EG_WAL_11175,Giza,517,Verified_Tier1,10,2,2,37,6,1000,0,0,0.01
EG_WAL_11176,Alexandria,310,Verified_Tier1,6,5,1,4,7,1000,0,0,0
EG_WAL_11177,Cairo,304,Verified_Tier1,12,6,1,40,3,5000,0,0,0
EG_WAL_11178,Alexandria,357,Merchant,12,1,2,33,9,500,0,0,0
EG_WAL_11179,Giza,240,Basic,16,2,4,73,1,500,1,1,1
EG_WAL_11180,Asyut,581,Basic,8,2,0,62,5,2500,1,0,1
EG_WAL_11181,Cairo,55,Verified_Tier1,19,5,1,16,6,2500,0,0,0
EG_WAL_11182,Giza,56,Verified_Tier1,12,2,0,52,5,500,1,0,1
EG_WAL_11183,Asyut,112,Basic,11,3,0,35,2,500,0,0,0
EG_WAL_11184,Cairo,711,Basic,12,7,0,35,2,2500,0,0,0.02
EG_WAL_11185,Asyut,442,Basic,11,1,0,12,4,1000,0,0,0
EG_WAL_11186,Alexandria,196,Verified_Tier1,15,4,0,19,6,5000,0,0,0
EG_WAL_11187,Cairo,198,Basic,20,4,0,50,1,2500,1,0,0.99
EG_WAL_11188,Cairo,258,Merchant,6,4,1,82,3,1000,1,0,1
EG_WAL_11189,Alexandria,638,Verified_Tier1,15,3,0,85,7,2500,1,0,1
EG_WAL_11190,Cairo,396,Verified_Tier1,17,4,0,15,2,5000,0,0,0
EG_WAL_11191,Giza,557,Basic,17,1,0,5,6,1000,0,0,0
EG_WAL_11192,Cairo,676,Basic,17,3,0,74,9,2500,1,0,1
EG_WAL_11193,Giza,567,Basic,13,4,0,9,2,1000,0,0,0
EG_WAL_11194,Cairo,553,Basic,9,6,1,30,7,2500,0,0,0
EG_WAL_11195,Gharbia,101,Verified_Tier1,15,3,1,17,6,500,0,0,0
EG_WAL_11196,Asyut,674,Basic,17,1,0,40,0,0,0,0,0
EG_WAL_11197,Asyut,135,Basic,11,2,0,46,3,2500,1,0,1
EG_WAL_11198,Alexandria,718,Basic,15,2,3,23,6,5000,0,0,0.01
EG_WAL_11199,Cairo,311,Verified_Tier1,17,2,0,79,4,500,1,0,1
EG_WAL_11200,Alexandria,162,Basic,19,1,0,88,2,5000,1,0,0.99
EG_WAL_11201,Cairo,563,Verified_Tier1,11,6,0,88,1,5000,1,0,1
EG_WAL_11202,Cairo,298,Basic,16,5,1,39,8,5000,0,0,0
EG_WAL_11203,Cairo,441,Basic,17,4,0,44,9,2500,0,0,0
EG_WAL_11204,Giza,702,Basic,14,4,1,82,5,500,1,0,0.98
EG_WAL_11205,Alexandria,648,Basic,7,5,0,73,9,2500,1,0,1
EG_WAL_11206,Alexandria,47,Verified_Tier1,11,3,0,0,0,0,0,0,0
EG_WAL_11207,Giza,146,Basic,12,2,0,26,4,500,0,0,0
EG_WAL_11208,Cairo,173,Basic,6,5,1,21,6,500,0,0,0
EG_WAL_11209,Asyut,580,Verified_Tier1,13,2,0,27,7,500,0,0,0
EG_WAL_11210,Giza,695,Verified_Tier1,16,5,1,47,4,1000,1,0,1
EG_WAL_11211,Giza,717,Verified_Tier1,11,5,0,34,9,2500,0,0,0.01
EG_WAL_11212,Cairo,451,Basic,15,6,1,2,9,5000,0,0,0
EG_WAL_11213,Alexandria,398,Basic,15,3,0,37,0,0,0,0,0
EG_WAL_11214,Alexandria,675,Merchant,10,3,0,89,1,1000,1,0,1
EG_WAL_11215,Cairo,587,Verified_Tier1,10,1,0,43,3,1000,0,0,0
EG_WAL_11216,Cairo,79,Merchant,16,4,0,4,9,1000,0,0,0
EG_WAL_11217,Alexandria,707,Basic,10,1,0,73,0,0,1,0,1
EG_WAL_11218,Alexandria,135,Verified_Tier1,13,3,0,6,3,500,0,0,0
EG_WAL_11219,Cairo,245,Verified_Tier1,13,4,1,88,5,5000,1,0,1
EG_WAL_11220,Asyut,687,Basic,8,2,0,41,5,1000,0,0,0
EG_WAL_11221,Cairo,454,Verified_Tier1,13,3,0,56,1,1000,1,0,1
EG_WAL_11222,Giza,101,Verified_Tier1,12,4,0,84,0,0,1,0,1
EG_WAL_11223,Asyut,475,Basic,13,5,0,28,7,500,0,0,0
EG_WAL_11224,Giza,215,Basic,17,7,1,80,8,1000,1,0,1
EG_WAL_11225,Giza,99,Verified_Tier1,12,11,0,62,8,1000,1,0,1
EG_WAL_11226,Cairo,179,Basic,6,8,0,35,6,500,0,0,0
EG_WAL_11227,Cairo,275,Basic,15,6,0,39,3,500,0,0,0
EG_WAL_11228,Asyut,567,Basic,13,4,0,20,1,2500,0,0,0
EG_WAL_11229,Giza,681,Basic,17,7,0,52,6,2500,1,0,1
EG_WAL_11230,Gharbia,128,Verified_Tier1,17,3,0,15,5,5000,0,0,0
EG_WAL_11231,Cairo,307,Basic,9,2,2,45,6,2500,0,0,0
EG_WAL_11232,Cairo,592,Basic,10,4,1,8,0,0,0,0,0
EG_WAL_11233,Cairo,692,Verified_Tier1,10,4,1,2,3,5000,0,0,0
EG_WAL_11234,Alexandria,484,Basic,12,6,3,22,0,0,0,0,0
EG_WAL_11235,Cairo,133,Basic,11,6,0,12,6,1000,0,0,0
EG_WAL_11236,Gharbia,630,Verified_Tier1,11,6,2,37,5,500,0,0,0
EG_WAL_11237,Giza,682,Basic,13,2,0,33,9,5000,0,0,0
EG_WAL_11238,Asyut,262,Basic,13,4,1,25,7,1000,0,0,0
EG_WAL_11239,Cairo,423,Verified_Tier1,12,6,3,31,1,2500,0,0,0
EG_WAL_11240,Gharbia,530,Verified_Tier1,16,2,0,19,7,2500,0,0,0
EG_WAL_11241,Alexandria,280,Verified_Tier1,13,3,0,45,7,1000,0,0,0
EG_WAL_11242,Alexandria,550,Merchant,12,2,0,54,1,5000,1,0,1
EG_WAL_11243,Gharbia,108,Verified_Tier1,13,1,0,8,6,5000,0,0,0
EG_WAL_11244,Alexandria,81,Verified_Tier1,9,1,1,50,2,1000,1,0,1
EG_WAL_11245,Giza,255,Verified_Tier1,14,3,2,56,4,5000,1,0,1
EG_WAL_11246,Cairo,80,Basic,13,3,1,79,7,500,1,0,1
EG_WAL_11247,Cairo,215,Basic,22,9,0,44,0,0,0,0,0.01
EG_WAL_11248,Asyut,63,Verified_Tier1,7,3,0,37,0,0,0,0,0
EG_WAL_11249,Giza,160,Basic,12,8,0,67,9,5000,1,0,0.99
EG_WAL_11250,Alexandria,661,Basic,16,6,1,11,7,1000,0,0,0
EG_WAL_11251,Giza,472,Basic,10,3,1,89,5,500,1,0,1
EG_WAL_11252,Cairo,461,Basic,16,5,0,9,2,5000,0,0,0
EG_WAL_11253,Cairo,526,Basic,8,5,0,79,7,1000,1,0,1
EG_WAL_11254,Alexandria,432,Verified_Tier1,13,2,0,64,7,5000,1,0,1
EG_WAL_11255,Giza,352,Verified_Tier1,10,5,0,11,8,1000,0,0,0
EG_WAL_11256,Cairo,239,Verified_Tier1,9,3,1,51,9,1000,1,0,1
EG_WAL_11257,Giza,644,Verified_Tier1,7,5,2,50,9,2500,1,0,1
EG_WAL_11258,Cairo,358,Basic,10,5,0,85,5,500,1,0,1
EG_WAL_11259,Giza,401,Basic,13,3,4,63,6,1000,1,1,0.99
EG_WAL_11260,Cairo,489,Basic,13,4,1,56,5,5000,1,0,1
EG_WAL_11261,Alexandria,162,Verified_Tier1,14,5,0,18,2,5000,0,0,0
EG_WAL_11262,Cairo,680,Basic,16,4,0,29,8,1000,0,0,0
EG_WAL_11263,Giza,150,Basic,16,7,0,84,0,0,1,0,1
EG_WAL_11264,Cairo,635,Verified_Tier1,12,7,1,81,4,2500,1,0,1
EG_WAL_11265,Cairo,481,Basic,14,2,0,23,5,1000,0,0,0
EG_WAL_11266,Cairo,158,Merchant,11,2,2,25,5,5000,0,0,0
EG_WAL_11267,Giza,120,Verified_Tier1,15,4,0,35,0,0,0,0,0
EG_WAL_11268,Giza,633,Basic,10,3,3,55,7,1000,1,0,1
EG_WAL_11269,Cairo,604,Basic,13,3,0,79,0,0,1,0,1
EG_WAL_11270,Alexandria,58,Verified_Tier1,13,10,3,57,2,5000,1,0,1
EG_WAL_11271,Gharbia,553,Basic,12,4,0,31,7,2500,0,0,0
EG_WAL_11272,Alexandria,362,Basic,10,7,0,1,7,5000,0,0,0
EG_WAL_11273,Cairo,326,Basic,15,1,0,72,0,0,1,0,1
EG_WAL_11274,Giza,159,Verified_Tier1,9,4,0,81,0,0,1,0,1
EG_WAL_11275,Cairo,322,Basic,13,3,0,48,7,2500,1,0,1
EG_WAL_11276,Cairo,202,Verified_Tier1,9,2,0,45,1,1000,0,0,0
EG_WAL_11277,Asyut,53,Verified_Tier1,8,4,0,82,4,2500,1,0,1
EG_WAL_11278,Cairo,128,Basic,9,7,3,54,7,1000,1,0,1
EG_WAL_11279,Giza,435,Verified_Tier1,14,2,1,11,4,5000,0,0,0
EG_WAL_11280,Giza,385,Basic,18,3,1,76,6,2500,1,0,1
EG_WAL_11281,Alexandria,168,Basic,12,3,1,62,5,1000,1,0,1
EG_WAL_11282,Giza,532,Verified_Tier1,13,2,0,34,4,500,0,0,0
EG_WAL_11283,Cairo,203,Verified_Tier1,11,5,4,73,2,5000,1,1,1
EG_WAL_11284,Cairo,58,Basic,18,2,1,21,5,2500,0,0,0
EG_WAL_11285,Giza,525,Verified_Tier1,9,6,0,9,8,2500,0,0,0
EG_WAL_11286,Cairo,684,Verified_Tier1,10,6,2,49,6,500,1,0,0.99
EG_WAL_11287,Cairo,380,Verified_Tier1,12,2,1,34,9,1000,0,0,0
EG_WAL_11288,Cairo,583,Basic,11,2,1,15,0,0,0,0,0
EG_WAL_11289,Cairo,328,Verified_Tier1,19,0,0,35,4,500,0,0,0
EG_WAL_11290,Cairo,221,Basic,14,5,1,60,6,1000,1,0,1
EG_WAL_11291,Cairo,701,Basic,14,4,1,74,6,2500,1,0,0.98
EG_WAL_11292,Giza,93,Verified_Tier1,12,4,0,16,6,2500,0,0,0
EG_WAL_11293,Alexandria,693,Verified_Tier1,11,8,0,88,5,2500,1,0,1
EG_WAL_11294,Gharbia,244,Basic,12,4,0,0,1,500,0,0,0
EG_WAL_11295,Cairo,195,Basic,12,1,0,11,1,1000,0,0,0
EG_WAL_11296,Cairo,572,Basic,12,1,1,2,9,2500,0,0,0
EG_WAL_11297,Cairo,261,Verified_Tier1,7,2,0,72,5,1000,1,0,1
EG_WAL_11298,Giza,570,Basic,7,4,1,82,0,0,1,0,1
EG_WAL_11299,Alexandria,224,Basic,9,1,0,18,5,2500,0,0,0
EG_WAL_11300,Cairo,535,Basic,11,4,0,83,4,5000,1,0,1
EG_WAL_11301,Asyut,363,Merchant,3,4,0,74,0,0,1,0,1
EG_WAL_11302,Cairo,333,Verified_Tier1,10,3,0,87,4,1000,1,0,1
EG_WAL_11303,Giza,466,Verified_Tier1,12,4,0,21,3,5000,0,0,0
EG_WAL_11304,Alexandria,352,Verified_Tier1,13,6,0,0,8,5000,0,0,0
EG_WAL_11305,Gharbia,531,Basic,9,2,0,52,0,0,1,0,1
EG_WAL_11306,Alexandria,422,Basic,9,5,4,43,9,2500,0,0,0
EG_WAL_11307,Gharbia,628,Basic,8,10,1,9,2,2500,0,0,0.01
EG_WAL_11308,Cairo,178,Verified_Tier1,14,4,0,74,1,2500,1,0,1
EG_WAL_11309,Gharbia,434,Basic,10,2,1,7,0,0,0,0,0
EG_WAL_11310,Cairo,312,Basic,16,6,0,16,1,2500,0,0,0
EG_WAL_11311,Gharbia,391,Basic,5,3,1,69,6,5000,1,0,1
EG_WAL_11312,Giza,408,Basic,14,4,0,6,4,500,0,0,0
EG_WAL_11313,Gharbia,227,Basic,10,2,0,62,1,500,1,0,1
EG_WAL_11314,Giza,585,Merchant,7,4,0,36,3,1000,0,0,0
EG_WAL_11315,Giza,385,Verified_Tier1,18,5,0,67,5,2500,1,0,1
EG_WAL_11316,Giza,569,Verified_Tier1,10,2,0,63,7,5000,1,0,1
EG_WAL_11317,Alexandria,458,Merchant,2,6,1,6,5,5000,0,0,0
EG_WAL_11318,Cairo,46,Basic,20,5,0,15,5,1000,0,0,0
EG_WAL_11319,Cairo,668,Basic,10,6,0,88,5,500,1,0,1
EG_WAL_11320,Cairo,408,Verified_Tier1,14,1,0,13,4,1000,0,0,0
EG_WAL_11321,Cairo,709,Verified_Tier1,9,6,0,35,4,5000,0,0,0.03
EG_WAL_11322,Gharbia,535,Basic,14,2,2,72,5,5000,1,0,0.99
EG_WAL_11323,Cairo,105,Merchant,6,4,0,10,5,500,0,0,0
EG_WAL_11324,Asyut,260,Basic,13,2,0,0,0,0,0,0,0
EG_WAL_11325,Cairo,277,Basic,8,4,0,8,6,1000,0,0,0
EG_WAL_11326,Cairo,331,Verified_Tier1,10,2,0,24,5,2500,0,0,0
EG_WAL_11327,Alexandria,244,Basic,12,8,0,14,5,500,0,0,0
EG_WAL_11328,Alexandria,187,Basic,21,2,0,57,0,0,1,0,1
EG_WAL_11329,Giza,98,Basic,11,2,0,23,6,1000,0,0,0
EG_WAL_11330,Giza,422,Basic,14,1,1,71,5,2500,1,0,1
EG_WAL_11331,Alexandria,114,Verified_Tier1,12,4,0,70,9,5000,1,0,1
EG_WAL_11332,Cairo,296,Verified_Tier1,14,2,1,45,1,2500,0,0,0
EG_WAL_11333,Asyut,98,Verified_Tier1,10,3,0,17,7,2500,0,0,0
EG_WAL_11334,Asyut,640,Verified_Tier1,9,2,0,66,7,5000,1,0,1
EG_WAL_11335,Alexandria,376,Basic,12,4,0,62,6,1000,1,0,1
EG_WAL_11336,Cairo,702,Basic,5,4,0,23,6,5000,0,0,0
EG_WAL_11337,Alexandria,452,Basic,10,2,0,83,6,5000,1,0,1
EG_WAL_11338,Cairo,635,Basic,11,8,1,30,3,500,0,0,0
EG_WAL_11339,Cairo,203,Basic,17,9,0,89,0,0,1,0,1
EG_WAL_11340,Cairo,706,Verified_Tier1,8,1,4,37,8,2500,0,1,0
EG_WAL_11341,Giza,144,Verified_Tier1,11,2,0,42,0,0,0,0,0
EG_WAL_11342,Gharbia,249,Basic,17,3,0,7,4,5000,0,0,0
EG_WAL_11343,Alexandria,60,Verified_Tier1,7,3,0,71,9,1000,1,0,1
EG_WAL_11344,Alexandria,552,Basic,7,7,0,4,8,1000,0,0,0.01
EG_WAL_11345,Giza,372,Verified_Tier1,15,3,0,79,1,500,1,0,1
EG_WAL_11346,Cairo,406,Verified_Tier1,11,2,0,26,4,5000,0,0,0
EG_WAL_11347,Cairo,159,Basic,9,2,0,62,0,0,1,0,1
EG_WAL_11348,Asyut,646,Basic,8,5,1,64,1,5000,1,0,1
EG_WAL_11349,Cairo,568,Verified_Tier1,11,3,1,62,0,0,1,0,1
EG_WAL_11350,Gharbia,31,Verified_Tier1,16,4,0,4,2,2500,0,0,0
EG_WAL_11351,Giza,130,Verified_Tier1,6,5,1,66,3,5000,1,0,1
EG_WAL_11352,Giza,562,Verified_Tier1,8,4,1,51,0,0,1,0,1
EG_WAL_11353,Alexandria,87,Merchant,14,6,1,80,9,500,1,0,1
EG_WAL_11354,Giza,418,Basic,12,1,0,82,0,0,1,0,1
EG_WAL_11355,Gharbia,370,Basic,8,4,1,3,1,5000,0,0,0
EG_WAL_11356,Asyut,49,Basic,11,5,0,76,3,1000,1,0,1
EG_WAL_11357,Giza,284,Basic,9,4,0,50,1,500,1,0,1
EG_WAL_11358,Cairo,346,Basic,12,4,2,42,1,1000,0,0,0
EG_WAL_11359,Giza,67,Verified_Tier1,9,7,0,54,7,2500,1,0,1
EG_WAL_11360,Asyut,689,Basic,7,6,0,89,7,5000,1,0,0.99
EG_WAL_11361,Cairo,566,Basic,12,3,0,40,6,2500,0,0,0
EG_WAL_11362,Giza,415,Verified_Tier1,8,3,1,30,3,1000,0,0,0
EG_WAL_11363,Giza,662,Basic,13,5,0,34,6,5000,0,0,0
EG_WAL_11364,Alexandria,55,Basic,12,5,0,79,5,1000,1,0,1
EG_WAL_11365,Cairo,483,Verified_Tier1,12,6,0,56,6,2500,1,0,1
EG_WAL_11366,Alexandria,710,Verified_Tier1,13,3,2,23,0,0,0,0,0.01
EG_WAL_11367,Asyut,352,Basic,8,0,0,52,4,500,1,0,1
EG_WAL_11368,Cairo,542,Basic,16,5,1,29,4,2500,0,0,0
EG_WAL_11369,Cairo,42,Verified_Tier1,11,4,0,80,6,5000,1,0,1
EG_WAL_11370,Asyut,589,Basic,10,2,1,76,3,2500,1,0,1
EG_WAL_11371,Cairo,400,Basic,15,4,0,6,0,0,0,0,0
EG_WAL_11372,Gharbia,320,Verified_Tier1,7,5,0,8,2,5000,0,0,0
EG_WAL_11373,Giza,361,Basic,9,8,0,20,3,5000,0,0,0
EG_WAL_11374,Cairo,635,Basic,12,1,0,29,4,500,0,0,0
EG_WAL_11375,Gharbia,290,Basic,10,5,1,21,7,500,0,0,0
EG_WAL_11376,Giza,234,Merchant,9,4,0,46,7,1000,1,0,0.99
EG_WAL_11377,Giza,716,Merchant,8,10,0,61,1,5000,1,0,1
EG_WAL_11378,Cairo,416,Basic,9,4,0,30,9,1000,0,0,0
EG_WAL_11379,Giza,497,Basic,16,5,1,3,3,500,0,0,0
EG_WAL_11380,Cairo,444,Basic,11,5,0,9,1,1000,0,0,0
EG_WAL_11381,Cairo,98,Basic,11,3,0,29,4,1000,0,0,0
EG_WAL_11382,Asyut,501,Basic,13,6,0,6,3,500,0,0,0
EG_WAL_11383,Cairo,133,Verified_Tier1,10,6,0,14,1,5000,0,0,0
EG_WAL_11384,Alexandria,190,Basic,11,4,0,18,2,1000,0,0,0
EG_WAL_11385,Cairo,229,Basic,19,3,2,73,2,1000,1,0,1
EG_WAL_11386,Alexandria,245,Basic,11,6,0,38,6,5000,0,0,0
EG_WAL_11387,Cairo,241,Basic,12,4,0,2,3,500,0,0,0
EG_WAL_11388,Asyut,537,Basic,8,0,0,51,0,0,1,0,1
EG_WAL_11389,Giza,45,Basic,8,8,1,81,4,500,1,0,1
EG_WAL_11390,Cairo,527,Verified_Tier1,13,6,1,87,5,1000,1,0,1
EG_WAL_11391,Cairo,361,Verified_Tier1,19,2,1,12,5,5000,0,0,0
EG_WAL_11392,Cairo,580,Basic,12,3,0,43,9,2500,0,0,0
EG_WAL_11393,Giza,630,Basic,12,4,0,80,1,2500,1,0,1
EG_WAL_11394,Cairo,285,Basic,10,5,1,16,4,1000,0,0,0
EG_WAL_11395,Gharbia,201,Basic,9,3,0,74,3,1000,1,0,1
EG_WAL_11396,Giza,678,Verified_Tier1,15,3,1,16,4,2500,0,0,0
EG_WAL_11397,Cairo,527,Basic,9,4,0,51,6,5000,1,0,1
EG_WAL_11398,Giza,500,Verified_Tier1,14,5,0,48,2,5000,1,0,1
EG_WAL_11399,Alexandria,413,Verified_Tier1,14,2,1,82,7,5000,1,0,1
EG_WAL_11400,Cairo,719,Verified_Tier1,14,1,0,70,8,500,1,0,0.99
EG_WAL_11401,Cairo,618,Merchant,10,7,0,18,0,0,0,0,0
EG_WAL_11402,Cairo,536,Basic,13,5,0,33,0,0,0,0,0
EG_WAL_11403,Alexandria,556,Merchant,13,3,0,29,8,500,0,0,0
EG_WAL_11404,Alexandria,354,Verified_Tier1,12,3,0,28,9,1000,0,0,0
EG_WAL_11405,Giza,243,Verified_Tier1,12,2,0,47,0,0,1,0,0.99
EG_WAL_11406,Gharbia,237,Basic,13,2,0,7,1,5000,0,0,0
EG_WAL_11407,Gharbia,198,Verified_Tier1,12,1,0,67,2,1000,1,0,1
EG_WAL_11408,Giza,359,Basic,8,1,0,51,6,1000,1,0,1
EG_WAL_11409,Gharbia,309,Verified_Tier1,4,6,0,74,9,2500,1,0,1
EG_WAL_11410,Cairo,334,Basic,9,3,2,81,2,500,1,0,1
EG_WAL_11411,Cairo,175,Verified_Tier1,16,8,0,84,8,1000,1,0,0.99
EG_WAL_11412,Cairo,545,Basic,16,5,0,57,1,500,1,0,1
EG_WAL_11413,Cairo,119,Basic,10,1,0,60,2,1000,1,0,1
EG_WAL_11414,Giza,482,Basic,6,5,0,39,8,5000,0,0,0
EG_WAL_11415,Asyut,89,Basic,8,7,0,16,5,500,0,0,0
EG_WAL_11416,Cairo,340,Basic,5,4,0,80,8,5000,1,0,1
EG_WAL_11417,Cairo,557,Basic,8,3,2,14,4,500,0,0,0
EG_WAL_11418,Giza,256,Verified_Tier1,9,1,1,83,3,1000,1,0,1
EG_WAL_11419,Asyut,503,Verified_Tier1,8,8,1,10,1,500,0,0,0
EG_WAL_11420,Cairo,570,Verified_Tier1,10,8,1,82,0,0,1,0,1
EG_WAL_11421,Giza,692,Basic,8,3,1,87,4,1000,1,0,1
EG_WAL_11422,Cairo,108,Basic,8,3,0,69,0,0,1,0,1
EG_WAL_11423,Cairo,462,Basic,7,3,0,81,5,2500,1,0,1
EG_WAL_11424,Asyut,182,Verified_Tier1,11,4,0,47,5,5000,1,0,0.99
EG_WAL_11425,Asyut,430,Verified_Tier1,12,3,0,12,6,500,0,0,0
EG_WAL_11426,Cairo,308,Basic,5,3,1,25,8,1000,0,0,0
EG_WAL_11427,Asyut,86,Basic,17,3,0,7,5,1000,0,0,0
EG_WAL_11428,Giza,215,Verified_Tier1,13,2,1,25,2,5000,0,0,0
EG_WAL_11429,Gharbia,427,Verified_Tier1,11,4,0,13,7,1000,0,0,0
EG_WAL_11430,Giza,634,Verified_Tier1,13,3,1,40,4,500,0,0,0
EG_WAL_11431,Giza,187,Verified_Tier1,11,3,2,5,7,2500,0,0,0
EG_WAL_11432,Giza,388,Basic,13,2,1,15,7,2500,0,0,0
EG_WAL_11433,Alexandria,469,Basic,14,2,0,33,2,5000,0,0,0
EG_WAL_11434,Cairo,618,Basic,12,0,0,39,6,1000,0,0,0.01
EG_WAL_11435,Cairo,495,Basic,14,2,0,11,3,5000,0,0,0
EG_WAL_11436,Cairo,692,Basic,15,4,2,0,8,5000,0,0,0
EG_WAL_11437,Alexandria,475,Basic,15,3,0,28,6,1000,0,0,0
EG_WAL_11438,Cairo,517,Basic,12,1,0,80,9,2500,1,0,1
EG_WAL_11439,Alexandria,559,Basic,16,2,0,81,1,1000,1,0,1
EG_WAL_11440,Asyut,102,Basic,12,1,2,48,0,0,1,0,1
EG_WAL_11441,Cairo,46,Basic,15,4,2,15,5,1000,0,0,0
EG_WAL_11442,Alexandria,560,Basic,11,6,0,8,5,5000,0,0,0
EG_WAL_11443,Giza,355,Verified_Tier1,6,4,0,58,9,1000,1,0,0.99
EG_WAL_11444,Gharbia,661,Verified_Tier1,12,3,1,38,4,1000,0,0,0
EG_WAL_11445,Cairo,642,Basic,15,0,0,37,1,5000,0,0,0
EG_WAL_11446,Alexandria,575,Basic,19,3,0,5,8,2500,0,0,0
EG_WAL_11447,Gharbia,625,Basic,13,4,0,89,5,2500,1,0,1
EG_WAL_11448,Asyut,231,Verified_Tier1,10,5,0,80,3,2500,1,0,1
EG_WAL_11449,Alexandria,373,Basic,11,4,0,87,6,5000,1,0,1
EG_WAL_11450,Giza,552,Basic,9,1,0,73,8,5000,1,0,1
EG_WAL_11451,Giza,429,Verified_Tier1,10,4,0,58,7,500,1,0,1
EG_WAL_11452,Gharbia,247,Basic,12,9,0,2,0,0,0,0,0
EG_WAL_11453,Giza,474,Basic,9,3,1,18,2,1000,0,0,0
EG_WAL_11454,Cairo,251,Basic,13,2,5,26,9,500,0,0,0
EG_WAL_11455,Asyut,412,Basic,15,5,0,24,1,5000,0,0,0
EG_WAL_11456,Alexandria,621,Basic,17,9,0,84,2,1000,1,0,1
EG_WAL_11457,Alexandria,36,Verified_Tier1,10,4,0,65,4,5000,1,0,1
EG_WAL_11458,Cairo,301,Basic,16,3,0,83,5,1000,1,0,1
EG_WAL_11459,Alexandria,45,Verified_Tier1,11,3,0,22,2,500,0,0,0
EG_WAL_11460,Cairo,453,Basic,7,4,0,62,1,1000,1,0,1
EG_WAL_11461,Alexandria,553,Basic,16,3,0,57,4,1000,1,0,1
EG_WAL_11462,Cairo,50,Basic,13,3,1,49,3,500,1,0,1
EG_WAL_11463,Alexandria,719,Basic,8,4,0,7,4,5000,0,0,0.02
EG_WAL_11464,Asyut,257,Basic,13,5,0,50,9,2500,1,0,0.99
EG_WAL_11465,Cairo,317,Basic,12,4,0,41,3,5000,0,0,0
EG_WAL_11466,Asyut,163,Verified_Tier1,7,5,0,62,3,5000,1,0,1
EG_WAL_11467,Giza,312,Basic,13,3,0,30,7,5000,0,0,0
EG_WAL_11468,Gharbia,433,Basic,10,6,0,58,5,1000,1,0,1
EG_WAL_11469,Alexandria,694,Basic,11,3,0,81,1,2500,1,0,1
EG_WAL_11470,Giza,95,Basic,5,3,0,89,2,1000,1,0,1
EG_WAL_11471,Alexandria,678,Basic,11,3,1,87,7,1000,1,0,1
EG_WAL_11472,Gharbia,633,Basic,4,4,1,50,0,0,1,0,1
EG_WAL_11473,Giza,466,Basic,14,3,0,56,5,1000,1,0,1
EG_WAL_11474,Cairo,288,Basic,8,4,0,4,2,5000,0,0,0
EG_WAL_11475,Alexandria,132,Verified_Tier1,15,6,0,74,8,500,1,0,1
EG_WAL_11476,Gharbia,596,Basic,9,5,0,51,9,2500,1,0,1
EG_WAL_11477,Alexandria,130,Basic,13,7,0,87,0,0,1,0,1
EG_WAL_11478,Alexandria,227,Verified_Tier1,12,2,0,64,1,5000,1,0,1
EG_WAL_11479,Giza,255,Merchant,20,4,0,11,5,1000,0,0,0
EG_WAL_11480,Gharbia,492,Verified_Tier1,9,2,0,22,3,5000,0,0,0
EG_WAL_11481,Cairo,266,Basic,7,3,1,51,9,2500,1,0,1
EG_WAL_11482,Giza,55,Verified_Tier1,6,4,1,88,0,0,1,0,1
EG_WAL_11483,Cairo,150,Basic,13,2,0,62,9,1000,1,0,1
EG_WAL_11484,Cairo,535,Basic,9,4,0,75,3,500,1,0,1
EG_WAL_11485,Cairo,211,Verified_Tier1,11,5,0,2,1,2500,0,0,0
EG_WAL_11486,Cairo,663,Basic,12,1,0,23,8,5000,0,0,0
EG_WAL_11487,Alexandria,572,Merchant,11,8,0,89,6,500,1,0,1
EG_WAL_11488,Cairo,344,Verified_Tier1,15,1,0,78,5,2500,1,0,1
EG_WAL_11489,Giza,647,Verified_Tier1,16,1,1,41,8,2500,0,0,0
EG_WAL_11490,Cairo,302,Verified_Tier1,12,4,0,20,7,5000,0,0,0
EG_WAL_11491,Cairo,261,Basic,12,2,1,84,1,2500,1,0,1
EG_WAL_11492,Cairo,449,Basic,17,8,0,84,2,1000,1,0,1
EG_WAL_11493,Cairo,471,Verified_Tier1,15,3,1,24,6,500,0,0,0
EG_WAL_11494,Giza,525,Verified_Tier1,5,2,0,11,9,5000,0,0,0
EG_WAL_11495,Alexandria,53,Verified_Tier1,7,5,0,47,3,1000,1,0,1
EG_WAL_11496,Giza,138,Verified_Tier1,11,3,1,81,5,1000,1,0,1
EG_WAL_11497,Giza,531,Merchant,13,5,1,73,8,500,1,0,1
EG_WAL_11498,Cairo,54,Verified_Tier1,15,4,0,69,6,2500,1,0,0.99
EG_WAL_11499,Gharbia,216,Basic,17,3,0,56,2,500,1,0,1
EG_WAL_11500,Giza,317,Basic,18,5,0,28,5,1000,0,0,0
EG_WAL_11501,Giza,657,Verified_Tier1,17,4,0,28,6,5000,0,0,0
EG_WAL_11502,Cairo,367,Basic,16,0,0,45,0,0,0,0,0
EG_WAL_11503,Cairo,66,Basic,13,3,1,8,6,2500,0,0,0
EG_WAL_11504,Cairo,166,Basic,16,5,0,31,4,5000,0,0,0
EG_WAL_11505,Cairo,537,Verified_Tier1,14,3,0,12,6,1000,0,0,0
EG_WAL_11506,Giza,256,Verified_Tier1,15,1,0,52,6,1000,1,0,1
EG_WAL_11507,Giza,349,Verified_Tier1,15,4,0,74,5,5000,1,0,1
EG_WAL_11508,Giza,211,Basic,13,7,0,53,2,5000,1,0,1
EG_WAL_11509,Alexandria,115,Verified_Tier1,15,3,1,28,8,1000,0,0,0
EG_WAL_11510,Gharbia,496,Verified_Tier1,16,4,3,50,4,1000,1,0,0.99
EG_WAL_11511,Alexandria,82,Basic,9,2,1,75,8,1000,1,0,1
EG_WAL_11512,Asyut,264,Basic,16,3,1,48,2,5000,1,0,1
EG_WAL_11513,Cairo,462,Basic,18,4,0,40,6,1000,0,0,0
EG_WAL_11514,Cairo,525,Basic,8,5,0,85,4,500,1,0,1
EG_WAL_11515,Cairo,129,Verified_Tier1,14,3,0,89,6,1000,1,0,1
EG_WAL_11516,Giza,628,Basic,8,6,0,11,7,2500,0,0,0
EG_WAL_11517,Gharbia,432,Merchant,13,1,0,34,7,5000,0,0,0
EG_WAL_11518,Cairo,425,Basic,12,4,1,3,4,2500,0,0,0
EG_WAL_11519,Asyut,556,Basic,11,1,1,44,4,500,0,0,0
EG_WAL_11520,Cairo,444,Basic,9,0,0,48,7,1000,1,0,0.99
EG_WAL_11521,Asyut,642,Basic,8,4,0,73,5,5000,1,0,1
EG_WAL_11522,Cairo,706,Basic,10,8,0,17,5,500,0,0,0
EG_WAL_11523,Cairo,492,Basic,15,6,0,45,1,500,0,0,0
EG_WAL_11524,Giza,570,Basic,14,2,1,82,6,2500,1,0,1
EG_WAL_11525,Cairo,655,Basic,9,4,0,57,9,2500,1,0,1
EG_WAL_11526,Cairo,648,Verified_Tier1,11,4,2,14,6,5000,0,0,0.01
EG_WAL_11527,Cairo,393,Basic,12,10,0,57,5,500,1,0,1
EG_WAL_11528,Gharbia,159,Basic,8,6,3,22,1,1000,0,0,0
EG_WAL_11529,Giza,113,Verified_Tier1,14,1,1,22,4,2500,0,0,0
EG_WAL_11530,Cairo,300,Basic,17,4,0,84,5,1000,1,0,1
EG_WAL_11531,Giza,273,Verified_Tier1,13,4,0,25,3,1000,0,0,0
EG_WAL_11532,Alexandria,417,Verified_Tier1,9,2,1,33,9,5000,0,0,0
EG_WAL_11533,Cairo,243,Basic,21,3,1,40,5,500,0,0,0
EG_WAL_11534,Giza,195,Verified_Tier1,9,2,0,76,4,500,1,0,1
EG_WAL_11535,Cairo,88,Verified_Tier1,12,3,1,56,9,1000,1,0,1
EG_WAL_11536,Cairo,631,Verified_Tier1,7,5,0,24,8,5000,0,0,0
EG_WAL_11537,Alexandria,533,Verified_Tier1,16,7,0,53,5,2500,1,0,1
EG_WAL_11538,Cairo,152,Basic,14,3,2,43,0,0,0,0,0
EG_WAL_11539,Giza,677,Verified_Tier1,8,4,0,12,9,2500,0,0,0
EG_WAL_11540,Alexandria,442,Basic,8,1,0,53,9,2500,1,0,1
EG_WAL_11541,Cairo,168,Basic,19,10,0,26,0,0,0,0,0.02
EG_WAL_11542,Giza,258,Basic,8,2,3,7,1,2500,0,0,0.01
EG_WAL_11543,Cairo,303,Basic,13,3,1,42,1,2500,0,0,0
EG_WAL_11544,Asyut,468,Basic,9,2,0,69,3,500,1,0,1
EG_WAL_11545,Giza,591,Verified_Tier1,12,4,0,76,9,2500,1,0,1
EG_WAL_11546,Gharbia,147,Verified_Tier1,10,2,0,83,1,500,1,0,1
EG_WAL_11547,Giza,512,Basic,17,5,0,54,7,2500,1,0,1
EG_WAL_11548,Cairo,424,Merchant,6,5,1,63,7,500,1,0,1
EG_WAL_11549,Giza,489,Verified_Tier1,15,9,0,4,1,1000,0,0,0
EG_WAL_11550,Asyut,107,Basic,7,6,4,58,8,2500,1,0,1
EG_WAL_11551,Giza,441,Basic,12,1,0,26,8,5000,0,0,0
EG_WAL_11552,Gharbia,104,Verified_Tier1,13,6,1,18,8,5000,0,0,0
EG_WAL_11553,Gharbia,324,Verified_Tier1,8,3,0,64,8,500,1,0,1
EG_WAL_11554,Cairo,50,Verified_Tier1,6,2,1,67,6,2500,1,0,1
EG_WAL_11555,Cairo,200,Verified_Tier1,11,4,1,65,8,1000,1,0,1
EG_WAL_11556,Giza,44,Basic,12,4,0,25,7,1000,0,0,0
EG_WAL_11557,Giza,240,Basic,13,1,2,32,9,1000,0,0,0.01
EG_WAL_11558,Gharbia,589,Basic,13,4,0,37,7,1000,0,0,0
EG_WAL_11559,Asyut,115,Basic,14,3,0,6,6,2500,0,0,0
EG_WAL_11560,Cairo,178,Verified_Tier1,19,5,0,4,1,1000,0,0,0
EG_WAL_11561,Cairo,401,Verified_Tier1,14,8,1,8,1,2500,0,0,0.01
EG_WAL_11562,Alexandria,509,Basic,16,4,0,12,7,1000,0,0,0
EG_WAL_11563,Cairo,180,Merchant,10,7,1,39,1,5000,0,0,0
EG_WAL_11564,Gharbia,170,Basic,11,6,0,47,1,2500,1,0,0.99
EG_WAL_11565,Giza,98,Verified_Tier1,13,6,2,45,6,1000,0,0,0.01
EG_WAL_11566,Alexandria,289,Verified_Tier1,13,3,0,63,6,1000,1,0,1
EG_WAL_11567,Cairo,550,Merchant,9,6,0,63,0,0,1,0,1
EG_WAL_11568,Giza,662,Verified_Tier1,11,6,0,28,6,1000,0,0,0.01
EG_WAL_11569,Giza,400,Basic,9,1,0,17,4,5000,0,0,0
EG_WAL_11570,Giza,448,Merchant,15,6,0,29,4,2500,0,0,0
EG_WAL_11571,Cairo,130,Verified_Tier1,13,4,0,73,1,500,1,0,1
EG_WAL_11572,Alexandria,690,Basic,12,6,0,18,5,1000,0,0,0
EG_WAL_11573,Gharbia,687,Verified_Tier1,13,3,0,47,3,1000,1,0,1
EG_WAL_11574,Cairo,272,Verified_Tier1,8,7,0,8,6,500,0,0,0
EG_WAL_11575,Cairo,541,Basic,12,2,0,84,1,2500,1,0,1
EG_WAL_11576,Cairo,584,Basic,7,9,0,0,7,5000,0,0,0.01
EG_WAL_11577,Giza,124,Verified_Tier1,8,8,0,89,4,500,1,0,1
EG_WAL_11578,Giza,255,Verified_Tier1,18,2,0,77,7,500,1,0,1
EG_WAL_11579,Giza,547,Basic,12,8,0,38,6,1000,0,0,0
EG_WAL_11580,Cairo,243,Basic,13,3,0,54,2,5000,1,0,1
EG_WAL_11581,Cairo,96,Basic,12,4,0,51,8,2500,1,0,1
EG_WAL_11582,Giza,425,Verified_Tier1,13,4,0,70,8,2500,1,0,1
EG_WAL_11583,Giza,641,Verified_Tier1,8,3,0,63,1,5000,1,0,1
EG_WAL_11584,Asyut,41,Basic,11,6,0,23,2,500,0,0,0
EG_WAL_11585,Cairo,266,Basic,9,3,0,26,9,5000,0,0,0
EG_WAL_11586,Alexandria,428,Basic,14,3,0,65,9,500,1,0,1
EG_WAL_11587,Giza,436,Verified_Tier1,9,5,0,65,0,0,1,0,1
EG_WAL_11588,Giza,509,Basic,20,4,0,61,0,0,1,0,1
EG_WAL_11589,Alexandria,676,Basic,11,4,0,15,2,5000,0,0,0
EG_WAL_11590,Alexandria,251,Basic,11,4,1,11,2,1000,0,0,0
EG_WAL_11591,Asyut,185,Verified_Tier1,18,3,0,39,4,500,0,0,0
EG_WAL_11592,Cairo,683,Basic,9,4,0,89,5,500,1,0,1
EG_WAL_11593,Cairo,457,Basic,9,6,0,9,3,5000,0,0,0
EG_WAL_11594,Alexandria,187,Verified_Tier1,12,3,0,63,9,5000,1,0,1
EG_WAL_11595,Giza,445,Basic,16,1,0,54,6,2500,1,0,1
EG_WAL_11596,Cairo,355,Basic,13,2,1,78,2,500,1,0,1
EG_WAL_11597,Cairo,400,Verified_Tier1,13,5,1,88,3,1000,1,0,1
EG_WAL_11598,Cairo,373,Basic,12,2,0,3,4,500,0,0,0
EG_WAL_11599,Gharbia,291,Basic,18,4,0,89,7,2500,1,0,1
EG_WAL_11600,Cairo,312,Basic,12,3,0,22,8,2500,0,0,0
EG_WAL_11601,Cairo,258,Verified_Tier1,12,2,0,48,2,5000,1,0,0.99
EG_WAL_11602,Cairo,309,Basic,19,1,0,3,0,0,0,0,0
EG_WAL_11603,Cairo,319,Verified_Tier1,8,2,0,0,1,2500,0,0,0
EG_WAL_11604,Cairo,709,Basic,17,5,0,64,1,2500,1,0,1
EG_WAL_11605,Giza,76,Basic,13,7,1,38,2,1000,0,0,0
EG_WAL_11606,Cairo,243,Verified_Tier1,14,2,0,2,1,5000,0,0,0
EG_WAL_11607,Gharbia,53,Merchant,12,9,0,56,0,0,1,0,1
EG_WAL_11608,Cairo,350,Basic,8,4,0,58,5,1000,1,0,1
EG_WAL_11609,Giza,303,Verified_Tier1,7,5,1,78,6,5000,1,0,1
EG_WAL_11610,Gharbia,585,Basic,15,2,0,17,0,0,0,0,0
EG_WAL_11611,Alexandria,342,Basic,6,2,0,20,8,1000,0,0,0
EG_WAL_11612,Giza,392,Basic,9,5,1,55,6,2500,1,0,1
EG_WAL_11613,Cairo,697,Verified_Tier1,19,4,0,51,3,2500,1,0,1
EG_WAL_11614,Cairo,409,Basic,18,4,1,7,2,5000,0,0,0
EG_WAL_11615,Alexandria,703,Basic,13,4,1,24,5,1000,0,0,0.02
EG_WAL_11616,Asyut,499,Basic,13,3,1,31,2,5000,0,0,0
EG_WAL_11617,Alexandria,704,Basic,6,4,0,69,3,1000,1,0,0.99
EG_WAL_11618,Giza,145,Verified_Tier1,11,5,1,39,8,2500,0,0,0
EG_WAL_11619,Alexandria,634,Merchant,20,6,2,83,4,5000,1,0,1
EG_WAL_11620,Giza,71,Verified_Tier1,10,3,1,28,9,1000,0,0,0
EG_WAL_11621,Cairo,408,Basic,14,8,0,68,4,500,1,0,1
EG_WAL_11622,Giza,235,Basic,12,4,0,34,8,500,0,0,0
EG_WAL_11623,Asyut,495,Verified_Tier1,7,4,1,82,1,1000,1,0,1
EG_WAL_11624,Cairo,309,Merchant,9,3,0,75,6,1000,1,0,1
EG_WAL_11625,Alexandria,677,Basic,10,2,0,32,6,1000,0,0,0
EG_WAL_11626,Cairo,647,Verified_Tier1,5,1,0,45,5,500,0,0,0.02
EG_WAL_11627,Giza,147,Merchant,11,7,0,71,3,1000,1,0,1
EG_WAL_11628,Cairo,266,Verified_Tier1,2,3,1,30,6,2500,0,0,0
EG_WAL_11629,Giza,338,Basic,14,4,0,74,2,500,1,0,1
EG_WAL_11630,Alexandria,485,Basic,14,5,0,67,8,1000,1,0,1
EG_WAL_11631,Cairo,504,Basic,7,2,0,39,0,0,0,0,0
EG_WAL_11632,Alexandria,129,Basic,8,5,0,68,5,500,1,0,1
EG_WAL_11633,Alexandria,290,Basic,14,4,0,41,0,0,0,0,0
EG_WAL_11634,Asyut,334,Basic,21,5,0,85,5,2500,1,0,1
EG_WAL_11635,Cairo,383,Verified_Tier1,13,6,1,43,4,2500,0,0,0
EG_WAL_11636,Cairo,315,Basic,7,4,0,16,4,5000,0,0,0
EG_WAL_11637,Cairo,357,Basic,9,5,0,19,9,2500,0,0,0
EG_WAL_11638,Asyut,132,Verified_Tier1,12,7,0,75,5,500,1,0,1
EG_WAL_11639,Asyut,92,Verified_Tier1,6,1,0,52,7,1000,1,0,1
EG_WAL_11640,Giza,716,Verified_Tier1,20,3,0,43,8,5000,0,0,0.02
EG_WAL_11641,Gharbia,311,Basic,10,7,0,16,2,500,0,0,0
EG_WAL_11642,Giza,470,Verified_Tier1,8,5,0,26,4,1000,0,0,0
EG_WAL_11643,Giza,322,Basic,11,2,0,22,5,5000,0,0,0
EG_WAL_11644,Cairo,36,Basic,8,4,0,57,0,0,1,0,1
EG_WAL_11645,Alexandria,668,Verified_Tier1,15,4,0,68,0,0,1,0,1
EG_WAL_11646,Cairo,121,Basic,4,5,5,55,0,0,1,0,1
EG_WAL_11647,Gharbia,219,Basic,14,4,2,44,1,2500,0,0,0
EG_WAL_11648,Alexandria,505,Basic,12,5,0,28,3,1000,0,0,0
EG_WAL_11649,Alexandria,540,Basic,8,2,2,13,5,1000,0,0,0
EG_WAL_11650,Cairo,491,Basic,10,7,0,7,2,2500,0,0,0
EG_WAL_11651,Cairo,82,Verified_Tier1,11,1,0,45,8,1000,0,0,0
EG_WAL_11652,Cairo,515,Basic,11,4,0,26,2,2500,0,0,0
EG_WAL_11653,Cairo,673,Merchant,19,4,1,69,3,5000,1,0,1
EG_WAL_11654,Cairo,519,Basic,8,1,0,6,3,500,0,0,0
EG_WAL_11655,Asyut,393,Basic,13,3,1,25,4,1000,0,0,0
EG_WAL_11656,Giza,141,Basic,18,3,0,41,4,2500,0,0,0
EG_WAL_11657,Cairo,438,Basic,22,3,0,29,1,500,0,0,0
EG_WAL_11658,Cairo,36,Verified_Tier1,8,3,0,80,5,500,1,0,1
EG_WAL_11659,Giza,697,Basic,12,5,1,5,8,2500,0,0,0
EG_WAL_11660,Giza,226,Basic,12,3,1,66,4,1000,1,0,1
EG_WAL_11661,Giza,396,Verified_Tier1,10,3,0,82,0,0,1,0,1
EG_WAL_11662,Asyut,279,Basic,10,3,0,82,8,1000,1,0,1
EG_WAL_11663,Giza,624,Verified_Tier1,9,7,0,53,6,5000,1,0,1
EG_WAL_11664,Asyut,269,Verified_Tier1,18,3,0,87,6,1000,1,0,1
EG_WAL_11665,Gharbia,409,Basic,13,5,0,34,5,2500,0,0,0
EG_WAL_11666,Cairo,500,Basic,13,1,0,34,0,0,0,0,0
EG_WAL_11667,Asyut,484,Basic,9,2,0,4,6,1000,0,0,0
EG_WAL_11668,Cairo,395,Verified_Tier1,13,2,1,5,3,5000,0,0,0
EG_WAL_11669,Gharbia,319,Basic,12,5,0,22,4,2500,0,0,0
EG_WAL_11670,Cairo,432,Basic,12,6,1,58,6,2500,1,0,1
EG_WAL_11671,Gharbia,87,Basic,9,5,0,50,2,5000,1,0,1
EG_WAL_11672,Gharbia,550,Basic,6,4,0,61,1,1000,1,0,1
EG_WAL_11673,Gharbia,333,Basic,19,4,3,31,0,0,0,0,0
EG_WAL_11674,Alexandria,144,Verified_Tier1,18,3,0,0,7,500,0,0,0
EG_WAL_11675,Cairo,239,Basic,12,4,1,48,7,2500,1,0,1
EG_WAL_11676,Cairo,70,Verified_Tier1,5,4,0,27,6,2500,0,0,0
EG_WAL_11677,Giza,202,Verified_Tier1,13,7,1,70,9,500,1,0,1
EG_WAL_11678,Cairo,263,Basic,7,4,0,36,8,1000,0,0,0
EG_WAL_11679,Alexandria,619,Basic,8,2,3,28,9,1000,0,0,0
EG_WAL_11680,Cairo,649,Basic,18,4,0,18,0,0,0,0,0
EG_WAL_11681,Asyut,432,Verified_Tier1,10,5,0,18,2,1000,0,0,0
EG_WAL_11682,Giza,68,Basic,11,5,0,50,4,500,1,0,1
EG_WAL_11683,Gharbia,148,Merchant,17,2,0,83,1,5000,1,0,1
EG_WAL_11684,Cairo,364,Verified_Tier1,19,5,0,14,6,5000,0,0,0
EG_WAL_11685,Gharbia,365,Basic,11,6,0,23,5,2500,0,0,0
EG_WAL_11686,Asyut,568,Verified_Tier1,8,6,2,60,9,1000,1,0,1
EG_WAL_11687,Giza,645,Basic,18,4,0,52,1,500,1,0,1
EG_WAL_11688,Giza,103,Verified_Tier1,15,6,1,71,7,5000,1,0,1
EG_WAL_11689,Alexandria,220,Basic,11,3,0,58,2,5000,1,0,1
EG_WAL_11690,Cairo,353,Basic,11,6,0,6,3,500,0,0,0
EG_WAL_11691,Giza,176,Basic,10,0,0,82,4,2500,1,0,1
EG_WAL_11692,Cairo,313,Verified_Tier1,12,2,0,75,5,500,1,0,1
EG_WAL_11693,Cairo,242,Basic,14,4,0,89,8,2500,1,0,1
EG_WAL_11694,Cairo,664,Merchant,10,3,2,67,8,1000,1,0,0.99
EG_WAL_11695,Cairo,423,Basic,15,6,0,33,8,2500,0,0,0
EG_WAL_11696,Cairo,368,Basic,18,6,1,6,7,1000,0,0,0
EG_WAL_11697,Cairo,51,Basic,15,4,0,53,4,1000,1,0,0.99
EG_WAL_11698,Asyut,134,Basic,6,3,1,66,4,1000,1,0,1
EG_WAL_11699,Giza,495,Basic,13,2,1,11,3,500,0,0,0
EG_WAL_11700,Asyut,488,Basic,12,5,0,57,6,5000,1,0,1
EG_WAL_11701,Giza,461,Verified_Tier1,13,4,1,82,3,500,1,0,1
EG_WAL_11702,Cairo,648,Basic,13,3,0,51,4,500,1,0,1
EG_WAL_11703,Giza,250,Basic,14,4,1,80,8,5000,1,0,1
EG_WAL_11704,Giza,408,Basic,11,5,0,55,6,5000,1,0,1
EG_WAL_11705,Cairo,251,Verified_Tier1,4,5,2,81,8,5000,1,0,1
EG_WAL_11706,Giza,287,Basic,6,6,0,2,7,5000,0,0,0
EG_WAL_11707,Cairo,396,Basic,12,2,1,12,2,1000,0,0,0
EG_WAL_11708,Giza,378,Basic,12,6,0,62,2,5000,1,0,1
EG_WAL_11709,Alexandria,254,Verified_Tier1,10,4,0,4,1,500,0,0,0
EG_WAL_11710,Cairo,265,Verified_Tier1,17,4,0,24,2,1000,0,0,0
EG_WAL_11711,Cairo,212,Basic,7,2,0,85,9,500,1,0,1
EG_WAL_11712,Alexandria,473,Basic,11,5,0,71,2,1000,1,0,1
EG_WAL_11713,Giza,652,Verified_Tier1,15,7,0,51,2,1000,1,0,1
EG_WAL_11714,Cairo,35,Merchant,14,3,0,79,5,2500,1,0,1
EG_WAL_11715,Asyut,265,Verified_Tier1,11,6,2,4,8,1000,0,0,0
EG_WAL_11716,Cairo,156,Merchant,8,1,0,58,6,2500,1,0,0.99
EG_WAL_11717,Alexandria,133,Verified_Tier1,11,1,0,24,6,2500,0,0,0
EG_WAL_11718,Asyut,509,Verified_Tier1,13,7,0,79,6,1000,1,0,1
EG_WAL_11719,Cairo,184,Basic,14,3,0,87,0,0,1,0,1
EG_WAL_11720,Cairo,286,Basic,5,4,0,13,3,5000,0,0,0
EG_WAL_11721,Cairo,264,Basic,12,4,0,76,8,500,1,0,1
EG_WAL_11722,Cairo,529,Verified_Tier1,13,1,0,86,3,500,1,0,1
EG_WAL_11723,Cairo,318,Verified_Tier1,7,6,1,51,6,2500,1,0,1
EG_WAL_11724,Alexandria,539,Verified_Tier1,8,5,0,24,1,1000,0,0,0
EG_WAL_11725,Cairo,581,Basic,13,5,0,71,5,1000,1,0,1
EG_WAL_11726,Giza,598,Basic,7,7,1,55,4,1000,1,0,1
EG_WAL_11727,Asyut,327,Basic,12,2,1,81,9,2500,1,0,1
EG_WAL_11728,Gharbia,639,Basic,10,5,0,36,1,1000,0,0,0
EG_WAL_11729,Giza,166,Verified_Tier1,16,6,0,69,2,500,1,0,1
EG_WAL_11730,Cairo,405,Verified_Tier1,8,9,0,5,2,5000,0,0,0
EG_WAL_11731,Giza,116,Basic,9,3,1,24,2,2500,0,0,0
EG_WAL_11732,Giza,448,Basic,9,11,1,19,4,5000,0,0,0.01
EG_WAL_11733,Giza,228,Verified_Tier1,8,3,0,22,9,2500,0,0,0
EG_WAL_11734,Cairo,492,Basic,11,3,0,56,8,5000,1,0,1
EG_WAL_11735,Gharbia,466,Verified_Tier1,11,6,1,52,6,2500,1,0,1
EG_WAL_11736,Giza,339,Basic,14,5,1,58,5,5000,1,0,1
EG_WAL_11737,Cairo,625,Basic,8,4,1,80,3,500,1,0,1
EG_WAL_11738,Cairo,310,Basic,9,3,0,60,4,500,1,0,1
EG_WAL_11739,Giza,352,Basic,27,2,0,54,5,2500,1,0,0.98
EG_WAL_11740,Gharbia,181,Basic,14,4,0,79,7,500,1,0,1
EG_WAL_11741,Alexandria,331,Basic,5,3,0,19,8,5000,0,0,0
EG_WAL_11742,Alexandria,307,Basic,17,3,0,2,1,500,0,0,0
EG_WAL_11743,Cairo,680,Basic,18,2,2,64,7,500,1,0,1
EG_WAL_11744,Giza,717,Basic,15,2,1,36,7,5000,0,0,0.03
EG_WAL_11745,Giza,37,Basic,5,1,0,34,6,5000,0,0,0
EG_WAL_11746,Cairo,264,Basic,14,9,1,15,3,1000,0,0,0
EG_WAL_11747,Cairo,704,Verified_Tier1,9,7,0,3,8,1000,0,0,0.01
EG_WAL_11748,Alexandria,590,Verified_Tier1,16,5,0,2,6,2500,0,0,0
EG_WAL_11749,Cairo,331,Basic,11,3,0,16,4,2500,0,0,0
EG_WAL_11750,Giza,67,Basic,11,5,0,43,3,1000,0,0,0
EG_WAL_11751,Cairo,165,Basic,12,4,0,62,5,5000,1,0,1
EG_WAL_11752,Cairo,450,Basic,13,4,1,41,5,2500,0,0,0
EG_WAL_11753,Cairo,248,Verified_Tier1,8,5,2,16,8,5000,0,0,0
EG_WAL_11754,Asyut,377,Verified_Tier1,12,3,0,23,6,1000,0,0,0
EG_WAL_11755,Gharbia,575,Verified_Tier1,9,4,2,36,0,0,0,0,0
EG_WAL_11756,Asyut,108,Basic,12,5,0,1,3,2500,0,0,0
EG_WAL_11757,Giza,302,Basic,9,5,0,13,3,1000,0,0,0
EG_WAL_11758,Cairo,190,Verified_Tier1,20,4,0,9,4,2500,0,0,0
EG_WAL_11759,Giza,716,Basic,12,2,0,14,4,500,0,0,0
EG_WAL_11760,Giza,337,Basic,9,2,0,36,9,5000,0,0,0
EG_WAL_11761,Gharbia,403,Merchant,11,2,0,57,3,5000,1,0,0.99
EG_WAL_11762,Cairo,38,Verified_Tier1,13,3,0,45,2,5000,0,0,0
EG_WAL_11763,Giza,473,Verified_Tier1,7,6,0,52,5,500,1,0,1
EG_WAL_11764,Cairo,142,Basic,12,2,4,81,1,1000,1,1,1
EG_WAL_11765,Cairo,234,Basic,6,4,0,55,8,1000,1,0,1
EG_WAL_11766,Alexandria,434,Basic,12,5,0,12,5,500,0,0,0
EG_WAL_11767,Giza,226,Verified_Tier1,12,0,1,34,4,500,0,0,0
EG_WAL_11768,Cairo,144,Basic,9,3,0,35,2,1000,0,0,0
EG_WAL_11769,Cairo,150,Verified_Tier1,12,2,1,73,3,500,1,0,1
EG_WAL_11770,Giza,682,Verified_Tier1,12,3,2,33,5,1000,0,0,0
EG_WAL_11771,Alexandria,94,Basic,10,6,0,23,2,500,0,0,0
EG_WAL_11772,Gharbia,305,Basic,10,6,0,52,9,500,1,0,1
EG_WAL_11773,Asyut,268,Basic,11,7,0,26,6,1000,0,0,0
EG_WAL_11774,Alexandria,331,Verified_Tier1,11,4,0,72,4,1000,1,0,1
EG_WAL_11775,Cairo,421,Verified_Tier1,15,3,0,72,9,1000,1,0,1
EG_WAL_11776,Alexandria,551,Verified_Tier1,15,2,0,73,0,0,1,0,1
EG_WAL_11777,Giza,398,Basic,9,2,1,11,8,2500,0,0,0
EG_WAL_11778,Cairo,262,Basic,17,6,0,14,8,2500,0,0,0
EG_WAL_11779,Gharbia,224,Verified_Tier1,6,6,0,2,0,0,0,0,0
EG_WAL_11780,Cairo,41,Basic,14,6,1,27,3,5000,0,0,0
EG_WAL_11781,Asyut,718,Verified_Tier1,12,4,0,8,3,5000,0,0,0
EG_WAL_11782,Giza,206,Verified_Tier1,9,4,0,38,9,2500,0,0,0
EG_WAL_11783,Giza,246,Basic,16,2,0,29,7,500,0,0,0
EG_WAL_11784,Alexandria,40,Basic,18,2,0,56,1,1000,1,0,1
EG_WAL_11785,Gharbia,475,Basic,15,6,0,22,6,2500,0,0,0
EG_WAL_11786,Giza,659,Basic,11,4,0,29,7,5000,0,0,0.01
EG_WAL_11787,Giza,193,Verified_Tier1,5,2,4,63,2,1000,1,0,0.99
EG_WAL_11788,Cairo,580,Verified_Tier1,12,3,1,15,9,500,0,0,0
EG_WAL_11789,Giza,82,Verified_Tier1,7,3,3,35,2,500,0,0,0
EG_WAL_11790,Cairo,247,Verified_Tier1,12,2,0,29,8,5000,0,0,0
EG_WAL_11791,Alexandria,389,Basic,12,4,0,45,7,5000,0,0,0.01
EG_WAL_11792,Giza,414,Basic,13,2,0,79,0,0,1,0,1
EG_WAL_11793,Alexandria,85,Verified_Tier1,7,3,0,19,1,2500,0,0,0
EG_WAL_11794,Cairo,147,Basic,14,2,0,77,3,1000,1,0,1
EG_WAL_11795,Cairo,282,Verified_Tier1,5,9,1,55,5,1000,1,0,1
EG_WAL_11796,Alexandria,209,Verified_Tier1,13,3,0,36,2,500,0,0,0
EG_WAL_11797,Cairo,444,Basic,12,3,0,82,3,1000,1,0,1
EG_WAL_11798,Cairo,264,Basic,18,6,0,80,3,2500,1,0,1
EG_WAL_11799,Cairo,109,Basic,15,3,0,61,9,1000,1,0,1
EG_WAL_11800,Asyut,676,Verified_Tier1,7,8,0,64,6,5000,1,0,1
EG_WAL_11801,Alexandria,51,Basic,13,6,0,28,6,1000,0,0,0
EG_WAL_11802,Cairo,506,Verified_Tier1,9,6,0,87,6,5000,1,0,1
EG_WAL_11803,Cairo,469,Basic,9,9,0,82,3,500,1,0,1
EG_WAL_11804,Cairo,599,Merchant,10,6,0,42,4,500,0,0,0
EG_WAL_11805,Alexandria,122,Basic,12,2,0,73,3,500,1,0,1
EG_WAL_11806,Alexandria,221,Basic,6,2,0,35,8,500,0,0,0
EG_WAL_11807,Cairo,132,Verified_Tier1,9,2,0,16,3,2500,0,0,0
EG_WAL_11808,Cairo,425,Verified_Tier1,14,3,1,53,0,0,1,0,1
EG_WAL_11809,Cairo,36,Basic,11,2,0,16,7,1000,0,0,0
EG_WAL_11810,Alexandria,669,Verified_Tier1,8,5,0,31,5,500,0,0,0.01
EG_WAL_11811,Alexandria,596,Verified_Tier1,16,4,0,15,1,5000,0,0,0
EG_WAL_11812,Cairo,260,Basic,14,5,1,50,0,0,1,0,1
EG_WAL_11813,Cairo,603,Basic,11,4,2,58,9,2500,1,0,1
EG_WAL_11814,Cairo,269,Verified_Tier1,16,5,0,22,6,2500,0,0,0
EG_WAL_11815,Asyut,119,Basic,11,4,0,15,7,500,0,0,0
EG_WAL_11816,Cairo,261,Basic,8,1,0,31,9,500,0,0,0
EG_WAL_11817,Alexandria,486,Verified_Tier1,15,2,0,65,8,5000,1,0,1
EG_WAL_11818,Giza,262,Basic,18,3,0,69,3,500,1,0,1
EG_WAL_11819,Cairo,383,Basic,10,3,0,73,6,500,1,0,1
EG_WAL_11820,Cairo,362,Merchant,8,2,0,61,4,1000,1,0,1
EG_WAL_11821,Cairo,468,Basic,12,9,0,29,1,1000,0,0,0
EG_WAL_11822,Giza,404,Verified_Tier1,10,4,0,35,2,2500,0,0,0
EG_WAL_11823,Alexandria,321,Verified_Tier1,12,6,1,5,7,500,0,0,0
EG_WAL_11824,Giza,374,Basic,9,1,0,44,9,500,0,0,0
EG_WAL_11825,Giza,693,Basic,8,0,0,32,4,5000,0,0,0
EG_WAL_11826,Cairo,457,Basic,18,4,0,4,2,1000,0,0,0
EG_WAL_11827,Asyut,686,Basic,17,5,1,55,7,500,1,0,1
EG_WAL_11828,Alexandria,159,Verified_Tier1,10,3,0,27,6,1000,0,0,0
EG_WAL_11829,Cairo,170,Verified_Tier1,2,1,1,6,6,2500,0,0,0
EG_WAL_11830,Asyut,444,Basic,13,2,0,58,6,5000,1,0,1
EG_WAL_11831,Giza,122,Basic,15,4,0,18,4,2500,0,0,0
EG_WAL_11832,Giza,655,Basic,19,10,1,61,3,500,1,0,0.99
EG_WAL_11833,Alexandria,313,Basic,9,6,0,42,5,500,0,0,0
EG_WAL_11834,Gharbia,684,Basic,10,3,0,49,5,500,1,0,1
EG_WAL_11835,Alexandria,252,Basic,13,3,0,89,5,1000,1,0,1
EG_WAL_11836,Cairo,492,Verified_Tier1,15,5,0,52,7,1000,1,0,1
EG_WAL_11837,Cairo,574,Basic,13,5,0,37,5,2500,0,0,0
EG_WAL_11838,Asyut,305,Basic,12,4,0,16,9,1000,0,0,0
EG_WAL_11839,Cairo,711,Verified_Tier1,15,6,0,82,3,500,1,0,0.98
EG_WAL_11840,Cairo,169,Basic,16,5,0,26,9,2500,0,0,0
EG_WAL_11841,Giza,386,Basic,7,4,0,36,9,5000,0,0,0
EG_WAL_11842,Giza,52,Basic,14,4,0,6,3,500,0,0,0
EG_WAL_11843,Giza,299,Basic,9,6,0,37,4,1000,0,0,0
EG_WAL_11844,Asyut,694,Basic,5,6,0,80,6,1000,1,0,0.99
EG_WAL_11845,Cairo,362,Verified_Tier1,11,3,1,28,0,0,0,0,0
EG_WAL_11846,Cairo,114,Basic,16,6,0,50,0,0,1,0,1
EG_WAL_11847,Cairo,650,Merchant,8,3,2,80,4,2500,1,0,1
EG_WAL_11848,Gharbia,60,Basic,9,5,1,14,4,5000,0,0,0
EG_WAL_11849,Giza,269,Basic,15,4,2,15,0,0,0,0,0
EG_WAL_11850,Cairo,392,Basic,15,7,1,10,6,1000,0,0,0
EG_WAL_11851,Gharbia,418,Basic,8,4,0,32,6,2500,0,0,0
EG_WAL_11852,Gharbia,682,Basic,12,0,0,19,3,2500,0,0,0
EG_WAL_11853,Gharbia,697,Basic,13,5,0,28,1,5000,0,0,0
EG_WAL_11854,Asyut,328,Basic,8,0,0,15,1,5000,0,0,0
EG_WAL_11855,Cairo,400,Basic,19,1,0,16,3,5000,0,0,0
EG_WAL_11856,Alexandria,128,Basic,10,5,1,56,1,1000,1,0,1
EG_WAL_11857,Giza,76,Basic,9,2,0,77,0,0,1,0,1
EG_WAL_11858,Gharbia,451,Basic,14,5,0,87,0,0,1,0,1
EG_WAL_11859,Alexandria,509,Verified_Tier1,19,3,0,36,7,1000,0,0,0
EG_WAL_11860,Alexandria,608,Verified_Tier1,4,6,0,76,1,2500,1,0,1
EG_WAL_11861,Alexandria,91,Basic,8,5,0,17,8,5000,0,0,0
EG_WAL_11862,Cairo,138,Basic,14,4,0,70,1,2500,1,0,1
EG_WAL_11863,Giza,708,Basic,13,3,0,48,3,2500,1,0,1
EG_WAL_11864,Asyut,578,Verified_Tier1,20,5,0,10,6,1000,0,0,0
EG_WAL_11865,Asyut,148,Basic,17,4,0,56,6,2500,1,0,1
EG_WAL_11866,Cairo,627,Verified_Tier1,12,3,2,80,9,1000,1,0,1
EG_WAL_11867,Cairo,411,Basic,16,5,0,18,7,5000,0,0,0
EG_WAL_11868,Cairo,421,Basic,11,1,0,69,2,5000,1,0,1
EG_WAL_11869,Alexandria,81,Basic,12,2,0,81,0,0,1,0,1
EG_WAL_11870,Gharbia,632,Basic,13,4,0,52,3,2500,1,0,1
EG_WAL_11871,Cairo,318,Verified_Tier1,12,4,0,9,2,5000,0,0,0
EG_WAL_11872,Giza,366,Basic,13,2,2,0,3,1000,0,0,0
EG_WAL_11873,Gharbia,233,Basic,10,3,0,0,5,1000,0,0,0
EG_WAL_11874,Alexandria,267,Basic,9,2,0,46,0,0,1,0,0.99
EG_WAL_11875,Giza,411,Verified_Tier1,10,3,0,26,0,0,0,0,0
EG_WAL_11876,Giza,696,Basic,10,2,2,24,1,2500,0,0,0.01
EG_WAL_11877,Giza,165,Basic,12,5,1,89,9,2500,1,0,1
EG_WAL_11878,Cairo,436,Basic,6,5,0,9,9,5000,0,0,0
EG_WAL_11879,Giza,537,Basic,15,5,0,35,2,5000,0,0,0
EG_WAL_11880,Alexandria,391,Verified_Tier1,8,5,0,45,4,500,0,0,0
EG_WAL_11881,Gharbia,410,Basic,13,3,0,7,8,2500,0,0,0
EG_WAL_11882,Giza,605,Basic,11,6,0,61,5,500,1,0,1
EG_WAL_11883,Alexandria,664,Basic,11,2,3,28,4,500,0,0,0.01
EG_WAL_11884,Cairo,283,Verified_Tier1,11,4,0,52,7,500,1,0,1
EG_WAL_11885,Giza,506,Basic,13,1,1,3,0,0,0,0,0
EG_WAL_11886,Cairo,143,Basic,14,3,1,48,6,2500,1,0,1
EG_WAL_11887,Cairo,49,Verified_Tier1,9,1,0,68,7,500,1,0,0.99
EG_WAL_11888,Alexandria,557,Basic,15,5,0,41,8,2500,0,0,0
EG_WAL_11889,Asyut,174,Merchant,19,4,0,74,8,5000,1,0,1
EG_WAL_11890,Cairo,237,Basic,10,9,1,64,7,2500,1,0,1
EG_WAL_11891,Giza,560,Basic,12,4,0,76,9,5000,1,0,1
EG_WAL_11892,Gharbia,405,Verified_Tier1,8,3,1,83,2,2500,1,0,1
EG_WAL_11893,Cairo,533,Verified_Tier1,7,5,0,33,5,2500,0,0,0
EG_WAL_11894,Giza,195,Basic,10,6,0,13,4,2500,0,0,0
EG_WAL_11895,Alexandria,579,Verified_Tier1,10,6,0,52,2,1000,1,0,1
EG_WAL_11896,Giza,210,Basic,12,4,0,75,1,2500,1,0,1
EG_WAL_11897,Cairo,646,Verified_Tier1,12,3,0,74,1,5000,1,0,1
EG_WAL_11898,Cairo,641,Basic,5,4,0,0,9,2500,0,0,0
EG_WAL_11899,Alexandria,631,Basic,9,5,0,7,9,500,0,0,0
EG_WAL_11900,Giza,473,Verified_Tier1,16,5,0,17,9,5000,0,0,0
EG_WAL_11901,Cairo,361,Verified_Tier1,14,7,0,4,3,500,0,0,0
EG_WAL_11902,Alexandria,532,Basic,8,7,0,66,8,5000,1,0,1
EG_WAL_11903,Cairo,108,Basic,13,2,0,21,1,500,0,0,0
EG_WAL_11904,Alexandria,614,Basic,11,6,0,5,4,5000,0,0,0
EG_WAL_11905,Cairo,717,Basic,12,6,0,87,7,500,1,0,1
EG_WAL_11906,Asyut,425,Basic,12,5,0,26,9,500,0,0,0
EG_WAL_11907,Cairo,637,Basic,10,5,1,84,1,5000,1,0,1
EG_WAL_11908,Cairo,132,Basic,8,2,0,36,6,5000,0,0,0
EG_WAL_11909,Cairo,431,Verified_Tier1,10,3,0,34,5,5000,0,0,0
EG_WAL_11910,Cairo,253,Basic,9,2,0,35,0,0,0,0,0
EG_WAL_11911,Gharbia,547,Basic,11,4,0,60,6,2500,1,0,1
EG_WAL_11912,Asyut,663,Basic,15,3,0,89,9,5000,1,0,1
EG_WAL_11913,Cairo,265,Verified_Tier1,17,2,0,0,8,5000,0,0,0
EG_WAL_11914,Giza,456,Basic,9,2,0,47,0,0,1,0,1
EG_WAL_11915,Alexandria,145,Basic,18,3,0,82,1,500,1,0,1
EG_WAL_11916,Gharbia,192,Verified_Tier1,10,5,0,89,6,1000,1,0,1
EG_WAL_11917,Giza,255,Verified_Tier1,13,3,2,86,0,0,1,0,1
EG_WAL_11918,Cairo,259,Verified_Tier1,15,6,0,66,1,2500,1,0,1
EG_WAL_11919,Giza,211,Verified_Tier1,12,3,1,76,2,2500,1,0,1
EG_WAL_11920,Alexandria,278,Verified_Tier1,15,4,1,38,1,1000,0,0,0
EG_WAL_11921,Cairo,347,Verified_Tier1,17,1,0,79,1,1000,1,0,1
EG_WAL_11922,Giza,239,Basic,16,4,1,2,1,500,0,0,0
EG_WAL_11923,Cairo,685,Basic,5,2,0,25,6,1000,0,0,0
EG_WAL_11924,Alexandria,421,Basic,9,2,0,68,9,500,1,0,1
EG_WAL_11925,Cairo,125,Basic,10,1,1,54,3,5000,1,0,1
EG_WAL_11926,Giza,115,Basic,15,3,0,2,3,2500,0,0,0
EG_WAL_11927,Giza,444,Basic,13,10,0,55,7,5000,1,0,1
EG_WAL_11928,Giza,423,Verified_Tier1,8,5,0,27,4,2500,0,0,0
EG_WAL_11929,Cairo,662,Basic,15,3,0,42,0,0,0,0,0
EG_WAL_11930,Giza,530,Basic,13,4,3,29,1,500,0,0,0
EG_WAL_11931,Giza,633,Merchant,14,6,0,86,9,2500,1,0,1
EG_WAL_11932,Giza,611,Basic,20,3,0,17,2,5000,0,0,0
EG_WAL_11933,Giza,162,Basic,13,5,0,4,3,2500,0,0,0
EG_WAL_11934,Alexandria,678,Basic,12,2,1,85,8,500,1,0,1
EG_WAL_11935,Gharbia,343,Verified_Tier1,18,1,0,60,9,1000,1,0,1
EG_WAL_11936,Cairo,250,Basic,10,5,1,0,9,5000,0,0,0
EG_WAL_11937,Gharbia,467,Verified_Tier1,18,2,0,63,4,2500,1,0,1
EG_WAL_11938,Giza,75,Basic,14,5,0,13,5,1000,0,0,0
EG_WAL_11939,Cairo,221,Basic,7,2,2,40,2,1000,0,0,0.01
EG_WAL_11940,Cairo,549,Basic,20,4,0,72,1,2500,1,0,1
EG_WAL_11941,Cairo,408,Verified_Tier1,7,3,0,67,1,1000,1,0,1
EG_WAL_11942,Alexandria,363,Verified_Tier1,12,3,0,52,5,2500,1,0,1
EG_WAL_11943,Alexandria,68,Verified_Tier1,13,5,0,88,5,2500,1,0,1
EG_WAL_11944,Alexandria,322,Verified_Tier1,8,4,0,30,6,500,0,0,0
EG_WAL_11945,Giza,719,Basic,4,5,0,58,8,2500,1,0,1
EG_WAL_11946,Giza,191,Verified_Tier1,10,6,1,65,2,5000,1,0,1
EG_WAL_11947,Cairo,360,Basic,18,3,0,36,6,500,0,0,0
EG_WAL_11948,Cairo,133,Verified_Tier1,16,5,0,49,6,500,1,0,1
EG_WAL_11949,Giza,190,Basic,16,0,0,65,7,500,1,0,1
EG_WAL_11950,Cairo,664,Basic,16,1,0,13,4,500,0,0,0
EG_WAL_11951,Cairo,83,Basic,10,6,3,14,2,5000,0,0,0
EG_WAL_11952,Giza,63,Basic,7,6,0,24,1,5000,0,0,0
EG_WAL_11953,Alexandria,271,Basic,9,2,0,73,3,500,1,0,1
EG_WAL_11954,Asyut,142,Verified_Tier1,11,4,2,7,7,1000,0,0,0
EG_WAL_11955,Asyut,347,Basic,6,3,0,57,4,5000,1,0,0.99
EG_WAL_11956,Giza,52,Basic,6,8,2,55,0,0,1,0,1
EG_WAL_11957,Giza,587,Verified_Tier1,7,2,0,13,2,500,0,0,0
EG_WAL_11958,Giza,676,Basic,8,4,1,83,4,5000,1,0,1
EG_WAL_11959,Alexandria,147,Verified_Tier1,9,5,0,41,5,500,0,0,0
EG_WAL_11960,Cairo,672,Basic,5,5,1,12,1,1000,0,0,0
EG_WAL_11961,Giza,241,Merchant,13,6,1,18,7,500,0,0,0
EG_WAL_11962,Gharbia,447,Basic,11,8,0,33,6,1000,0,0,0
EG_WAL_11963,Cairo,142,Basic,17,4,0,89,6,5000,1,0,1
EG_WAL_11964,Giza,73,Basic,11,3,0,45,6,1000,0,0,0
EG_WAL_11965,Giza,157,Basic,12,5,2,87,4,500,1,0,1
EG_WAL_11966,Cairo,187,Verified_Tier1,8,6,0,54,1,2500,1,0,1
EG_WAL_11967,Cairo,423,Basic,12,5,0,84,7,5000,1,0,1
EG_WAL_11968,Cairo,541,Basic,9,6,0,63,2,2500,1,0,1
EG_WAL_11969,Cairo,74,Basic,12,0,1,56,2,500,1,0,1
EG_WAL_11970,Cairo,137,Verified_Tier1,14,5,1,87,1,2500,1,0,1
EG_WAL_11971,Gharbia,248,Basic,10,3,0,71,1,5000,1,0,1
EG_WAL_11972,Cairo,472,Merchant,9,2,2,63,1,500,1,0,0.99
EG_WAL_11973,Giza,344,Basic,9,3,3,4,5,500,0,0,0
EG_WAL_11974,Cairo,206,Basic,5,10,3,88,7,1000,1,0,1
EG_WAL_11975,Asyut,257,Basic,10,4,1,42,2,500,0,0,0
EG_WAL_11976,Cairo,701,Verified_Tier1,15,1,0,16,5,500,0,0,0
EG_WAL_11977,Giza,296,Verified_Tier1,17,1,0,88,2,2500,1,0,1
EG_WAL_11978,Gharbia,408,Basic,9,3,0,45,8,1000,0,0,0
EG_WAL_11979,Gharbia,518,Basic,14,2,0,32,0,0,0,0,0
EG_WAL_11980,Cairo,716,Verified_Tier1,13,3,3,68,6,2500,1,0,0.97
EG_WAL_11981,Gharbia,319,Basic,12,6,0,14,7,500,0,0,0
EG_WAL_11982,Giza,386,Basic,14,3,0,41,8,5000,0,0,0
EG_WAL_11983,Giza,686,Basic,13,3,0,14,4,1000,0,0,0
EG_WAL_11984,Cairo,233,Basic,12,4,0,64,5,1000,1,0,1
EG_WAL_11985,Cairo,242,Basic,12,5,0,62,4,5000,1,0,1
EG_WAL_11986,Alexandria,581,Basic,8,4,0,55,9,5000,1,0,1
EG_WAL_11987,Giza,352,Basic,14,6,0,42,4,2500,0,0,0
EG_WAL_11988,Giza,623,Verified_Tier1,9,5,0,81,6,1000,1,0,1
EG_WAL_11989,Alexandria,210,Basic,17,3,1,69,3,500,1,0,1
EG_WAL_11990,Alexandria,528,Verified_Tier1,9,7,0,33,5,2500,0,0,0
EG_WAL_11991,Cairo,349,Basic,8,6,0,65,3,5000,1,0,1
EG_WAL_11992,Giza,112,Verified_Tier1,7,4,0,80,1,500,1,0,1
EG_WAL_11993,Cairo,332,Basic,11,0,0,68,1,5000,1,0,1
EG_WAL_11994,Alexandria,291,Verified_Tier1,17,6,0,19,3,5000,0,0,0
EG_WAL_11995,Alexandria,229,Basic,13,2,1,13,4,1000,0,0,0
EG_WAL_11996,Asyut,269,Verified_Tier1,14,6,0,75,0,0,1,0,1
EG_WAL_11997,Cairo,712,Basic,14,4,0,67,2,500,1,0,1
EG_WAL_11998,Cairo,324,Basic,15,2,3,40,4,1000,0,0,0
EG_WAL_11999,Cairo,541,Merchant,7,8,0,58,7,500,1,0,1
EG_WAL_12000,Cairo,718,Basic,19,3,0,49,3,500,1,0,0.97
EG_WAL_12001,Cairo,425,Basic,16,3,2,73,5,2500,1,0,1
EG_WAL_12002,Asyut,167,Verified_Tier1,11,4,0,38,3,500,0,0,0
EG_WAL_12003,Cairo,158,Basic,8,3,0,29,4,1000,0,0,0
EG_WAL_12004,Cairo,78,Basic,14,3,0,36,6,1000,0,0,0
EG_WAL_12005,Alexandria,705,Merchant,13,3,1,46,7,1000,1,0,1
EG_WAL_12006,Giza,322,Basic,11,1,0,89,9,1000,1,0,1
EG_WAL_12007,Alexandria,657,Verified_Tier1,10,5,0,44,9,500,0,0,0.01
EG_WAL_12008,Cairo,565,Basic,13,4,0,56,7,1000,1,0,1
EG_WAL_12009,Giza,340,Verified_Tier1,13,1,0,3,6,2500,0,0,0
EG_WAL_12010,Cairo,566,Basic,13,2,3,5,3,500,0,0,0
EG_WAL_12011,Cairo,668,Merchant,13,2,2,14,3,2500,0,0,0.01
EG_WAL_12012,Asyut,263,Basic,12,6,1,44,1,1000,0,0,0
EG_WAL_12013,Cairo,238,Basic,10,5,2,81,8,2500,1,0,1
EG_WAL_12014,Giza,634,Verified_Tier1,17,3,0,80,5,5000,1,0,1
EG_WAL_12015,Giza,123,Basic,18,4,0,59,2,1000,1,0,1
EG_WAL_12016,Cairo,356,Verified_Tier1,11,6,0,88,2,500,1,0,1
EG_WAL_12017,Gharbia,254,Verified_Tier1,8,4,1,27,0,0,0,0,0
EG_WAL_12018,Cairo,40,Basic,13,8,1,76,1,500,1,0,0.98
EG_WAL_12019,Alexandria,358,Verified_Tier1,9,3,0,31,4,1000,0,0,0
EG_WAL_12020,Asyut,41,Basic,8,3,0,47,8,500,1,0,1
EG_WAL_12021,Giza,64,Basic,12,4,1,18,2,2500,0,0,0
EG_WAL_12022,Asyut,476,Basic,7,3,0,30,6,2500,0,0,0
EG_WAL_12023,Cairo,481,Verified_Tier1,10,2,0,78,5,5000,1,0,1
EG_WAL_12024,Giza,249,Basic,14,6,0,59,2,5000,1,0,1
EG_WAL_12025,Cairo,470,Verified_Tier1,10,6,0,43,3,2500,0,0,0
EG_WAL_12026,Alexandria,682,Basic,11,2,3,22,4,5000,0,0,0
EG_WAL_12027,Asyut,564,Verified_Tier1,18,3,1,26,1,1000,0,0,0
EG_WAL_12028,Cairo,624,Basic,6,2,0,0,7,2500,0,0,0
EG_WAL_12029,Alexandria,258,Verified_Tier1,9,4,0,21,6,2500,0,0,0
EG_WAL_12030,Cairo,373,Basic,12,5,0,7,8,2500,0,0,0
EG_WAL_12031,Giza,109,Basic,10,2,0,68,7,500,1,0,1
EG_WAL_12032,Giza,382,Basic,10,3,0,23,6,1000,0,0,0
EG_WAL_12033,Asyut,425,Verified_Tier1,9,0,1,32,8,1000,0,0,0
EG_WAL_12034,Giza,319,Basic,14,5,0,11,9,1000,0,0,0
EG_WAL_12035,Cairo,484,Verified_Tier1,21,3,0,3,4,1000,0,0,0
EG_WAL_12036,Cairo,700,Basic,12,5,0,63,2,2500,1,0,1
EG_WAL_12037,Cairo,157,Verified_Tier1,16,3,0,78,5,5000,1,0,1
EG_WAL_12038,Cairo,572,Basic,11,6,4,59,8,1000,1,1,0.99
EG_WAL_12039,Cairo,388,Basic,15,4,0,8,5,1000,0,0,0
EG_WAL_12040,Gharbia,556,Basic,16,4,0,41,2,5000,0,0,0
EG_WAL_12041,Giza,342,Basic,16,3,0,52,1,2500,1,0,1
EG_WAL_12042,Giza,104,Basic,10,2,3,76,4,2500,1,0,0.99
EG_WAL_12043,Cairo,575,Verified_Tier1,17,4,1,73,7,2500,1,0,1
EG_WAL_12044,Gharbia,225,Merchant,13,4,3,59,7,2500,1,0,1
EG_WAL_12045,Alexandria,58,Verified_Tier1,12,7,1,13,0,0,0,0,0
EG_WAL_12046,Cairo,45,Basic,8,2,1,50,2,500,1,0,1
EG_WAL_12047,Alexandria,452,Basic,18,4,0,64,4,5000,1,0,1
EG_WAL_12048,Giza,618,Verified_Tier1,12,4,0,26,0,0,0,0,0
EG_WAL_12049,Cairo,622,Basic,11,6,0,21,5,2500,0,0,0
EG_WAL_12050,Giza,434,Verified_Tier1,13,1,0,21,3,1000,0,0,0
EG_WAL_12051,Giza,665,Basic,10,5,0,89,8,500,1,0,0.99
EG_WAL_12052,Cairo,560,Merchant,19,4,4,63,1,2500,1,1,0.97
EG_WAL_12053,Asyut,643,Basic,21,2,0,23,9,500,0,0,0
EG_WAL_12054,Gharbia,106,Verified_Tier1,16,2,2,29,4,1000,0,0,0
EG_WAL_12055,Alexandria,258,Basic,9,3,0,39,4,5000,0,0,0
EG_WAL_12056,Giza,326,Verified_Tier1,26,6,0,80,5,500,1,0,0.97
EG_WAL_12057,Giza,539,Basic,13,2,0,22,4,5000,0,0,0
EG_WAL_12058,Alexandria,602,Verified_Tier1,9,4,0,9,9,1000,0,0,0
EG_WAL_12059,Giza,567,Verified_Tier1,5,2,1,32,9,1000,0,0,0
EG_WAL_12060,Cairo,612,Basic,14,3,0,71,8,1000,1,0,1
EG_WAL_12061,Giza,644,Basic,14,4,1,4,0,0,0,0,0
EG_WAL_12062,Gharbia,355,Basic,9,1,0,26,7,1000,0,0,0
EG_WAL_12063,Giza,392,Basic,10,3,0,61,5,2500,1,0,1
EG_WAL_12064,Cairo,698,Basic,14,4,0,24,8,2500,0,0,0
EG_WAL_12065,Alexandria,388,Basic,18,5,0,65,9,5000,1,0,1
EG_WAL_12066,Cairo,353,Basic,11,3,0,19,6,500,0,0,0
EG_WAL_12067,Cairo,355,Verified_Tier1,14,2,1,42,2,500,0,0,0
EG_WAL_12068,Cairo,654,Verified_Tier1,11,3,3,66,7,2500,1,0,1
EG_WAL_12069,Cairo,194,Basic,12,2,0,57,9,1000,1,0,1
EG_WAL_12070,Alexandria,602,Verified_Tier1,16,5,1,40,2,1000,0,0,0
EG_WAL_12071,Giza,633,Verified_Tier1,8,6,0,63,2,2500,1,0,1
EG_WAL_12072,Cairo,484,Basic,17,2,0,45,3,1000,0,0,0
EG_WAL_12073,Gharbia,182,Basic,10,2,1,59,2,500,1,0,1
EG_WAL_12074,Gharbia,156,Basic,10,7,0,14,5,1000,0,0,0
EG_WAL_12075,Gharbia,222,Verified_Tier1,20,5,0,26,6,1000,0,0,0
EG_WAL_12076,Cairo,656,Verified_Tier1,11,5,1,57,2,500,1,0,1
EG_WAL_12077,Giza,559,Basic,11,9,0,23,2,500,0,0,0
EG_WAL_12078,Asyut,39,Verified_Tier1,12,4,0,34,6,2500,0,0,0
EG_WAL_12079,Alexandria,121,Basic,9,3,0,22,9,1000,0,0,0
EG_WAL_12080,Cairo,168,Basic,11,2,3,7,8,5000,0,0,0
EG_WAL_12081,Cairo,510,Verified_Tier1,12,1,0,85,2,500,1,0,1
EG_WAL_12082,Giza,478,Verified_Tier1,12,3,1,15,5,500,0,0,0
EG_WAL_12083,Asyut,362,Basic,17,3,0,69,4,500,1,0,1
EG_WAL_12084,Giza,369,Basic,11,5,2,60,7,500,1,0,1
EG_WAL_12085,Giza,81,Verified_Tier1,10,4,0,57,8,500,1,0,1
EG_WAL_12086,Cairo,495,Basic,18,1,0,28,7,500,0,0,0
EG_WAL_12087,Alexandria,504,Verified_Tier1,19,7,0,62,0,0,1,0,1
EG_WAL_12088,Gharbia,430,Basic,12,3,0,25,6,1000,0,0,0
EG_WAL_12089,Cairo,468,Basic,9,7,0,8,7,5000,0,0,0
EG_WAL_12090,Alexandria,634,Basic,13,3,1,18,4,5000,0,0,0
EG_WAL_12091,Asyut,686,Basic,12,6,1,70,3,5000,1,0,1
EG_WAL_12092,Cairo,627,Verified_Tier1,14,3,0,24,6,1000,0,0,0
EG_WAL_12093,Giza,538,Basic,14,6,0,23,5,5000,0,0,0
EG_WAL_12094,Cairo,182,Basic,8,4,0,38,1,1000,0,0,0
EG_WAL_12095,Alexandria,543,Basic,4,1,1,46,8,1000,1,0,1
EG_WAL_12096,Giza,532,Basic,14,2,1,60,2,1000,1,0,1
EG_WAL_12097,Giza,705,Verified_Tier1,13,6,1,28,0,0,0,0,0
EG_WAL_12098,Alexandria,35,Verified_Tier1,10,2,0,19,2,5000,0,0,0
EG_WAL_12099,Cairo,529,Basic,9,3,2,4,0,0,0,0,0
EG_WAL_12100,Asyut,690,Verified_Tier1,14,1,3,35,9,2500,0,0,0.01
EG_WAL_12101,Giza,147,Verified_Tier1,14,5,0,61,6,500,1,0,1
EG_WAL_12102,Cairo,514,Verified_Tier1,12,9,0,49,5,500,1,0,1
EG_WAL_12103,Alexandria,630,Basic,11,2,0,19,7,500,0,0,0
EG_WAL_12104,Alexandria,695,Basic,12,1,0,10,3,2500,0,0,0
EG_WAL_12105,Cairo,708,Basic,11,5,1,84,5,500,1,0,1
EG_WAL_12106,Gharbia,497,Verified_Tier1,13,1,2,19,2,5000,0,0,0.01
EG_WAL_12107,Asyut,190,Verified_Tier1,15,4,0,5,3,5000,0,0,0
EG_WAL_12108,Cairo,299,Basic,14,7,0,44,5,2500,0,0,0
EG_WAL_12109,Asyut,85,Basic,12,2,0,25,4,2500,0,0,0
EG_WAL_12110,Cairo,257,Basic,14,1,2,22,1,2500,0,0,0
EG_WAL_12111,Cairo,178,Basic,13,5,0,4,8,2500,0,0,0
EG_WAL_12112,Cairo,75,Merchant,11,4,1,24,1,500,0,0,0
EG_WAL_12113,Gharbia,173,Basic,20,5,1,3,7,1000,0,0,0
EG_WAL_12114,Alexandria,661,Basic,13,6,0,9,4,500,0,0,0
EG_WAL_12115,Cairo,369,Merchant,15,7,0,33,6,2500,0,0,0
EG_WAL_12116,Giza,442,Basic,5,6,0,57,5,5000,1,0,1
EG_WAL_12117,Giza,549,Verified_Tier1,14,6,2,7,1,2500,0,0,0
EG_WAL_12118,Cairo,373,Basic,14,3,1,51,3,2500,1,0,1
EG_WAL_12119,Gharbia,416,Basic,16,4,0,27,8,500,0,0,0
EG_WAL_12120,Gharbia,502,Basic,10,4,1,8,6,1000,0,0,0
EG_WAL_12121,Giza,304,Verified_Tier1,17,1,0,33,0,0,0,0,0
EG_WAL_12122,Asyut,382,Basic,11,2,0,58,3,2500,1,0,1
EG_WAL_12123,Giza,95,Basic,10,1,1,16,9,5000,0,0,0
EG_WAL_12124,Asyut,108,Verified_Tier1,15,2,0,32,2,1000,0,0,0
EG_WAL_12125,Alexandria,627,Basic,11,3,0,55,0,0,1,0,1
EG_WAL_12126,Giza,665,Basic,20,4,2,60,4,5000,1,0,0.99
EG_WAL_12127,Cairo,231,Basic,17,0,0,36,8,5000,0,0,0
EG_WAL_12128,Gharbia,691,Basic,15,4,0,12,3,5000,0,0,0
EG_WAL_12129,Giza,587,Verified_Tier1,14,3,0,28,1,1000,0,0,0
EG_WAL_12130,Cairo,142,Verified_Tier1,14,3,1,39,6,1000,0,0,0
EG_WAL_12131,Cairo,120,Merchant,14,4,0,54,7,2500,1,0,1
EG_WAL_12132,Giza,170,Verified_Tier1,13,4,0,13,1,500,0,0,0
EG_WAL_12133,Giza,318,Basic,8,4,0,7,9,500,0,0,0
EG_WAL_12134,Alexandria,618,Verified_Tier1,14,2,0,31,8,1000,0,0,0
EG_WAL_12135,Gharbia,440,Basic,17,1,2,10,9,2500,0,0,0.01
EG_WAL_12136,Cairo,406,Basic,14,3,0,68,7,2500,1,0,1
EG_WAL_12137,Alexandria,413,Basic,14,3,0,49,3,2500,1,0,0.99
EG_WAL_12138,Cairo,181,Basic,14,3,0,36,3,500,0,0,0
EG_WAL_12139,Gharbia,656,Verified_Tier1,11,0,0,44,4,1000,0,0,0
EG_WAL_12140,Gharbia,348,Basic,7,6,1,68,0,0,1,0,1
EG_WAL_12141,Giza,398,Basic,10,3,0,65,6,500,1,0,1
EG_WAL_12142,Alexandria,635,Basic,16,1,0,25,3,500,0,0,0
EG_WAL_12143,Cairo,589,Basic,11,6,1,29,0,0,0,0,0
EG_WAL_12144,Giza,491,Basic,11,7,3,76,3,2500,1,0,1
EG_WAL_12145,Gharbia,41,Verified_Tier1,10,5,0,37,3,1000,0,0,0
EG_WAL_12146,Giza,185,Basic,8,3,1,26,0,0,0,0,0
EG_WAL_12147,Cairo,713,Verified_Tier1,13,2,1,80,8,2500,1,0,0.99
EG_WAL_12148,Giza,506,Basic,11,4,0,50,7,5000,1,0,1
EG_WAL_12149,Gharbia,430,Basic,17,2,0,14,8,500,0,0,0
EG_WAL_12150,Cairo,206,Verified_Tier1,10,5,2,61,6,500,1,0,1
EG_WAL_12151,Cairo,370,Verified_Tier1,12,3,0,29,4,1000,0,0,0
EG_WAL_12152,Alexandria,86,Basic,6,5,1,31,6,500,0,0,0
EG_WAL_12153,Gharbia,477,Verified_Tier1,16,3,1,49,1,500,1,0,1
EG_WAL_12154,Cairo,232,Merchant,14,6,0,6,9,500,0,0,0
EG_WAL_12155,Cairo,662,Merchant,11,3,0,38,6,1000,0,0,0
EG_WAL_12156,Cairo,231,Verified_Tier1,13,6,1,60,3,500,1,0,1
EG_WAL_12157,Cairo,359,Verified_Tier1,19,5,1,15,4,2500,0,0,0
EG_WAL_12158,Giza,392,Basic,15,4,0,74,6,500,1,0,1
EG_WAL_12159,Alexandria,483,Verified_Tier1,8,3,0,36,1,500,0,0,0
EG_WAL_12160,Alexandria,385,Basic,16,6,1,52,4,500,1,0,1
EG_WAL_12161,Giza,245,Merchant,7,4,0,77,1,500,1,0,1
EG_WAL_12162,Cairo,584,Basic,6,5,0,22,9,2500,0,0,0
EG_WAL_12163,Gharbia,52,Basic,10,4,0,58,5,2500,1,0,1
EG_WAL_12164,Giza,184,Basic,10,4,1,27,9,2500,0,0,0
EG_WAL_12165,Asyut,215,Basic,5,2,0,68,7,5000,1,0,1
EG_WAL_12166,Giza,278,Basic,14,8,0,87,6,2500,1,0,1
EG_WAL_12167,Cairo,163,Basic,9,5,0,50,4,2500,1,0,1
EG_WAL_12168,Alexandria,350,Verified_Tier1,16,1,0,81,2,1000,1,0,1
EG_WAL_12169,Cairo,419,Verified_Tier1,7,5,0,67,3,5000,1,0,1
EG_WAL_12170,Alexandria,463,Basic,13,3,0,86,1,2500,1,0,1
EG_WAL_12171,Cairo,51,Verified_Tier1,10,2,1,72,5,1000,1,0,1
EG_WAL_12172,Cairo,629,Basic,20,8,0,10,7,2500,0,0,0
EG_WAL_12173,Gharbia,694,Basic,8,3,0,34,7,1000,0,0,0.01
EG_WAL_12174,Cairo,154,Verified_Tier1,10,6,1,10,8,5000,0,0,0
EG_WAL_12175,Gharbia,108,Verified_Tier1,16,6,1,70,4,500,1,0,1
EG_WAL_12176,Cairo,80,Basic,15,3,0,16,9,2500,0,0,0
EG_WAL_12177,Giza,205,Basic,10,6,0,54,5,1000,1,0,1
EG_WAL_12178,Alexandria,282,Basic,18,2,0,81,1,500,1,0,1
EG_WAL_12179,Giza,275,Basic,5,2,0,25,9,2500,0,0,0
EG_WAL_12180,Cairo,135,Basic,7,5,0,46,3,1000,1,0,1
EG_WAL_12181,Cairo,222,Merchant,9,1,0,25,2,500,0,0,0
EG_WAL_12182,Cairo,345,Verified_Tier1,9,6,1,56,8,1000,1,0,1
EG_WAL_12183,Cairo,331,Verified_Tier1,8,1,0,80,5,2500,1,0,1
EG_WAL_12184,Alexandria,577,Basic,9,4,0,73,5,500,1,0,1
EG_WAL_12185,Asyut,297,Verified_Tier1,11,3,3,78,3,500,1,0,1
EG_WAL_12186,Gharbia,199,Basic,15,2,1,47,5,500,1,0,1
EG_WAL_12187,Alexandria,580,Basic,15,2,1,25,0,0,0,0,0
EG_WAL_12188,Alexandria,484,Basic,16,5,0,40,8,2500,0,0,0
EG_WAL_12189,Alexandria,680,Verified_Tier1,15,7,1,27,2,500,0,0,0
EG_WAL_12190,Cairo,321,Verified_Tier1,10,2,1,18,4,1000,0,0,0
EG_WAL_12191,Asyut,593,Basic,16,3,0,0,6,5000,0,0,0
EG_WAL_12192,Alexandria,170,Basic,14,4,1,33,1,2500,0,0,0
EG_WAL_12193,Giza,175,Basic,13,3,0,87,3,500,1,0,1
EG_WAL_12194,Cairo,454,Verified_Tier1,14,3,2,40,5,2500,0,0,0
EG_WAL_12195,Giza,343,Basic,12,6,3,87,0,0,1,0,1
EG_WAL_12196,Giza,213,Basic,12,6,2,81,5,500,1,0,1
EG_WAL_12197,Gharbia,693,Verified_Tier1,9,8,0,64,4,500,1,0,1
EG_WAL_12198,Giza,157,Basic,8,4,2,73,1,500,1,0,1
EG_WAL_12199,Cairo,316,Basic,12,2,1,3,5,1000,0,0,0
EG_WAL_12200,Asyut,282,Basic,7,1,0,13,4,5000,0,0,0
EG_WAL_12201,Cairo,415,Verified_Tier1,9,3,1,62,0,0,1,0,1
EG_WAL_12202,Giza,259,Basic,19,6,1,20,5,5000,0,0,0
EG_WAL_12203,Cairo,300,Merchant,7,1,0,63,6,5000,1,0,1
EG_WAL_12204,Alexandria,444,Verified_Tier1,10,3,0,25,8,500,0,0,0
EG_WAL_12205,Asyut,227,Basic,8,3,1,68,1,1000,1,0,1
EG_WAL_12206,Cairo,352,Basic,12,4,1,78,5,5000,1,0,1
EG_WAL_12207,Gharbia,85,Basic,11,2,0,23,5,5000,0,0,0
EG_WAL_12208,Cairo,232,Basic,9,9,0,9,0,0,0,0,0
EG_WAL_12209,Asyut,650,Verified_Tier1,17,3,0,80,7,2500,1,0,1
EG_WAL_12210,Alexandria,657,Verified_Tier1,10,1,0,31,4,2500,0,0,0
EG_WAL_12211,Gharbia,633,Basic,14,5,1,72,1,5000,1,0,1
EG_WAL_12212,Cairo,167,Basic,10,1,0,30,4,500,0,0,0
EG_WAL_12213,Asyut,451,Basic,16,6,0,14,3,500,0,0,0
EG_WAL_12214,Alexandria,86,Basic,14,4,1,49,6,500,1,0,1
EG_WAL_12215,Cairo,591,Basic,14,4,2,2,9,2500,0,0,0
EG_WAL_12216,Gharbia,100,Basic,12,3,0,34,7,2500,0,0,0
EG_WAL_12217,Cairo,623,Merchant,10,1,0,53,0,0,1,0,1
EG_WAL_12218,Gharbia,401,Basic,11,2,0,76,0,0,1,0,1
EG_WAL_12219,Cairo,646,Basic,11,6,1,85,7,500,1,0,1
EG_WAL_12220,Alexandria,629,Verified_Tier1,15,5,1,70,3,2500,1,0,1
EG_WAL_12221,Giza,543,Basic,10,2,0,83,7,5000,1,0,1
EG_WAL_12222,Cairo,113,Basic,7,4,0,25,6,1000,0,0,0
EG_WAL_12223,Cairo,72,Basic,8,4,0,82,8,500,1,0,1
EG_WAL_12224,Cairo,695,Basic,7,7,1,34,6,500,0,0,0.01
EG_WAL_12225,Giza,635,Merchant,15,7,0,27,3,1000,0,0,0.01
EG_WAL_12226,Cairo,162,Verified_Tier1,13,1,0,15,4,5000,0,0,0
EG_WAL_12227,Giza,424,Verified_Tier1,10,3,1,47,6,2500,1,0,1
EG_WAL_12228,Cairo,94,Verified_Tier1,8,1,0,80,1,500,1,0,1
EG_WAL_12229,Cairo,319,Basic,11,3,0,87,2,1000,1,0,1
EG_WAL_12230,Alexandria,405,Verified_Tier1,18,0,1,68,2,5000,1,0,1
EG_WAL_12231,Cairo,496,Merchant,12,3,0,75,8,1000,1,0,1
EG_WAL_12232,Asyut,242,Basic,14,2,0,21,1,2500,0,0,0
EG_WAL_12233,Gharbia,177,Basic,7,6,0,11,3,1000,0,0,0
EG_WAL_12234,Alexandria,602,Basic,11,8,0,57,7,5000,1,0,0.99
EG_WAL_12235,Giza,500,Basic,9,3,1,38,0,0,0,0,0
EG_WAL_12236,Gharbia,178,Basic,13,1,3,35,8,1000,0,0,0.01
EG_WAL_12237,Cairo,117,Verified_Tier1,11,5,0,5,5,500,0,0,0
EG_WAL_12238,Cairo,353,Verified_Tier1,9,2,0,47,3,2500,1,0,1
EG_WAL_12239,Cairo,425,Basic,8,7,0,7,4,2500,0,0,0
EG_WAL_12240,Alexandria,433,Basic,13,6,0,69,6,1000,1,0,1
EG_WAL_12241,Cairo,111,Verified_Tier1,21,5,0,54,7,500,1,0,1
EG_WAL_12242,Giza,670,Verified_Tier1,13,3,1,60,4,5000,1,0,1
EG_WAL_12243,Asyut,315,Basic,6,2,0,82,6,1000,1,0,1
EG_WAL_12244,Gharbia,411,Verified_Tier1,8,6,0,88,2,1000,1,0,1
EG_WAL_12245,Giza,299,Verified_Tier1,7,2,1,9,1,1000,0,0,0
EG_WAL_12246,Cairo,321,Verified_Tier1,13,3,0,47,1,500,1,0,0.99
EG_WAL_12247,Gharbia,482,Basic,7,5,0,65,9,500,1,0,1
EG_WAL_12248,Giza,53,Basic,5,2,3,23,2,1000,0,0,0
EG_WAL_12249,Cairo,340,Verified_Tier1,9,5,3,27,5,2500,0,0,0
EG_WAL_12250,Cairo,490,Basic,14,5,0,33,9,2500,0,0,0
EG_WAL_12251,Asyut,237,Verified_Tier1,14,7,1,56,0,0,1,0,0.99
EG_WAL_12252,Alexandria,693,Basic,11,4,0,66,2,2500,1,0,1
EG_WAL_12253,Gharbia,467,Basic,11,6,0,25,2,2500,0,0,0
EG_WAL_12254,Gharbia,567,Basic,12,2,0,62,1,1000,1,0,1
EG_WAL_12255,Giza,365,Basic,7,2,0,21,0,0,0,0,0
EG_WAL_12256,Giza,451,Verified_Tier1,16,4,0,35,0,0,0,0,0
EG_WAL_12257,Giza,350,Basic,14,7,0,77,0,0,1,0,1
EG_WAL_12258,Cairo,526,Verified_Tier1,14,6,0,36,7,1000,0,0,0
EG_WAL_12259,Giza,616,Verified_Tier1,9,9,1,2,5,5000,0,0,0
EG_WAL_12260,Alexandria,192,Basic,7,4,1,89,8,2500,1,0,1
EG_WAL_12261,Giza,570,Verified_Tier1,16,2,0,73,2,2500,1,0,1
EG_WAL_12262,Gharbia,194,Basic,6,7,0,63,6,1000,1,0,1
EG_WAL_12263,Giza,595,Verified_Tier1,17,4,2,89,5,5000,1,0,1
EG_WAL_12264,Giza,324,Basic,8,2,0,22,8,1000,0,0,0
EG_WAL_12265,Giza,71,Basic,10,1,0,70,8,5000,1,0,1
EG_WAL_12266,Giza,314,Basic,15,6,1,57,8,5000,1,0,1
EG_WAL_12267,Alexandria,416,Verified_Tier1,17,4,5,11,6,1000,0,1,0
EG_WAL_12268,Cairo,167,Verified_Tier1,12,5,0,85,8,2500,1,0,1
EG_WAL_12269,Giza,216,Basic,16,2,1,51,6,500,1,0,1
EG_WAL_12270,Cairo,460,Basic,8,4,0,10,8,2500,0,0,0
EG_WAL_12271,Cairo,583,Basic,12,1,0,8,1,1000,0,0,0
EG_WAL_12272,Giza,445,Verified_Tier1,19,4,0,4,1,5000,0,0,0
EG_WAL_12273,Alexandria,455,Basic,12,4,1,69,6,5000,1,0,1
EG_WAL_12274,Asyut,445,Verified_Tier1,12,5,0,70,9,2500,1,0,1
EG_WAL_12275,Giza,55,Basic,7,7,0,17,5,500,0,0,0
EG_WAL_12276,Alexandria,400,Basic,10,6,0,78,5,1000,1,0,1
EG_WAL_12277,Giza,414,Verified_Tier1,12,2,0,64,4,5000,1,0,1
EG_WAL_12278,Giza,85,Verified_Tier1,11,1,0,78,0,0,1,0,1
EG_WAL_12279,Cairo,282,Verified_Tier1,8,4,0,53,6,2500,1,0,1
EG_WAL_12280,Cairo,663,Basic,15,3,0,8,1,5000,0,0,0
EG_WAL_12281,Cairo,135,Verified_Tier1,12,3,0,70,7,5000,1,0,1
EG_WAL_12282,Giza,159,Basic,11,5,0,59,9,5000,1,0,1
EG_WAL_12283,Cairo,699,Verified_Tier1,18,1,0,8,6,1000,0,0,0
EG_WAL_12284,Cairo,405,Basic,14,4,0,43,1,500,0,0,0
EG_WAL_12285,Cairo,337,Basic,11,5,0,10,1,5000,0,0,0
EG_WAL_12286,Asyut,120,Basic,10,8,0,2,9,1000,0,0,0
EG_WAL_12287,Cairo,422,Basic,10,4,0,76,7,2500,1,0,1
EG_WAL_12288,Giza,563,Basic,7,5,0,4,4,1000,0,0,0
EG_WAL_12289,Cairo,139,Verified_Tier1,11,8,0,31,7,2500,0,0,0
EG_WAL_12290,Giza,590,Verified_Tier1,17,4,4,21,0,0,0,0,0
EG_WAL_12291,Cairo,670,Merchant,15,4,0,53,8,1000,1,0,1
EG_WAL_12292,Cairo,614,Basic,14,3,3,52,7,2500,1,0,0.98
EG_WAL_12293,Giza,369,Basic,13,6,0,61,5,5000,1,0,1
EG_WAL_12294,Cairo,594,Verified_Tier1,9,4,2,49,7,500,1,0,1
EG_WAL_12295,Cairo,385,Basic,14,7,0,25,0,0,0,0,0
EG_WAL_12296,Cairo,197,Basic,16,5,2,66,7,500,1,0,1
EG_WAL_12297,Cairo,586,Verified_Tier1,11,2,1,53,0,0,1,0,1
EG_WAL_12298,Cairo,481,Basic,12,5,0,40,3,1000,0,0,0
EG_WAL_12299,Cairo,134,Basic,13,3,0,7,9,5000,0,0,0
EG_WAL_12300,Gharbia,179,Verified_Tier1,13,4,1,23,2,5000,0,0,0
EG_WAL_12301,Giza,175,Basic,10,5,0,12,2,500,0,0,0
EG_WAL_12302,Giza,328,Verified_Tier1,14,4,0,74,9,2500,1,0,1
EG_WAL_12303,Cairo,196,Basic,10,3,2,59,8,2500,1,0,1
EG_WAL_12304,Asyut,675,Verified_Tier1,10,4,0,13,7,2500,0,0,0
EG_WAL_12305,Cairo,77,Basic,7,4,0,45,9,2500,0,0,0.01
EG_WAL_12306,Cairo,667,Verified_Tier1,16,4,1,4,7,500,0,0,0
EG_WAL_12307,Giza,268,Basic,12,3,0,12,6,500,0,0,0
EG_WAL_12308,Cairo,36,Verified_Tier1,16,2,0,23,7,500,0,0,0
EG_WAL_12309,Cairo,493,Basic,19,5,0,15,7,500,0,0,0
EG_WAL_12310,Giza,482,Basic,27,6,0,28,9,2500,0,0,0
EG_WAL_12311,Gharbia,400,Verified_Tier1,14,3,0,18,5,500,0,0,0
EG_WAL_12312,Giza,578,Basic,7,4,0,80,7,500,1,0,1
EG_WAL_12313,Alexandria,516,Basic,10,5,0,59,1,1000,1,0,1
EG_WAL_12314,Asyut,240,Basic,12,9,2,61,6,1000,1,0,1
EG_WAL_12315,Cairo,194,Basic,8,5,2,47,2,500,1,0,1
EG_WAL_12316,Cairo,154,Basic,16,3,0,31,7,1000,0,0,0
EG_WAL_12317,Cairo,366,Basic,13,4,0,45,4,1000,0,0,0
EG_WAL_12318,Giza,221,Basic,11,8,0,80,4,1000,1,0,1
EG_WAL_12319,Giza,243,Verified_Tier1,11,4,1,70,2,1000,1,0,1
EG_WAL_12320,Asyut,603,Basic,12,2,0,68,0,0,1,0,1
EG_WAL_12321,Alexandria,357,Basic,12,6,1,87,1,2500,1,0,1
EG_WAL_12322,Giza,410,Merchant,10,3,0,55,1,1000,1,0,0.99
EG_WAL_12323,Cairo,702,Verified_Tier1,16,4,1,32,6,2500,0,0,0
EG_WAL_12324,Gharbia,607,Basic,21,3,0,22,1,2500,0,0,0
EG_WAL_12325,Asyut,268,Basic,9,2,0,77,6,1000,1,0,1
EG_WAL_12326,Gharbia,561,Verified_Tier1,15,2,0,60,0,0,1,0,1
EG_WAL_12327,Cairo,111,Basic,8,5,1,3,1,5000,0,0,0
EG_WAL_12328,Giza,392,Basic,13,4,0,64,6,2500,1,0,1
EG_WAL_12329,Cairo,534,Basic,11,1,0,1,6,2500,0,0,0
EG_WAL_12330,Cairo,231,Verified_Tier1,13,4,3,57,1,2500,1,0,1
EG_WAL_12331,Cairo,533,Basic,8,4,0,72,9,1000,1,0,1
EG_WAL_12332,Giza,673,Verified_Tier1,6,1,0,27,6,1000,0,0,0
EG_WAL_12333,Alexandria,66,Verified_Tier1,16,4,1,32,8,5000,0,0,0
EG_WAL_12334,Cairo,673,Basic,7,3,1,22,7,2500,0,0,0
EG_WAL_12335,Cairo,618,Verified_Tier1,16,5,0,83,5,1000,1,0,1
EG_WAL_12336,Giza,630,Basic,10,7,0,30,3,500,0,0,0
EG_WAL_12337,Cairo,431,Basic,13,2,0,47,2,500,1,0,1
EG_WAL_12338,Cairo,205,Basic,12,5,0,45,7,1000,0,0,0
EG_WAL_12339,Giza,574,Basic,11,4,0,44,2,500,0,0,0
EG_WAL_12340,Alexandria,599,Basic,11,2,0,89,4,5000,1,0,1
EG_WAL_12341,Cairo,496,Basic,14,5,1,31,2,1000,0,0,0
EG_WAL_12342,Cairo,230,Basic,10,6,0,50,8,2500,1,0,1
EG_WAL_12343,Cairo,569,Basic,9,2,0,46,6,5000,1,0,1
EG_WAL_12344,Asyut,576,Basic,18,9,0,60,2,1000,1,0,1
EG_WAL_12345,Alexandria,666,Verified_Tier1,11,1,0,49,9,5000,1,0,1
EG_WAL_12346,Alexandria,423,Basic,9,5,0,34,6,2500,0,0,0
EG_WAL_12347,Cairo,71,Verified_Tier1,13,5,1,14,3,500,0,0,0
EG_WAL_12348,Giza,626,Basic,13,2,0,78,0,0,1,0,1
EG_WAL_12349,Cairo,422,Basic,14,3,1,36,3,2500,0,0,0
EG_WAL_12350,Giza,652,Basic,13,2,2,55,9,500,1,0,1
EG_WAL_12351,Asyut,470,Basic,17,1,1,58,7,5000,1,0,0.99
EG_WAL_12352,Giza,646,Basic,15,6,0,24,5,1000,0,0,0
EG_WAL_12353,Gharbia,535,Basic,8,7,0,19,0,0,0,0,0
EG_WAL_12354,Alexandria,349,Merchant,13,4,1,47,0,0,1,0,1
EG_WAL_12355,Cairo,582,Merchant,15,6,0,85,3,1000,1,0,1
EG_WAL_12356,Asyut,244,Basic,13,5,0,19,5,1000,0,0,0
EG_WAL_12357,Cairo,100,Verified_Tier1,9,0,0,14,3,2500,0,0,0
EG_WAL_12358,Giza,597,Basic,15,4,0,61,8,2500,1,0,1
EG_WAL_12359,Cairo,265,Basic,9,5,0,13,1,5000,0,0,0
EG_WAL_12360,Cairo,310,Verified_Tier1,10,5,0,20,5,500,0,0,0
EG_WAL_12361,Giza,646,Basic,12,2,2,49,6,500,1,0,1
EG_WAL_12362,Cairo,191,Basic,14,4,0,80,3,2500,1,0,1
EG_WAL_12363,Giza,220,Basic,9,5,0,68,4,500,1,0,1
EG_WAL_12364,Giza,38,Basic,9,4,0,14,4,1000,0,0,0
EG_WAL_12365,Cairo,89,Basic,13,5,2,62,1,2500,1,0,1
EG_WAL_12366,Cairo,254,Basic,12,3,1,42,4,500,0,0,0
EG_WAL_12367,Giza,611,Basic,14,3,0,26,9,500,0,0,0
EG_WAL_12368,Cairo,316,Basic,8,3,0,60,4,1000,1,0,1
EG_WAL_12369,Alexandria,198,Verified_Tier1,9,6,0,53,4,2500,1,0,1
EG_WAL_12370,Alexandria,91,Basic,14,4,3,58,3,500,1,0,0.99
EG_WAL_12371,Gharbia,378,Verified_Tier1,19,6,2,38,9,500,0,0,0
EG_WAL_12372,Alexandria,471,Verified_Tier1,4,3,0,83,3,500,1,0,1
EG_WAL_12373,Giza,43,Verified_Tier1,11,5,0,34,6,5000,0,0,0
EG_WAL_12374,Alexandria,193,Verified_Tier1,15,5,0,80,5,1000,1,0,1
EG_WAL_12375,Cairo,449,Basic,12,2,1,8,7,5000,0,0,0
EG_WAL_12376,Cairo,549,Basic,9,2,0,59,0,0,1,0,1
EG_WAL_12377,Alexandria,695,Basic,13,3,1,61,9,2500,1,0,1
EG_WAL_12378,Giza,577,Merchant,19,5,0,67,1,1000,1,0,1
EG_WAL_12379,Alexandria,589,Basic,15,4,4,15,1,2500,0,1,0
EG_WAL_12380,Gharbia,626,Basic,5,10,0,15,1,1000,0,0,0.01
EG_WAL_12381,Gharbia,57,Basic,9,4,0,31,2,5000,0,0,0
EG_WAL_12382,Asyut,475,Merchant,10,5,1,37,5,5000,0,0,0
EG_WAL_12383,Giza,237,Basic,13,3,0,38,2,500,0,0,0
EG_WAL_12384,Cairo,499,Basic,7,4,0,61,6,5000,1,0,1
EG_WAL_12385,Giza,133,Basic,11,2,5,62,2,5000,1,1,1
EG_WAL_12386,Cairo,455,Merchant,14,2,0,15,5,2500,0,0,0
EG_WAL_12387,Giza,130,Basic,11,7,4,53,1,500,1,0,1
EG_WAL_12388,Alexandria,570,Basic,16,5,0,14,1,2500,0,0,0
EG_WAL_12389,Alexandria,668,Verified_Tier1,8,6,0,17,2,5000,0,0,0.01
EG_WAL_12390,Cairo,551,Basic,14,4,0,3,7,5000,0,0,0
EG_WAL_12391,Cairo,135,Verified_Tier1,8,2,1,36,8,500,0,0,0
EG_WAL_12392,Giza,708,Basic,18,5,0,39,1,500,0,0,0.04
EG_WAL_12393,Cairo,306,Basic,16,3,0,62,6,2500,1,0,1
EG_WAL_12394,Gharbia,94,Verified_Tier1,8,4,2,67,0,0,1,0,1
EG_WAL_12395,Cairo,217,Merchant,12,8,0,16,3,1000,0,0,0
EG_WAL_12396,Cairo,346,Basic,13,4,0,80,5,2500,1,0,1
EG_WAL_12397,Cairo,167,Basic,8,2,0,47,6,1000,1,0,1
EG_WAL_12398,Giza,372,Verified_Tier1,11,4,1,18,2,2500,0,0,0
EG_WAL_12399,Giza,134,Basic,8,3,0,85,2,5000,1,0,1
EG_WAL_12400,Cairo,575,Verified_Tier1,6,5,0,38,4,5000,0,0,0
EG_WAL_12401,Cairo,409,Verified_Tier1,6,5,2,64,2,2500,1,0,1
EG_WAL_12402,Giza,139,Basic,6,9,0,52,8,2500,1,0,1
EG_WAL_12403,Cairo,574,Merchant,11,2,0,17,1,1000,0,0,0
EG_WAL_12404,Alexandria,383,Basic,8,7,0,38,9,5000,0,0,0
EG_WAL_12405,Giza,346,Verified_Tier1,11,2,0,59,6,500,1,0,1
EG_WAL_12406,Cairo,295,Basic,18,2,0,76,6,1000,1,0,1
EG_WAL_12407,Cairo,94,Verified_Tier1,11,3,0,34,2,500,0,0,0
EG_WAL_12408,Asyut,362,Verified_Tier1,18,4,0,72,7,500,1,0,1
EG_WAL_12409,Giza,542,Verified_Tier1,17,2,1,80,2,2500,1,0,1
EG_WAL_12410,Alexandria,162,Verified_Tier1,9,7,0,33,4,2500,0,0,0
EG_WAL_12411,Cairo,621,Basic,17,4,0,14,0,0,0,0,0
EG_WAL_12412,Giza,569,Basic,7,1,1,72,9,1000,1,0,1
EG_WAL_12413,Cairo,564,Verified_Tier1,13,6,0,18,3,2500,0,0,0
EG_WAL_12414,Giza,525,Verified_Tier1,9,3,1,74,1,5000,1,0,1
EG_WAL_12415,Asyut,650,Verified_Tier1,11,3,1,87,4,500,1,0,1
EG_WAL_12416,Cairo,648,Verified_Tier1,9,1,1,84,3,2500,1,0,1
EG_WAL_12417,Cairo,686,Basic,7,3,0,62,3,1000,1,0,0.99
EG_WAL_12418,Cairo,398,Basic,14,2,0,81,3,2500,1,0,1
EG_WAL_12419,Cairo,680,Basic,13,3,0,25,4,500,0,0,0
EG_WAL_12420,Cairo,128,Verified_Tier1,13,7,0,48,8,500,1,0,1
EG_WAL_12421,Cairo,346,Basic,8,3,2,3,8,2500,0,0,0
EG_WAL_12422,Alexandria,152,Verified_Tier1,6,3,0,65,3,5000,1,0,1
EG_WAL_12423,Giza,349,Basic,12,4,0,16,8,5000,0,0,0
EG_WAL_12424,Cairo,622,Basic,10,6,0,0,7,1000,0,0,0
EG_WAL_12425,Asyut,524,Basic,16,3,1,76,4,5000,1,0,1
EG_WAL_12426,Cairo,486,Basic,8,6,0,73,7,1000,1,0,1
EG_WAL_12427,Asyut,551,Verified_Tier1,6,4,0,80,6,5000,1,0,1
EG_WAL_12428,Cairo,549,Basic,8,6,0,84,1,5000,1,0,1
EG_WAL_12429,Gharbia,344,Basic,15,4,1,8,9,500,0,0,0
EG_WAL_12430,Giza,571,Basic,15,5,1,9,7,2500,0,0,0
EG_WAL_12431,Gharbia,508,Verified_Tier1,11,2,0,48,8,500,1,0,1
EG_WAL_12432,Asyut,49,Verified_Tier1,5,3,1,47,1,1000,1,0,1
EG_WAL_12433,Cairo,589,Basic,12,6,1,47,1,5000,1,0,1
EG_WAL_12434,Asyut,159,Verified_Tier1,16,5,0,14,9,2500,0,0,0
EG_WAL_12435,Cairo,322,Basic,7,2,2,44,8,1000,0,0,0.01
EG_WAL_12436,Cairo,161,Basic,15,2,1,1,0,0,0,0,0
EG_WAL_12437,Cairo,385,Verified_Tier1,13,3,1,57,2,5000,1,0,1
EG_WAL_12438,Giza,83,Basic,9,5,1,37,2,5000,0,0,0
EG_WAL_12439,Cairo,416,Verified_Tier1,11,4,0,2,5,2500,0,0,0
EG_WAL_12440,Giza,294,Basic,9,9,0,89,6,1000,1,0,1
EG_WAL_12441,Giza,244,Merchant,17,0,0,87,2,2500,1,0,1
EG_WAL_12442,Alexandria,489,Basic,8,2,0,58,7,2500,1,0,1
EG_WAL_12443,Gharbia,487,Basic,19,4,0,62,1,1000,1,0,1
EG_WAL_12444,Giza,72,Verified_Tier1,10,4,2,42,2,500,0,0,0
EG_WAL_12445,Cairo,615,Basic,12,3,2,3,9,1000,0,0,0
EG_WAL_12446,Cairo,307,Basic,8,4,0,42,1,1000,0,0,0
EG_WAL_12447,Cairo,159,Basic,14,3,0,60,1,2500,1,0,1
EG_WAL_12448,Cairo,379,Basic,10,5,0,85,5,2500,1,0,1
EG_WAL_12449,Cairo,573,Basic,14,5,1,48,2,1000,1,0,1
EG_WAL_12450,Cairo,135,Basic,13,8,0,63,2,1000,1,0,0.99
EG_WAL_12451,Asyut,30,Verified_Tier1,5,8,0,19,8,500,0,0,0
EG_WAL_12452,Giza,613,Basic,12,1,1,84,0,0,1,0,1
EG_WAL_12453,Cairo,461,Verified_Tier1,10,2,0,44,8,2500,0,0,0
EG_WAL_12454,Giza,335,Basic,17,7,0,16,1,1000,0,0,0
EG_WAL_12455,Cairo,556,Basic,14,3,0,65,1,500,1,0,1
EG_WAL_12456,Giza,82,Basic,15,2,2,21,4,2500,0,0,0.01
EG_WAL_12457,Giza,549,Basic,8,3,2,49,5,5000,1,0,1
EG_WAL_12458,Giza,359,Basic,6,3,1,69,7,500,1,0,1
EG_WAL_12459,Giza,587,Basic,10,4,0,24,0,0,0,0,0
EG_WAL_12460,Asyut,354,Basic,13,3,1,1,4,1000,0,0,0
EG_WAL_12461,Gharbia,143,Basic,13,4,0,42,9,2500,0,0,0
EG_WAL_12462,Giza,176,Basic,17,8,0,16,7,500,0,0,0
EG_WAL_12463,Giza,195,Basic,10,4,0,72,1,1000,1,0,1
EG_WAL_12464,Giza,408,Verified_Tier1,9,4,4,19,9,500,0,1,0
EG_WAL_12465,Cairo,168,Basic,10,1,0,36,8,500,0,0,0
EG_WAL_12466,Cairo,658,Basic,10,3,0,51,9,1000,1,0,1
EG_WAL_12467,Cairo,328,Basic,8,4,0,78,3,2500,1,0,1
EG_WAL_12468,Giza,305,Basic,10,5,0,25,6,1000,0,0,0
EG_WAL_12469,Giza,207,Basic,19,11,1,24,0,0,0,0,0.01
EG_WAL_12470,Cairo,383,Verified_Tier1,13,6,0,63,1,500,1,0,1
EG_WAL_12471,Asyut,183,Verified_Tier1,14,5,1,30,0,0,0,0,0
EG_WAL_12472,Asyut,230,Verified_Tier1,19,3,1,29,7,1000,0,0,0
EG_WAL_12473,Alexandria,144,Verified_Tier1,13,6,0,9,0,0,0,0,0
EG_WAL_12474,Giza,700,Basic,13,2,1,37,8,500,0,0,0
EG_WAL_12475,Gharbia,583,Basic,13,1,0,84,6,5000,1,0,1
EG_WAL_12476,Cairo,97,Verified_Tier1,7,4,0,87,4,5000,1,0,1
EG_WAL_12477,Alexandria,474,Basic,25,4,0,27,0,0,0,0,0.01
EG_WAL_12478,Cairo,474,Basic,11,4,2,23,3,2500,0,0,0
EG_WAL_12479,Alexandria,355,Verified_Tier1,12,0,0,28,2,5000,0,0,0.01
EG_WAL_12480,Cairo,631,Verified_Tier1,17,4,0,80,6,1000,1,0,1
EG_WAL_12481,Gharbia,652,Basic,17,3,2,87,0,0,1,0,1
EG_WAL_12482,Asyut,388,Basic,13,0,0,16,9,2500,0,0,0
EG_WAL_12483,Cairo,174,Verified_Tier1,8,2,0,69,3,5000,1,0,1
EG_WAL_12484,Giza,304,Verified_Tier1,12,3,2,63,4,1000,1,0,1
EG_WAL_12485,Asyut,538,Verified_Tier1,16,2,1,30,2,5000,0,0,0
EG_WAL_12486,Giza,208,Merchant,16,3,0,56,4,5000,1,0,1
EG_WAL_12487,Gharbia,506,Basic,13,2,0,19,3,500,0,0,0
EG_WAL_12488,Giza,443,Basic,13,4,0,45,4,5000,0,0,0
EG_WAL_12489,Cairo,182,Basic,16,5,0,1,8,5000,0,0,0
EG_WAL_12490,Cairo,133,Basic,14,4,0,81,7,500,1,0,1
EG_WAL_12491,Cairo,104,Verified_Tier1,10,5,0,49,7,5000,1,0,1
EG_WAL_12492,Alexandria,157,Merchant,11,5,0,59,1,1000,1,0,1
EG_WAL_12493,Cairo,695,Basic,13,7,1,85,2,1000,1,0,1
EG_WAL_12494,Giza,597,Basic,12,4,0,40,3,5000,0,0,0
EG_WAL_12495,Giza,374,Basic,13,4,0,89,9,1000,1,0,1
EG_WAL_12496,Giza,560,Verified_Tier1,5,6,0,75,0,0,1,0,1
EG_WAL_12497,Gharbia,188,Basic,13,4,1,69,8,5000,1,0,1
EG_WAL_12498,Asyut,567,Basic,12,4,0,16,1,5000,0,0,0
EG_WAL_12499,Giza,455,Basic,11,6,0,77,1,2500,1,0,1
EG_WAL_12500,Gharbia,710,Basic,11,3,0,9,7,500,0,0,0.01
EG_WAL_12501,Alexandria,52,Verified_Tier1,10,5,0,89,9,500,1,0,1
EG_WAL_12502,Giza,76,Basic,8,5,0,66,8,5000,1,0,1
EG_WAL_12503,Asyut,554,Basic,15,4,1,41,0,0,0,0,0
EG_WAL_12504,Cairo,173,Basic,9,7,0,78,1,500,1,0,1
EG_WAL_12505,Cairo,614,Basic,16,2,0,15,9,1000,0,0,0
EG_WAL_12506,Gharbia,697,Verified_Tier1,17,4,1,37,4,500,0,0,0.02
EG_WAL_12507,Giza,618,Basic,12,5,0,13,8,2500,0,0,0
EG_WAL_12508,Gharbia,448,Basic,13,3,0,35,9,1000,0,0,0
EG_WAL_12509,Gharbia,710,Verified_Tier1,15,3,0,12,4,500,0,0,0.01
EG_WAL_12510,Cairo,114,Basic,17,1,3,58,6,5000,1,0,0.99
EG_WAL_12511,Gharbia,445,Verified_Tier1,13,3,0,26,5,500,0,0,0
EG_WAL_12512,Giza,511,Basic,10,3,0,7,5,5000,0,0,0
EG_WAL_12513,Giza,485,Basic,11,6,0,86,1,500,1,0,1
EG_WAL_12514,Giza,326,Verified_Tier1,10,3,0,52,9,5000,1,0,1
EG_WAL_12515,Asyut,141,Verified_Tier1,13,5,1,74,7,500,1,0,1
EG_WAL_12516,Cairo,259,Basic,7,7,0,4,5,1000,0,0,0
EG_WAL_12517,Giza,125,Basic,18,0,0,4,3,5000,0,0,0
EG_WAL_12518,Alexandria,709,Basic,17,5,0,88,6,1000,1,0,1
EG_WAL_12519,Alexandria,407,Basic,14,7,0,81,8,1000,1,0,1
EG_WAL_12520,Alexandria,185,Basic,16,6,0,47,6,1000,1,0,1
EG_WAL_12521,Cairo,450,Verified_Tier1,11,2,0,23,5,1000,0,0,0
EG_WAL_12522,Cairo,134,Basic,11,5,1,72,1,500,1,0,1
EG_WAL_12523,Cairo,359,Basic,11,2,0,74,2,1000,1,0,1
EG_WAL_12524,Gharbia,468,Basic,8,4,0,77,6,5000,1,0,1
EG_WAL_12525,Cairo,161,Basic,11,3,0,41,0,0,0,0,0
EG_WAL_12526,Cairo,411,Verified_Tier1,10,1,0,8,0,0,0,0,0
EG_WAL_12527,Asyut,167,Basic,7,7,0,63,2,2500,1,0,1
EG_WAL_12528,Cairo,299,Basic,18,8,0,68,4,2500,1,0,1
EG_WAL_12529,Asyut,579,Merchant,9,6,0,10,2,5000,0,0,0
EG_WAL_12530,Alexandria,425,Basic,16,9,0,8,8,500,0,0,0
EG_WAL_12531,Gharbia,586,Basic,12,7,0,76,6,500,1,0,1
EG_WAL_12532,Cairo,493,Basic,13,2,0,60,1,1000,1,0,1
EG_WAL_12533,Cairo,704,Merchant,13,4,0,82,9,1000,1,0,1
EG_WAL_12534,Alexandria,479,Merchant,13,3,0,71,9,5000,1,0,1
EG_WAL_12535,Gharbia,360,Basic,12,4,1,54,2,2500,1,0,1
EG_WAL_12536,Alexandria,282,Basic,9,4,0,67,2,2500,1,0,1
EG_WAL_12537,Cairo,710,Verified_Tier1,14,3,0,24,8,500,0,0,0.01
EG_WAL_12538,Alexandria,314,Basic,11,4,0,70,6,2500,1,0,1
EG_WAL_12539,Alexandria,303,Basic,16,5,0,55,2,500,1,0,1
EG_WAL_12540,Alexandria,49,Verified_Tier1,14,3,1,26,0,0,0,0,0
EG_WAL_12541,Alexandria,268,Basic,12,2,1,22,3,2500,0,0,0
EG_WAL_12542,Gharbia,299,Basic,11,4,0,39,4,500,0,0,0
EG_WAL_12543,Giza,447,Verified_Tier1,15,5,0,57,8,500,1,0,1
EG_WAL_12544,Cairo,339,Basic,7,0,0,35,3,500,0,0,0.01
EG_WAL_12545,Giza,60,Basic,16,3,0,73,9,5000,1,0,1
EG_WAL_12546,Cairo,133,Basic,13,3,0,31,1,500,0,0,0
EG_WAL_12547,Giza,711,Basic,9,6,0,22,0,0,0,0,0.02
EG_WAL_12548,Giza,215,Basic,18,5,0,39,4,1000,0,0,0
EG_WAL_12549,Cairo,157,Basic,10,2,0,47,2,2500,1,0,1
EG_WAL_12550,Cairo,239,Verified_Tier1,17,6,1,23,8,2500,0,0,0
EG_WAL_12551,Cairo,443,Verified_Tier1,11,4,0,84,2,500,1,0,1
EG_WAL_12552,Gharbia,310,Basic,15,3,1,38,2,2500,0,0,0
EG_WAL_12553,Asyut,282,Verified_Tier1,12,7,0,39,1,2500,0,0,0
EG_WAL_12554,Cairo,48,Verified_Tier1,7,3,1,28,2,1000,0,0,0
EG_WAL_12555,Asyut,165,Verified_Tier1,9,5,0,44,8,1000,0,0,0
EG_WAL_12556,Giza,252,Basic,13,3,1,33,6,5000,0,0,0
EG_WAL_12557,Cairo,32,Verified_Tier1,12,8,1,89,1,1000,1,0,0.99
EG_WAL_12558,Cairo,265,Basic,12,1,0,14,2,1000,0,0,0
EG_WAL_12559,Giza,494,Basic,12,1,0,69,7,1000,1,0,1
EG_WAL_12560,Alexandria,257,Basic,10,4,1,88,9,500,1,0,1
EG_WAL_12561,Alexandria,683,Verified_Tier1,11,3,0,81,7,5000,1,0,1
EG_WAL_12562,Cairo,528,Basic,15,4,0,70,9,2500,1,0,1
EG_WAL_12563,Cairo,550,Basic,12,6,1,1,0,0,0,0,0
EG_WAL_12564,Giza,706,Verified_Tier1,10,1,0,0,0,0,0,0,0
EG_WAL_12565,Cairo,168,Verified_Tier1,11,4,3,53,7,5000,1,0,1
EG_WAL_12566,Cairo,305,Verified_Tier1,9,6,0,1,7,1000,0,0,0
EG_WAL_12567,Cairo,320,Basic,18,4,0,35,1,2500,0,0,0
EG_WAL_12568,Gharbia,82,Basic,14,2,1,67,7,500,1,0,1
EG_WAL_12569,Asyut,716,Verified_Tier1,13,2,1,27,0,0,0,0,0.02
EG_WAL_12570,Giza,139,Basic,8,0,2,86,4,2500,1,0,0.98
EG_WAL_12571,Asyut,677,Verified_Tier1,6,4,2,19,9,1000,0,0,0
EG_WAL_12572,Cairo,33,Basic,9,4,0,36,4,5000,0,0,0
EG_WAL_12573,Giza,696,Verified_Tier1,17,4,1,58,7,500,1,0,1
EG_WAL_12574,Cairo,713,Basic,13,2,0,43,7,5000,0,0,0.01
EG_WAL_12575,Giza,76,Basic,8,5,0,11,9,5000,0,0,0
EG_WAL_12576,Asyut,123,Verified_Tier1,19,5,1,31,3,5000,0,0,0
EG_WAL_12577,Giza,589,Basic,10,8,0,37,1,500,0,0,0
EG_WAL_12578,Cairo,242,Basic,10,3,0,30,5,500,0,0,0
EG_WAL_12579,Giza,465,Verified_Tier1,9,5,1,17,3,2500,0,0,0
EG_WAL_12580,Cairo,537,Basic,10,3,0,28,1,2500,0,0,0
EG_WAL_12581,Gharbia,680,Basic,13,4,1,50,8,5000,1,0,1
EG_WAL_12582,Giza,234,Basic,5,5,0,28,8,2500,0,0,0
EG_WAL_12583,Giza,410,Basic,10,2,0,62,6,1000,1,0,0.99
EG_WAL_12584,Giza,102,Basic,8,7,0,80,1,500,1,0,1
EG_WAL_12585,Giza,545,Verified_Tier1,16,3,3,19,2,1000,0,0,0
EG_WAL_12586,Cairo,105,Verified_Tier1,13,4,0,30,8,500,0,0,0
EG_WAL_12587,Alexandria,106,Basic,11,4,1,30,7,500,0,0,0
EG_WAL_12588,Cairo,439,Basic,16,4,0,57,9,500,1,0,1
EG_WAL_12589,Alexandria,643,Verified_Tier1,9,7,2,84,1,500,1,0,0.99
EG_WAL_12590,Gharbia,135,Merchant,12,5,0,6,4,500,0,0,0
EG_WAL_12591,Gharbia,580,Basic,15,3,1,11,1,500,0,0,0
EG_WAL_12592,Giza,505,Verified_Tier1,13,1,0,86,0,0,1,0,1
EG_WAL_12593,Giza,304,Verified_Tier1,10,4,0,60,8,500,1,0,1
EG_WAL_12594,Cairo,117,Basic,10,5,0,42,6,2500,0,0,0
EG_WAL_12595,Alexandria,106,Basic,9,7,0,48,3,5000,1,0,1
EG_WAL_12596,Cairo,106,Basic,10,2,1,39,2,2500,0,0,0
EG_WAL_12597,Giza,471,Verified_Tier1,7,0,0,69,2,1000,1,0,1
EG_WAL_12598,Cairo,569,Verified_Tier1,12,6,0,31,6,500,0,0,0
EG_WAL_12599,Cairo,274,Verified_Tier1,11,2,0,62,9,1000,1,0,1
EG_WAL_12600,Giza,607,Basic,15,5,0,14,8,2500,0,0,0
EG_WAL_12601,Cairo,411,Verified_Tier1,11,3,2,89,6,5000,1,0,1
EG_WAL_12602,Alexandria,599,Verified_Tier1,16,6,0,83,1,1000,1,0,1
EG_WAL_12603,Cairo,171,Verified_Tier1,16,5,1,11,5,1000,0,0,0
EG_WAL_12604,Cairo,397,Basic,14,8,2,25,7,500,0,0,0.01
EG_WAL_12605,Giza,113,Verified_Tier1,11,6,0,29,6,1000,0,0,0
EG_WAL_12606,Cairo,172,Basic,12,4,0,29,1,1000,0,0,0
EG_WAL_12607,Cairo,381,Verified_Tier1,10,5,1,76,6,1000,1,0,1
EG_WAL_12608,Alexandria,574,Verified_Tier1,12,7,0,61,8,2500,1,0,1
EG_WAL_12609,Cairo,181,Basic,9,3,0,42,2,500,0,0,0
EG_WAL_12610,Gharbia,187,Verified_Tier1,15,3,3,21,2,500,0,0,0
EG_WAL_12611,Cairo,475,Basic,9,3,0,16,4,500,0,0,0
EG_WAL_12612,Cairo,682,Verified_Tier1,15,5,0,22,8,5000,0,0,0
EG_WAL_12613,Alexandria,332,Basic,10,6,0,24,0,0,0,0,0
EG_WAL_12614,Cairo,653,Verified_Tier1,14,9,0,69,6,2500,1,0,1
EG_WAL_12615,Cairo,685,Verified_Tier1,12,8,3,36,6,500,0,0,0
EG_WAL_12616,Cairo,479,Basic,17,2,2,89,3,1000,1,0,1
EG_WAL_12617,Cairo,253,Basic,15,4,0,56,5,2500,1,0,1
EG_WAL_12618,Gharbia,72,Basic,13,7,0,84,0,0,1,0,1
EG_WAL_12619,Cairo,293,Basic,18,1,1,69,9,2500,1,0,1
EG_WAL_12620,Alexandria,32,Basic,16,8,0,21,3,500,0,0,0
EG_WAL_12621,Gharbia,666,Verified_Tier1,13,7,0,80,2,5000,1,0,0.99
EG_WAL_12622,Giza,297,Verified_Tier1,10,4,0,74,4,500,1,0,1
EG_WAL_12623,Asyut,625,Verified_Tier1,10,2,0,3,7,2500,0,0,0
EG_WAL_12624,Cairo,45,Basic,11,4,0,57,4,500,1,0,1
EG_WAL_12625,Asyut,363,Verified_Tier1,11,2,0,43,0,0,0,0,0
EG_WAL_12626,Cairo,493,Verified_Tier1,7,6,0,73,1,500,1,0,1
EG_WAL_12627,Alexandria,88,Basic,18,3,0,16,1,2500,0,0,0
EG_WAL_12628,Giza,206,Basic,16,1,2,17,8,5000,0,0,0.01
EG_WAL_12629,Cairo,92,Basic,7,4,0,52,9,500,1,0,1
EG_WAL_12630,Giza,590,Verified_Tier1,11,3,2,18,6,500,0,0,0
EG_WAL_12631,Alexandria,336,Basic,7,8,0,85,3,2500,1,0,1
EG_WAL_12632,Cairo,275,Verified_Tier1,23,3,0,60,8,1000,1,0,0.99
EG_WAL_12633,Cairo,318,Basic,11,5,0,56,8,500,1,0,1
EG_WAL_12634,Alexandria,361,Merchant,17,4,0,78,6,5000,1,0,1
EG_WAL_12635,Alexandria,556,Basic,12,6,0,43,8,2500,0,0,0
EG_WAL_12636,Asyut,284,Verified_Tier1,16,0,0,18,8,500,0,0,0
EG_WAL_12637,Alexandria,633,Basic,13,1,1,24,6,500,0,0,0
EG_WAL_12638,Asyut,539,Basic,16,6,0,36,4,1000,0,0,0
EG_WAL_12639,Alexandria,635,Verified_Tier1,12,1,1,17,8,5000,0,0,0
EG_WAL_12640,Cairo,492,Merchant,7,4,1,57,2,2500,1,0,1
EG_WAL_12641,Cairo,228,Basic,10,5,0,11,3,1000,0,0,0
EG_WAL_12642,Alexandria,300,Basic,8,9,0,31,5,500,0,0,0
EG_WAL_12643,Giza,587,Basic,11,6,0,25,6,2500,0,0,0
EG_WAL_12644,Cairo,93,Basic,13,5,0,25,9,1000,0,0,0
EG_WAL_12645,Cairo,259,Basic,17,5,0,46,7,5000,1,0,0.95
EG_WAL_12646,Asyut,278,Verified_Tier1,12,3,1,41,3,5000,0,0,0
EG_WAL_12647,Giza,275,Verified_Tier1,16,1,0,88,8,5000,1,0,1
EG_WAL_12648,Giza,616,Basic,14,2,0,50,2,2500,1,0,1
EG_WAL_12649,Giza,186,Basic,9,6,0,40,2,500,0,0,0
EG_WAL_12650,Cairo,593,Basic,8,4,3,77,4,500,1,0,1
EG_WAL_12651,Cairo,117,Basic,14,2,0,64,1,1000,1,0,1
EG_WAL_12652,Cairo,342,Basic,8,4,0,60,0,0,1,0,1
EG_WAL_12653,Cairo,95,Basic,10,4,0,74,8,5000,1,0,1
EG_WAL_12654,Alexandria,691,Basic,11,5,0,34,7,5000,0,0,0
EG_WAL_12655,Giza,49,Basic,13,3,1,84,2,5000,1,0,1
EG_WAL_12656,Gharbia,62,Basic,13,3,0,21,4,2500,0,0,0
EG_WAL_12657,Gharbia,587,Basic,13,3,0,68,7,500,1,0,1
EG_WAL_12658,Cairo,102,Basic,12,2,0,39,1,5000,0,0,0
EG_WAL_12659,Alexandria,372,Verified_Tier1,11,1,1,53,6,1000,1,0,1
EG_WAL_12660,Giza,162,Verified_Tier1,14,3,1,81,8,500,1,0,1
EG_WAL_12661,Gharbia,84,Verified_Tier1,12,6,0,36,3,1000,0,0,0
EG_WAL_12662,Cairo,90,Basic,8,2,0,43,1,1000,0,0,0
EG_WAL_12663,Alexandria,549,Basic,6,3,1,28,8,5000,0,0,0
EG_WAL_12664,Giza,301,Basic,15,6,0,81,9,5000,1,0,1
EG_WAL_12665,Cairo,275,Basic,15,5,1,11,0,0,0,0,0
EG_WAL_12666,Cairo,205,Verified_Tier1,15,4,0,20,5,1000,0,0,0
EG_WAL_12667,Alexandria,657,Basic,11,4,2,39,7,1000,0,0,0
EG_WAL_12668,Alexandria,346,Basic,16,2,0,29,1,5000,0,0,0
EG_WAL_12669,Cairo,691,Basic,14,5,0,63,9,2500,1,0,0.99
EG_WAL_12670,Giza,160,Basic,8,6,0,40,6,1000,0,0,0
EG_WAL_12671,Cairo,131,Merchant,11,5,0,78,6,5000,1,0,1
EG_WAL_12672,Alexandria,339,Basic,15,3,0,46,2,5000,1,0,0.99
EG_WAL_12673,Cairo,321,Verified_Tier1,18,2,1,3,9,2500,0,0,0
EG_WAL_12674,Gharbia,524,Basic,13,2,0,27,3,5000,0,0,0
EG_WAL_12675,Cairo,390,Merchant,9,7,0,47,7,5000,1,0,1
EG_WAL_12676,Cairo,367,Basic,16,2,0,56,5,2500,1,0,1
EG_WAL_12677,Cairo,608,Verified_Tier1,9,2,0,15,1,2500,0,0,0
EG_WAL_12678,Cairo,39,Basic,6,5,0,11,5,500,0,0,0
EG_WAL_12679,Giza,78,Verified_Tier1,18,7,0,54,6,1000,1,0,1
EG_WAL_12680,Cairo,516,Basic,14,2,1,35,7,1000,0,0,0
EG_WAL_12681,Gharbia,652,Basic,11,4,0,14,7,500,0,0,0
EG_WAL_12682,Cairo,350,Verified_Tier1,15,4,0,18,7,1000,0,0,0
EG_WAL_12683,Cairo,598,Merchant,9,2,0,17,7,500,0,0,0
EG_WAL_12684,Cairo,654,Basic,16,1,0,89,5,1000,1,0,1
EG_WAL_12685,Cairo,162,Verified_Tier1,17,3,0,74,0,0,1,0,1
EG_WAL_12686,Cairo,612,Basic,11,8,0,27,3,2500,0,0,0
EG_WAL_12687,Giza,112,Verified_Tier1,6,7,1,55,1,2500,1,0,1
EG_WAL_12688,Giza,86,Verified_Tier1,10,5,0,22,9,2500,0,0,0
EG_WAL_12689,Giza,405,Basic,12,4,1,78,6,1000,1,0,1
EG_WAL_12690,Giza,378,Verified_Tier1,15,3,0,10,0,0,0,0,0
EG_WAL_12691,Giza,300,Verified_Tier1,23,9,0,42,4,2500,0,0,0.01
EG_WAL_12692,Cairo,512,Basic,7,1,1,84,9,500,1,0,1
EG_WAL_12693,Giza,140,Verified_Tier1,8,1,1,44,7,1000,0,0,0
EG_WAL_12694,Asyut,105,Basic,12,7,0,38,3,1000,0,0,0
EG_WAL_12695,Giza,187,Verified_Tier1,6,3,0,78,6,5000,1,0,1
EG_WAL_12696,Alexandria,561,Verified_Tier1,14,2,0,80,4,1000,1,0,1
EG_WAL_12697,Cairo,672,Basic,13,8,0,88,0,0,1,0,0.99
EG_WAL_12698,Alexandria,358,Verified_Tier1,5,5,1,23,1,2500,0,0,0
EG_WAL_12699,Alexandria,151,Basic,11,2,1,44,4,500,0,0,0
EG_WAL_12700,Giza,70,Basic,9,1,0,35,6,500,0,0,0
EG_WAL_12701,Asyut,196,Basic,12,4,0,3,6,1000,0,0,0
EG_WAL_12702,Cairo,671,Basic,20,4,0,64,8,500,1,0,0.99
EG_WAL_12703,Cairo,52,Verified_Tier1,13,3,0,55,2,1000,1,0,1
EG_WAL_12704,Alexandria,308,Basic,13,6,0,10,3,2500,0,0,0
EG_WAL_12705,Gharbia,498,Basic,10,2,0,84,2,5000,1,0,1
EG_WAL_12706,Cairo,429,Verified_Tier1,5,3,1,24,7,2500,0,0,0
EG_WAL_12707,Cairo,38,Basic,18,5,0,49,8,1000,1,0,0.98
EG_WAL_12708,Cairo,42,Basic,8,0,0,51,7,2500,1,0,0.99
EG_WAL_12709,Cairo,81,Basic,15,1,0,5,1,2500,0,0,0
EG_WAL_12710,Alexandria,238,Verified_Tier1,13,1,0,45,9,5000,0,0,0
EG_WAL_12711,Giza,579,Basic,8,1,0,69,0,0,1,0,0.99
EG_WAL_12712,Cairo,641,Basic,11,6,0,85,4,1000,1,0,1
EG_WAL_12713,Cairo,431,Basic,10,8,0,14,1,500,0,0,0
EG_WAL_12714,Cairo,220,Verified_Tier1,20,2,0,60,2,5000,1,0,1
EG_WAL_12715,Cairo,80,Basic,10,6,0,32,8,1000,0,0,0
EG_WAL_12716,Giza,422,Merchant,12,2,5,80,2,1000,1,0,0.99
EG_WAL_12717,Asyut,682,Verified_Tier1,10,4,0,11,0,0,0,0,0
EG_WAL_12718,Gharbia,709,Verified_Tier1,11,1,0,30,8,5000,0,0,0
EG_WAL_12719,Cairo,650,Basic,12,4,0,33,1,5000,0,0,0
EG_WAL_12720,Gharbia,329,Basic,15,9,1,31,9,2500,0,0,0
EG_WAL_12721,Alexandria,651,Verified_Tier1,11,3,0,22,5,500,0,0,0
EG_WAL_12722,Alexandria,225,Basic,10,3,0,68,6,5000,1,0,1
EG_WAL_12723,Giza,446,Basic,14,4,1,39,8,1000,0,0,0
EG_WAL_12724,Cairo,693,Basic,13,5,0,65,7,500,1,0,1
EG_WAL_12725,Cairo,449,Merchant,16,3,0,30,5,5000,0,0,0
EG_WAL_12726,Cairo,669,Verified_Tier1,12,4,0,11,3,500,0,0,0
EG_WAL_12727,Cairo,646,Basic,8,1,0,41,3,1000,0,0,0.01
EG_WAL_12728,Cairo,551,Verified_Tier1,10,6,0,19,3,500,0,0,0
EG_WAL_12729,Giza,385,Basic,4,2,0,13,9,5000,0,0,0
EG_WAL_12730,Alexandria,177,Verified_Tier1,10,6,3,74,1,5000,1,0,1
EG_WAL_12731,Giza,394,Basic,10,3,0,59,6,1000,1,0,1
EG_WAL_12732,Cairo,393,Verified_Tier1,11,1,0,89,0,0,1,0,1
EG_WAL_12733,Asyut,681,Basic,12,5,2,1,4,500,0,0,0
EG_WAL_12734,Asyut,431,Basic,14,2,0,30,3,500,0,0,0
EG_WAL_12735,Alexandria,635,Basic,12,5,0,54,1,1000,1,0,1
EG_WAL_12736,Asyut,521,Basic,7,9,0,34,8,5000,0,0,0
EG_WAL_12737,Giza,258,Verified_Tier1,10,4,1,26,0,0,0,0,0
EG_WAL_12738,Asyut,604,Basic,11,4,1,4,3,2500,0,0,0
EG_WAL_12739,Cairo,566,Basic,12,5,1,74,5,5000,1,0,1
EG_WAL_12740,Cairo,297,Basic,15,4,0,50,3,5000,1,0,1
EG_WAL_12741,Cairo,434,Basic,17,6,1,15,9,1000,0,0,0
EG_WAL_12742,Cairo,40,Basic,8,3,0,39,9,2500,0,0,0
EG_WAL_12743,Cairo,349,Basic,8,3,0,89,3,5000,1,0,1
EG_WAL_12744,Giza,155,Basic,12,5,4,87,1,5000,1,0,1
EG_WAL_12745,Alexandria,335,Basic,12,6,0,67,9,5000,1,0,1
EG_WAL_12746,Giza,540,Basic,16,4,0,75,8,500,1,0,1
EG_WAL_12747,Cairo,118,Verified_Tier1,12,5,0,81,8,5000,1,0,1
EG_WAL_12748,Gharbia,384,Verified_Tier1,10,7,0,77,0,0,1,0,1
EG_WAL_12749,Giza,657,Basic,7,2,0,80,0,0,1,0,1
EG_WAL_12750,Cairo,381,Verified_Tier1,10,8,0,43,7,5000,0,0,0
EG_WAL_12751,Alexandria,718,Verified_Tier1,15,3,0,40,8,5000,0,0,0
EG_WAL_12752,Cairo,43,Basic,15,4,0,15,2,2500,0,0,0
EG_WAL_12753,Cairo,286,Verified_Tier1,10,4,1,41,2,1000,0,0,0
EG_WAL_12754,Asyut,238,Basic,7,8,1,19,1,5000,0,0,0.01
EG_WAL_12755,Cairo,310,Verified_Tier1,16,6,0,61,8,5000,1,0,1
EG_WAL_12756,Giza,472,Basic,10,3,0,27,1,500,0,0,0
EG_WAL_12757,Gharbia,418,Basic,7,2,0,59,6,2500,1,0,1
EG_WAL_12758,Alexandria,646,Basic,13,5,0,40,1,5000,0,0,0
EG_WAL_12759,Cairo,512,Merchant,10,4,2,0,9,2500,0,0,0
EG_WAL_12760,Cairo,176,Verified_Tier1,16,2,0,15,9,2500,0,0,0
EG_WAL_12761,Cairo,308,Basic,10,6,1,3,5,5000,0,0,0
EG_WAL_12762,Giza,550,Basic,14,2,0,53,2,2500,1,0,1
EG_WAL_12763,Giza,659,Basic,18,2,1,28,0,0,0,0,0
EG_WAL_12764,Cairo,635,Basic,17,2,0,71,5,500,1,0,1
EG_WAL_12765,Asyut,463,Basic,8,7,0,65,1,1000,1,0,1
EG_WAL_12766,Giza,173,Basic,20,5,2,23,6,500,0,0,0
EG_WAL_12767,Cairo,318,Verified_Tier1,11,3,0,40,8,1000,0,0,0
EG_WAL_12768,Giza,415,Verified_Tier1,11,4,0,62,0,0,1,0,1
EG_WAL_12769,Alexandria,43,Basic,11,2,0,55,3,2500,1,0,1
EG_WAL_12770,Cairo,286,Basic,10,8,1,13,4,1000,0,0,0.01
EG_WAL_12771,Cairo,375,Verified_Tier1,14,2,0,52,8,2500,1,0,1
EG_WAL_12772,Gharbia,374,Verified_Tier1,12,6,1,43,2,500,0,0,0
EG_WAL_12773,Giza,429,Verified_Tier1,9,2,0,42,5,5000,0,0,0
EG_WAL_12774,Giza,236,Merchant,14,7,0,0,4,1000,0,0,0
EG_WAL_12775,Giza,201,Verified_Tier1,10,3,0,10,4,5000,0,0,0
EG_WAL_12776,Cairo,493,Basic,15,4,0,19,1,5000,0,0,0
EG_WAL_12777,Cairo,299,Basic,10,3,0,78,9,2500,1,0,1
EG_WAL_12778,Giza,250,Merchant,11,10,0,20,4,2500,0,0,0
EG_WAL_12779,Cairo,181,Basic,11,3,2,86,2,2500,1,0,1
EG_WAL_12780,Cairo,652,Basic,5,4,0,72,1,5000,1,0,1
EG_WAL_12781,Gharbia,212,Basic,21,3,0,19,5,1000,0,0,0
EG_WAL_12782,Asyut,428,Verified_Tier1,17,6,0,16,0,0,0,0,0
EG_WAL_12783,Alexandria,101,Merchant,8,8,0,62,5,500,1,0,1
EG_WAL_12784,Gharbia,447,Basic,6,1,0,78,7,2500,1,0,1
EG_WAL_12785,Cairo,312,Basic,10,2,2,4,2,5000,0,0,0
EG_WAL_12786,Asyut,103,Verified_Tier1,17,2,0,45,9,1000,0,0,0
EG_WAL_12787,Cairo,384,Basic,11,4,1,51,6,1000,1,0,1
EG_WAL_12788,Asyut,526,Basic,8,1,0,79,2,5000,1,0,0.99
EG_WAL_12789,Asyut,357,Verified_Tier1,12,7,0,35,5,5000,0,0,0
EG_WAL_12790,Alexandria,564,Basic,12,2,0,48,6,1000,1,0,1
EG_WAL_12791,Asyut,609,Basic,11,3,0,37,2,2500,0,0,0
EG_WAL_12792,Giza,476,Verified_Tier1,12,2,0,87,4,5000,1,0,1
EG_WAL_12793,Cairo,402,Basic,11,2,0,88,2,500,1,0,1
EG_WAL_12794,Giza,391,Verified_Tier1,10,2,0,26,3,5000,0,0,0.01
EG_WAL_12795,Giza,122,Basic,14,6,0,68,4,1000,1,0,1
EG_WAL_12796,Cairo,350,Basic,16,5,0,49,6,500,1,0,1
EG_WAL_12797,Giza,353,Basic,12,5,0,84,3,1000,1,0,1
EG_WAL_12798,Asyut,413,Basic,13,5,2,42,3,1000,0,0,0
EG_WAL_12799,Cairo,604,Verified_Tier1,6,1,0,69,1,500,1,0,1
EG_WAL_12800,Alexandria,375,Verified_Tier1,14,3,0,8,4,5000,0,0,0
EG_WAL_12801,Asyut,132,Verified_Tier1,14,3,0,64,2,1000,1,0,1
EG_WAL_12802,Asyut,244,Basic,11,4,0,29,3,500,0,0,0
EG_WAL_12803,Asyut,221,Verified_Tier1,10,5,0,14,7,1000,0,0,0
EG_WAL_12804,Giza,701,Basic,22,5,0,31,3,500,0,0,0.01
EG_WAL_12805,Asyut,223,Verified_Tier1,18,2,1,83,5,2500,1,0,1
EG_WAL_12806,Alexandria,409,Verified_Tier1,15,3,1,3,2,1000,0,0,0
EG_WAL_12807,Cairo,432,Basic,14,5,0,59,0,0,1,0,1
EG_WAL_12808,Giza,693,Basic,8,12,0,54,3,500,1,0,1
EG_WAL_12809,Alexandria,629,Basic,13,3,0,33,5,500,0,0,0
EG_WAL_12810,Cairo,40,Basic,11,4,0,60,8,500,1,0,1
EG_WAL_12811,Giza,216,Merchant,10,5,0,37,4,500,0,0,0
EG_WAL_12812,Alexandria,44,Basic,10,2,0,83,6,5000,1,0,1
EG_WAL_12813,Cairo,326,Basic,13,2,0,50,0,0,1,0,1
EG_WAL_12814,Giza,440,Basic,13,3,1,57,7,5000,1,0,1
EG_WAL_12815,Alexandria,614,Verified_Tier1,12,4,0,24,3,2500,0,0,0
EG_WAL_12816,Giza,81,Basic,11,4,0,10,7,1000,0,0,0
EG_WAL_12817,Cairo,669,Basic,11,4,0,7,8,5000,0,0,0.01
EG_WAL_12818,Cairo,57,Basic,13,6,0,33,2,5000,0,0,0
EG_WAL_12819,Cairo,606,Verified_Tier1,11,4,1,26,3,1000,0,0,0
EG_WAL_12820,Asyut,46,Basic,16,3,0,21,5,5000,0,0,0
EG_WAL_12821,Cairo,380,Verified_Tier1,17,3,1,61,2,1000,1,0,1
EG_WAL_12822,Giza,457,Basic,17,3,3,71,8,2500,1,0,1
EG_WAL_12823,Cairo,679,Basic,10,4,0,38,2,500,0,0,0
EG_WAL_12824,Cairo,258,Basic,17,5,0,72,6,2500,1,0,1
EG_WAL_12825,Gharbia,239,Basic,15,7,0,21,6,1000,0,0,0
EG_WAL_12826,Alexandria,460,Basic,8,7,1,72,4,1000,1,0,1
EG_WAL_12827,Cairo,323,Basic,12,6,0,30,5,5000,0,0,0
EG_WAL_12828,Giza,611,Verified_Tier1,4,3,0,33,0,0,0,0,0
EG_WAL_12829,Cairo,133,Basic,7,4,0,67,2,500,1,0,1
EG_WAL_12830,Giza,233,Basic,16,6,0,77,2,500,1,0,1
EG_WAL_12831,Alexandria,82,Verified_Tier1,9,4,0,58,1,5000,1,0,1
EG_WAL_12832,Cairo,404,Basic,15,2,0,7,0,0,0,0,0
EG_WAL_12833,Cairo,83,Verified_Tier1,14,6,0,52,8,2500,1,0,1
EG_WAL_12834,Cairo,305,Verified_Tier1,13,4,0,85,3,1000,1,0,1
EG_WAL_12835,Asyut,364,Basic,10,2,0,53,7,2500,1,0,1
EG_WAL_12836,Asyut,60,Verified_Tier1,8,5,0,69,6,1000,1,0,1
EG_WAL_12837,Cairo,164,Basic,17,4,1,17,5,500,0,0,0
EG_WAL_12838,Alexandria,87,Basic,7,4,0,7,0,0,0,0,0
EG_WAL_12839,Cairo,134,Basic,13,2,0,6,2,1000,0,0,0
EG_WAL_12840,Cairo,295,Basic,13,5,0,6,4,500,0,0,0.01
EG_WAL_12841,Alexandria,551,Basic,23,3,0,9,0,0,0,0,0.01
EG_WAL_12842,Asyut,525,Basic,9,5,0,35,0,0,0,0,0
EG_WAL_12843,Asyut,282,Basic,9,4,0,61,9,5000,1,0,1
EG_WAL_12844,Giza,324,Basic,13,6,1,50,8,500,1,0,1
EG_WAL_12845,Cairo,697,Basic,17,5,0,30,0,0,0,0,0.01
EG_WAL_12846,Alexandria,187,Basic,14,2,0,9,3,2500,0,0,0
EG_WAL_12847,Cairo,578,Basic,13,4,1,83,7,500,1,0,1
EG_WAL_12848,Giza,660,Basic,23,3,0,34,8,1000,0,0,0.01
EG_WAL_12849,Cairo,96,Basic,13,7,0,28,5,1000,0,0,0
EG_WAL_12850,Alexandria,328,Basic,19,5,1,48,7,1000,1,0,1
EG_WAL_12851,Cairo,492,Verified_Tier1,8,4,0,30,5,2500,0,0,0
EG_WAL_12852,Cairo,130,Verified_Tier1,18,4,1,67,7,5000,1,0,1
EG_WAL_12853,Asyut,85,Basic,6,4,0,16,6,1000,0,0,0
EG_WAL_12854,Cairo,361,Verified_Tier1,8,6,0,36,8,2500,0,0,0
EG_WAL_12855,Giza,422,Basic,15,4,0,89,8,2500,1,0,1
EG_WAL_12856,Cairo,410,Basic,9,3,1,27,1,500,0,0,0
EG_WAL_12857,Cairo,121,Verified_Tier1,11,2,0,37,4,500,0,0,0
EG_WAL_12858,Cairo,476,Basic,17,4,1,9,1,5000,0,0,0
EG_WAL_12859,Cairo,138,Verified_Tier1,11,6,0,71,5,2500,1,0,1
EG_WAL_12860,Gharbia,346,Basic,13,6,0,82,3,1000,1,0,1
EG_WAL_12861,Cairo,197,Basic,9,3,0,27,7,2500,0,0,0
EG_WAL_12862,Asyut,464,Basic,8,6,0,68,9,500,1,0,1
EG_WAL_12863,Giza,471,Basic,13,2,0,87,3,2500,1,0,1
EG_WAL_12864,Giza,247,Basic,14,3,0,6,5,1000,0,0,0
EG_WAL_12865,Giza,251,Basic,5,1,0,83,0,0,1,0,1
EG_WAL_12866,Giza,702,Verified_Tier1,9,8,0,1,3,5000,0,0,0
EG_WAL_12867,Alexandria,557,Basic,9,3,0,56,3,5000,1,0,1
EG_WAL_12868,Cairo,307,Basic,9,2,0,9,5,5000,0,0,0
EG_WAL_12869,Cairo,598,Basic,10,4,0,81,7,500,1,0,1
EG_WAL_12870,Gharbia,603,Verified_Tier1,16,2,0,13,3,5000,0,0,0
EG_WAL_12871,Asyut,495,Basic,15,4,0,73,3,2500,1,0,1
EG_WAL_12872,Gharbia,631,Basic,17,4,0,31,2,1000,0,0,0
EG_WAL_12873,Giza,613,Merchant,3,3,0,52,7,5000,1,0,1
EG_WAL_12874,Alexandria,59,Basic,8,3,2,2,5,1000,0,0,0
EG_WAL_12875,Giza,388,Basic,11,4,0,47,3,500,1,0,1
EG_WAL_12876,Giza,317,Verified_Tier1,10,3,0,7,4,500,0,0,0
EG_WAL_12877,Cairo,115,Verified_Tier1,4,5,0,8,1,500,0,0,0
EG_WAL_12878,Giza,263,Basic,11,3,3,74,8,500,1,0,1
EG_WAL_12879,Cairo,342,Basic,14,3,1,15,7,5000,0,0,0
EG_WAL_12880,Cairo,394,Verified_Tier1,8,3,0,87,1,2500,1,0,1
EG_WAL_12881,Gharbia,298,Basic,11,4,2,30,7,500,0,0,0
EG_WAL_12882,Cairo,160,Verified_Tier1,9,3,1,4,5,1000,0,0,0
EG_WAL_12883,Cairo,380,Basic,13,2,1,78,0,0,1,0,1
EG_WAL_12884,Cairo,209,Basic,8,4,1,38,9,5000,0,0,0
EG_WAL_12885,Asyut,509,Basic,10,1,0,15,3,2500,0,0,0
EG_WAL_12886,Giza,192,Verified_Tier1,15,2,0,89,4,2500,1,0,1
EG_WAL_12887,Giza,125,Verified_Tier1,8,3,0,63,1,5000,1,0,1
EG_WAL_12888,Gharbia,539,Verified_Tier1,11,5,0,75,9,2500,1,0,1
EG_WAL_12889,Gharbia,394,Verified_Tier1,10,1,0,82,4,5000,1,0,1
EG_WAL_12890,Cairo,382,Basic,12,5,1,46,0,0,1,0,1
EG_WAL_12891,Alexandria,465,Basic,14,4,0,58,1,2500,1,0,1
EG_WAL_12892,Alexandria,112,Verified_Tier1,12,1,0,19,0,0,0,0,0
EG_WAL_12893,Alexandria,254,Verified_Tier1,13,3,0,20,1,1000,0,0,0
EG_WAL_12894,Cairo,441,Verified_Tier1,15,1,2,52,1,5000,1,0,1
EG_WAL_12895,Gharbia,147,Verified_Tier1,8,3,0,78,6,500,1,0,1
EG_WAL_12896,Giza,511,Basic,13,5,0,53,6,500,1,0,1
EG_WAL_12897,Cairo,221,Basic,14,4,0,48,6,500,1,0,1
EG_WAL_12898,Giza,620,Verified_Tier1,7,3,2,15,1,500,0,0,0
EG_WAL_12899,Cairo,619,Basic,12,5,0,15,2,5000,0,0,0
EG_WAL_12900,Cairo,688,Basic,7,4,0,22,1,5000,0,0,0
EG_WAL_12901,Alexandria,136,Verified_Tier1,9,5,0,67,4,5000,1,0,1
EG_WAL_12902,Cairo,411,Basic,18,5,0,36,2,500,0,0,0
EG_WAL_12903,Giza,419,Verified_Tier1,10,2,1,23,9,500,0,0,0
EG_WAL_12904,Giza,273,Basic,21,5,0,60,5,500,1,0,1
EG_WAL_12905,Cairo,614,Verified_Tier1,13,8,0,7,5,2500,0,0,0
EG_WAL_12906,Asyut,497,Verified_Tier1,9,6,0,68,4,2500,1,0,1
EG_WAL_12907,Cairo,567,Basic,13,4,1,28,1,1000,0,0,0
EG_WAL_12908,Cairo,239,Basic,8,10,0,9,7,5000,0,0,0
EG_WAL_12909,Cairo,633,Basic,10,3,0,55,5,2500,1,0,1
EG_WAL_12910,Cairo,666,Basic,12,1,1,72,1,5000,1,0,1
EG_WAL_12911,Cairo,102,Basic,9,7,0,21,0,0,0,0,0
EG_WAL_12912,Alexandria,664,Basic,15,8,1,9,5,1000,0,0,0
EG_WAL_12913,Asyut,338,Basic,10,9,1,83,1,500,1,0,1
EG_WAL_12914,Cairo,619,Basic,12,3,0,19,3,5000,0,0,0
EG_WAL_12915,Alexandria,215,Basic,17,4,3,50,3,500,1,0,1
EG_WAL_12916,Alexandria,282,Verified_Tier1,13,3,1,9,8,5000,0,0,0
EG_WAL_12917,Gharbia,42,Basic,12,6,0,82,9,2500,1,0,1
EG_WAL_12918,Giza,328,Verified_Tier1,12,4,0,40,9,2500,0,0,0
EG_WAL_12919,Cairo,105,Verified_Tier1,13,4,1,79,6,500,1,0,1
EG_WAL_12920,Cairo,80,Verified_Tier1,8,2,0,39,8,500,0,0,0
EG_WAL_12921,Alexandria,178,Verified_Tier1,13,3,1,75,5,2500,1,0,1
EG_WAL_12922,Gharbia,151,Basic,14,6,0,4,0,0,0,0,0
EG_WAL_12923,Cairo,240,Verified_Tier1,12,1,0,42,9,2500,0,0,0
EG_WAL_12924,Cairo,309,Basic,10,5,1,66,7,500,1,0,1
EG_WAL_12925,Asyut,567,Verified_Tier1,12,6,1,23,3,5000,0,0,0
EG_WAL_12926,Gharbia,714,Verified_Tier1,15,5,1,89,9,2500,1,0,0.98
EG_WAL_12927,Asyut,185,Basic,15,4,0,30,7,5000,0,0,0
EG_WAL_12928,Alexandria,267,Basic,17,2,1,58,2,2500,1,0,1
EG_WAL_12929,Cairo,405,Basic,10,3,0,66,5,500,1,0,1
EG_WAL_12930,Giza,111,Verified_Tier1,8,4,0,62,3,500,1,0,1
EG_WAL_12931,Alexandria,521,Basic,13,5,0,0,9,5000,0,0,0
EG_WAL_12932,Cairo,385,Basic,10,3,1,74,3,5000,1,0,1
EG_WAL_12933,Giza,302,Basic,14,3,0,68,1,2500,1,0,1
EG_WAL_12934,Alexandria,609,Basic,10,4,0,70,3,1000,1,0,1
EG_WAL_12935,Cairo,73,Merchant,4,4,0,32,0,0,0,0,0
EG_WAL_12936,Alexandria,602,Verified_Tier1,7,7,0,76,0,0,1,0,1
EG_WAL_12937,Giza,152,Basic,18,7,1,62,4,1000,1,0,1
EG_WAL_12938,Asyut,378,Basic,15,6,1,41,0,0,0,0,0
EG_WAL_12939,Cairo,359,Basic,15,5,0,30,2,5000,0,0,0
EG_WAL_12940,Cairo,438,Basic,9,3,0,51,2,1000,1,0,1
EG_WAL_12941,Giza,352,Verified_Tier1,21,6,1,49,9,1000,1,0,1
EG_WAL_12942,Cairo,140,Basic,12,3,0,12,3,5000,0,0,0
EG_WAL_12943,Alexandria,118,Basic,16,2,0,64,0,0,1,0,1
EG_WAL_12944,Alexandria,462,Verified_Tier1,20,4,1,37,6,2500,0,0,0
EG_WAL_12945,Cairo,128,Verified_Tier1,8,3,1,38,3,500,0,0,0
EG_WAL_12946,Giza,568,Basic,18,4,1,41,6,2500,0,0,0
EG_WAL_12947,Giza,630,Basic,12,5,0,38,4,1000,0,0,0
EG_WAL_12948,Cairo,175,Basic,10,5,1,41,0,0,0,0,0.01
EG_WAL_12949,Asyut,286,Verified_Tier1,9,3,1,72,3,1000,1,0,1
EG_WAL_12950,Gharbia,218,Merchant,10,7,0,69,4,5000,1,0,1
EG_WAL_12951,Alexandria,269,Basic,11,7,2,72,3,500,1,0,1
EG_WAL_12952,Alexandria,532,Basic,14,7,2,41,6,500,0,0,0
EG_WAL_12953,Giza,706,Verified_Tier1,17,9,1,28,0,0,0,0,0.03
EG_WAL_12954,Asyut,300,Verified_Tier1,9,3,2,67,8,2500,1,0,1
EG_WAL_12955,Alexandria,549,Merchant,13,4,1,24,5,2500,0,0,0
EG_WAL_12956,Alexandria,579,Basic,8,1,1,15,7,500,0,0,0
EG_WAL_12957,Gharbia,143,Basic,10,2,0,56,7,5000,1,0,1
EG_WAL_12958,Cairo,368,Basic,23,4,0,33,8,5000,0,0,0.01
EG_WAL_12959,Gharbia,597,Basic,13,0,0,74,4,500,1,0,1
EG_WAL_12960,Cairo,388,Basic,10,4,0,8,7,500,0,0,0.01
EG_WAL_12961,Cairo,679,Basic,8,5,0,34,7,1000,0,0,0
EG_WAL_12962,Cairo,643,Basic,7,4,0,26,5,2500,0,0,0
EG_WAL_12963,Asyut,363,Verified_Tier1,11,6,0,38,9,2500,0,0,0
EG_WAL_12964,Gharbia,718,Basic,10,5,0,44,7,2500,0,0,0.05
EG_WAL_12965,Alexandria,198,Verified_Tier1,12,5,0,59,4,1000,1,0,1
EG_WAL_12966,Alexandria,368,Basic,9,6,0,42,9,500,0,0,0
EG_WAL_12967,Giza,290,Verified_Tier1,17,4,0,60,7,2500,1,0,1
EG_WAL_12968,Asyut,228,Basic,15,7,0,68,9,1000,1,0,1
EG_WAL_12969,Giza,240,Verified_Tier1,16,8,0,15,2,5000,0,0,0
EG_WAL_12970,Cairo,316,Basic,10,6,0,1,3,2500,0,0,0
EG_WAL_12971,Cairo,501,Basic,6,3,0,73,2,5000,1,0,1
EG_WAL_12972,Alexandria,511,Verified_Tier1,12,7,1,18,4,1000,0,0,0
EG_WAL_12973,Alexandria,52,Basic,10,2,1,63,4,2500,1,0,1
EG_WAL_12974,Cairo,589,Basic,17,4,0,19,4,500,0,0,0
EG_WAL_12975,Cairo,138,Verified_Tier1,10,6,0,57,1,2500,1,0,1
EG_WAL_12976,Gharbia,325,Verified_Tier1,13,2,2,59,8,1000,1,0,0.99
EG_WAL_12977,Cairo,35,Basic,11,5,1,58,6,5000,1,0,1
EG_WAL_12978,Alexandria,579,Basic,9,7,0,50,7,2500,1,0,1
EG_WAL_12979,Asyut,710,Basic,8,2,0,34,1,1000,0,0,0.02
EG_WAL_12980,Giza,232,Basic,11,3,0,9,9,1000,0,0,0
EG_WAL_12981,Cairo,354,Merchant,9,5,0,35,9,2500,0,0,0
EG_WAL_12982,Alexandria,273,Basic,20,3,1,52,6,1000,1,0,0.99
EG_WAL_12983,Gharbia,356,Basic,16,5,0,53,2,5000,1,0,1
EG_WAL_12984,Giza,76,Merchant,17,1,0,15,4,5000,0,0,0
EG_WAL_12985,Asyut,620,Basic,13,5,0,49,6,5000,1,0,1
EG_WAL_12986,Cairo,651,Verified_Tier1,11,1,0,25,8,1000,0,0,0
EG_WAL_12987,Giza,42,Basic,16,1,0,30,9,5000,0,0,0
EG_WAL_12988,Alexandria,409,Basic,9,2,1,60,0,0,1,0,1
EG_WAL_12989,Gharbia,394,Basic,12,2,1,41,5,500,0,0,0
EG_WAL_12990,Cairo,631,Basic,11,3,0,0,5,500,0,0,0
EG_WAL_12991,Gharbia,371,Basic,8,3,0,86,1,1000,1,0,1
EG_WAL_12992,Giza,250,Basic,7,6,0,41,9,2500,0,0,0
EG_WAL_12993,Cairo,102,Basic,10,5,1,48,8,2500,1,0,1
EG_WAL_12994,Cairo,654,Basic,12,1,0,18,4,500,0,0,0
EG_WAL_12995,Gharbia,75,Basic,18,4,0,79,8,1000,1,0,1
EG_WAL_12996,Cairo,533,Basic,17,2,0,56,3,500,1,0,1
EG_WAL_12997,Cairo,303,Basic,16,1,0,7,4,500,0,0,0
EG_WAL_12998,Cairo,584,Verified_Tier1,9,5,1,61,4,5000,1,0,1
EG_WAL_12999,Gharbia,237,Basic,10,2,0,79,4,1000,1,0,1
EG_WAL_13000,Alexandria,644,Basic,10,3,0,75,8,500,1,0,1
EG_WAL_13001,Alexandria,153,Verified_Tier1,7,2,0,8,0,0,0,0,0
EG_WAL_13002,Cairo,39,Basic,16,7,0,6,7,1000,0,0,0.01
EG_WAL_13003,Giza,358,Verified_Tier1,15,4,0,39,6,500,0,0,0
EG_WAL_13004,Giza,216,Verified_Tier1,14,2,2,60,0,0,1,0,1
EG_WAL_13005,Gharbia,572,Basic,11,5,1,22,1,500,0,0,0
EG_WAL_13006,Asyut,697,Basic,9,5,0,40,0,0,0,0,0
EG_WAL_13007,Cairo,89,Merchant,7,4,0,71,3,5000,1,0,1
EG_WAL_13008,Alexandria,471,Basic,12,5,0,22,9,500,0,0,0
EG_WAL_13009,Cairo,246,Verified_Tier1,15,3,2,83,8,5000,1,0,1
EG_WAL_13010,Giza,31,Basic,15,7,0,10,0,0,0,0,0
EG_WAL_13011,Cairo,565,Basic,10,4,0,0,2,500,0,0,0
EG_WAL_13012,Cairo,385,Basic,8,4,1,48,6,5000,1,0,1
EG_WAL_13013,Cairo,655,Basic,7,6,1,43,3,2500,0,0,0
EG_WAL_13014,Giza,696,Basic,19,0,2,68,5,500,1,0,1
EG_WAL_13015,Cairo,194,Verified_Tier1,8,5,0,13,6,1000,0,0,0
EG_WAL_13016,Alexandria,120,Verified_Tier1,12,2,0,6,5,2500,0,0,0
EG_WAL_13017,Giza,196,Verified_Tier1,13,3,0,59,7,1000,1,0,1
EG_WAL_13018,Cairo,236,Basic,12,5,0,23,1,1000,0,0,0
EG_WAL_13019,Alexandria,311,Verified_Tier1,13,3,0,3,0,0,0,0,0
EG_WAL_13020,Cairo,94,Verified_Tier1,10,5,0,26,6,5000,0,0,0
EG_WAL_13021,Giza,545,Verified_Tier1,13,4,0,61,2,5000,1,0,1
EG_WAL_13022,Alexandria,186,Basic,13,3,1,6,3,500,0,0,0
EG_WAL_13023,Cairo,335,Verified_Tier1,17,4,0,53,6,1000,1,0,1
EG_WAL_13024,Cairo,424,Basic,12,2,0,87,1,5000,1,0,1
EG_WAL_13025,Cairo,103,Basic,9,3,0,72,6,5000,1,0,1
EG_WAL_13026,Asyut,216,Merchant,9,8,0,64,3,500,1,0,1
EG_WAL_13027,Giza,603,Basic,19,1,1,86,8,1000,1,0,1
EG_WAL_13028,Alexandria,366,Basic,14,3,0,66,0,0,1,0,1
EG_WAL_13029,Giza,705,Verified_Tier1,6,6,0,19,2,2500,0,0,0
EG_WAL_13030,Cairo,597,Basic,13,2,0,57,7,1000,1,0,1
EG_WAL_13031,Giza,652,Verified_Tier1,10,6,1,47,6,5000,1,0,1
EG_WAL_13032,Alexandria,269,Verified_Tier1,7,5,0,25,1,5000,0,0,0
EG_WAL_13033,Cairo,562,Basic,19,4,0,33,4,2500,0,0,0
EG_WAL_13034,Cairo,170,Basic,11,7,0,31,6,1000,0,0,0
EG_WAL_13035,Cairo,294,Verified_Tier1,16,2,0,39,4,5000,0,0,0
EG_WAL_13036,Giza,168,Basic,17,2,0,4,9,500,0,0,0
EG_WAL_13037,Asyut,488,Verified_Tier1,15,4,0,9,0,0,0,0,0
EG_WAL_13038,Cairo,99,Verified_Tier1,16,4,1,72,4,1000,1,0,1
EG_WAL_13039,Giza,414,Basic,7,10,0,45,9,1000,0,0,0.01
EG_WAL_13040,Cairo,659,Basic,13,3,0,31,2,2500,0,0,0
EG_WAL_13041,Asyut,227,Verified_Tier1,10,7,0,60,0,0,1,0,1
EG_WAL_13042,Cairo,234,Basic,12,2,1,84,9,5000,1,0,1
EG_WAL_13043,Giza,597,Basic,12,2,1,41,3,5000,0,0,0
EG_WAL_13044,Alexandria,716,Verified_Tier1,14,4,0,25,6,2500,0,0,0.01
EG_WAL_13045,Alexandria,669,Verified_Tier1,11,3,0,22,6,5000,0,0,0
EG_WAL_13046,Giza,460,Verified_Tier1,18,3,1,8,1,1000,0,0,0
EG_WAL_13047,Cairo,354,Basic,11,4,0,68,1,2500,1,0,1
EG_WAL_13048,Cairo,471,Verified_Tier1,12,6,0,54,0,0,1,0,1
EG_WAL_13049,Cairo,317,Verified_Tier1,10,3,0,7,1,2500,0,0,0
EG_WAL_13050,Cairo,255,Verified_Tier1,18,5,1,55,8,2500,1,0,1
EG_WAL_13051,Giza,93,Merchant,12,2,3,54,8,2500,1,0,1
EG_WAL_13052,Cairo,589,Basic,15,3,0,42,6,2500,0,0,0
EG_WAL_13053,Cairo,527,Verified_Tier1,10,3,0,74,2,1000,1,0,1
EG_WAL_13054,Alexandria,89,Merchant,16,4,0,55,7,1000,1,0,1
EG_WAL_13055,Asyut,426,Basic,11,5,1,35,3,5000,0,0,0
EG_WAL_13056,Giza,286,Basic,13,5,0,17,4,2500,0,0,0
EG_WAL_13057,Cairo,606,Verified_Tier1,22,3,0,30,9,2500,0,0,0
EG_WAL_13058,Cairo,268,Basic,13,4,0,7,4,1000,0,0,0
EG_WAL_13059,Asyut,67,Basic,9,5,4,18,1,5000,0,0,0.01
EG_WAL_13060,Cairo,54,Basic,18,3,0,21,8,1000,0,0,0
EG_WAL_13061,Cairo,439,Basic,21,3,0,65,5,2500,1,0,1
EG_WAL_13062,Giza,490,Basic,11,4,0,10,5,500,0,0,0
EG_WAL_13063,Giza,600,Basic,13,4,0,66,0,0,1,0,1
EG_WAL_13064,Giza,446,Merchant,11,2,1,32,1,2500,0,0,0
EG_WAL_13065,Cairo,386,Verified_Tier1,13,3,0,73,3,500,1,0,1
EG_WAL_13066,Cairo,412,Verified_Tier1,11,1,0,52,7,2500,1,0,1
EG_WAL_13067,Asyut,187,Basic,14,5,1,44,7,5000,0,0,0
EG_WAL_13068,Cairo,598,Verified_Tier1,10,4,0,66,8,5000,1,0,1
EG_WAL_13069,Alexandria,462,Verified_Tier1,7,7,1,38,0,0,0,0,0
EG_WAL_13070,Alexandria,77,Verified_Tier1,10,4,0,36,7,500,0,0,0
EG_WAL_13071,Giza,357,Basic,12,1,0,49,3,500,1,0,1
EG_WAL_13072,Cairo,462,Basic,9,6,0,27,4,2500,0,0,0
EG_WAL_13073,Cairo,460,Verified_Tier1,18,1,0,13,9,5000,0,0,0
EG_WAL_13074,Giza,85,Verified_Tier1,9,9,0,51,4,1000,1,0,1
EG_WAL_13075,Gharbia,606,Verified_Tier1,9,4,1,29,6,1000,0,0,0
EG_WAL_13076,Asyut,297,Basic,16,7,0,29,2,5000,0,0,0
EG_WAL_13077,Cairo,98,Basic,13,3,0,26,4,1000,0,0,0
EG_WAL_13078,Cairo,630,Verified_Tier1,10,5,1,65,6,1000,1,0,1
EG_WAL_13079,Asyut,478,Basic,8,2,0,76,5,5000,1,0,1
EG_WAL_13080,Alexandria,286,Verified_Tier1,7,4,1,38,1,2500,0,0,0
EG_WAL_13081,Gharbia,701,Merchant,16,2,0,41,7,500,0,0,0
EG_WAL_13082,Cairo,519,Verified_Tier1,11,4,2,27,8,1000,0,0,0
EG_WAL_13083,Giza,672,Basic,15,6,0,83,8,5000,1,0,1
EG_WAL_13084,Alexandria,78,Basic,15,5,0,62,8,2500,1,0,1
EG_WAL_13085,Alexandria,688,Verified_Tier1,7,3,0,54,1,5000,1,0,0.99
EG_WAL_13086,Giza,345,Verified_Tier1,7,4,0,17,9,2500,0,0,0
EG_WAL_13087,Cairo,442,Basic,15,7,0,33,2,1000,0,0,0
EG_WAL_13088,Giza,463,Basic,12,4,0,56,3,1000,1,0,1
EG_WAL_13089,Cairo,31,Basic,14,4,2,44,1,1000,0,0,0.02
EG_WAL_13090,Giza,174,Verified_Tier1,17,2,0,80,5,1000,1,0,1
EG_WAL_13091,Asyut,395,Verified_Tier1,12,4,0,37,6,2500,0,0,0.01
EG_WAL_13092,Cairo,449,Merchant,10,9,0,22,8,5000,0,0,0
EG_WAL_13093,Gharbia,602,Basic,9,6,0,30,0,0,0,0,0
EG_WAL_13094,Cairo,590,Verified_Tier1,10,7,0,8,6,500,0,0,0
EG_WAL_13095,Alexandria,473,Basic,4,3,0,34,4,500,0,0,0
EG_WAL_13096,Asyut,463,Basic,14,3,0,24,2,2500,0,0,0
EG_WAL_13097,Cairo,672,Verified_Tier1,12,5,0,38,4,500,0,0,0
EG_WAL_13098,Cairo,584,Basic,11,6,0,29,5,2500,0,0,0
EG_WAL_13099,Giza,86,Basic,11,5,2,4,3,1000,0,0,0
EG_WAL_13100,Cairo,591,Verified_Tier1,16,2,0,27,9,2500,0,0,0
EG_WAL_13101,Alexandria,207,Basic,15,3,1,6,8,1000,0,0,0
EG_WAL_13102,Asyut,322,Basic,13,7,0,41,0,0,0,0,0
EG_WAL_13103,Giza,75,Basic,13,3,1,41,9,5000,0,0,0
EG_WAL_13104,Cairo,199,Basic,9,1,1,56,5,1000,1,0,1
EG_WAL_13105,Giza,300,Verified_Tier1,12,3,0,82,9,2500,1,0,1
EG_WAL_13106,Alexandria,446,Basic,15,4,0,63,1,2500,1,0,1
EG_WAL_13107,Cairo,168,Verified_Tier1,14,8,0,88,6,1000,1,0,0.99
EG_WAL_13108,Giza,276,Basic,12,4,0,62,8,500,1,0,1
EG_WAL_13109,Giza,177,Basic,13,6,1,17,5,2500,0,0,0
EG_WAL_13110,Giza,259,Basic,13,2,0,89,9,1000,1,0,1
EG_WAL_13111,Cairo,666,Verified_Tier1,13,7,0,44,8,500,0,0,0.01
EG_WAL_13112,Alexandria,403,Basic,10,2,0,19,7,500,0,0,0
EG_WAL_13113,Cairo,109,Verified_Tier1,15,7,1,1,4,1000,0,0,0
EG_WAL_13114,Cairo,635,Basic,12,6,0,63,7,2500,1,0,1
EG_WAL_13115,Gharbia,94,Merchant,11,6,0,29,4,500,0,0,0
EG_WAL_13116,Alexandria,117,Verified_Tier1,14,2,0,21,7,500,0,0,0
EG_WAL_13117,Cairo,117,Verified_Tier1,18,5,0,33,6,500,0,0,0
EG_WAL_13118,Cairo,233,Verified_Tier1,17,4,0,34,4,5000,0,0,0
EG_WAL_13119,Cairo,411,Verified_Tier1,15,6,0,68,7,1000,1,0,1
EG_WAL_13120,Cairo,630,Verified_Tier1,15,4,0,56,5,5000,1,0,1
EG_WAL_13121,Cairo,505,Basic,12,2,0,14,6,500,0,0,0
EG_WAL_13122,Cairo,602,Basic,13,2,0,38,4,500,0,0,0
EG_WAL_13123,Giza,635,Verified_Tier1,9,7,1,78,7,1000,1,0,1
EG_WAL_13124,Alexandria,568,Basic,10,2,0,27,7,500,0,0,0
EG_WAL_13125,Giza,243,Basic,10,9,0,11,0,0,0,0,0
EG_WAL_13126,Alexandria,103,Basic,11,4,0,66,7,500,1,0,1
EG_WAL_13127,Cairo,90,Basic,14,1,1,9,9,1000,0,0,0
EG_WAL_13128,Asyut,572,Verified_Tier1,12,8,1,6,7,1000,0,0,0
EG_WAL_13129,Gharbia,248,Basic,12,7,1,42,6,2500,0,0,0
EG_WAL_13130,Gharbia,41,Merchant,10,3,0,80,5,2500,1,0,1
EG_WAL_13131,Gharbia,444,Verified_Tier1,9,2,1,19,9,1000,0,0,0
EG_WAL_13132,Asyut,61,Verified_Tier1,4,5,2,46,2,1000,1,0,0.99
EG_WAL_13133,Giza,189,Basic,13,3,0,27,6,500,0,0,0
EG_WAL_13134,Cairo,266,Basic,6,2,0,75,3,500,1,0,1
EG_WAL_13135,Giza,210,Merchant,12,1,0,17,7,2500,0,0,0
EG_WAL_13136,Alexandria,587,Verified_Tier1,9,3,1,56,4,500,1,0,1
EG_WAL_13137,Alexandria,370,Verified_Tier1,15,8,0,50,2,1000,1,0,1
EG_WAL_13138,Giza,487,Basic,7,4,1,36,5,5000,0,0,0
EG_WAL_13139,Cairo,109,Basic,12,3,0,75,5,1000,1,0,1
EG_WAL_13140,Cairo,676,Verified_Tier1,10,3,1,7,5,1000,0,0,0
EG_WAL_13141,Asyut,502,Basic,11,1,0,82,7,500,1,0,1
EG_WAL_13142,Giza,700,Verified_Tier1,9,3,0,69,0,0,1,0,1
EG_WAL_13143,Giza,141,Verified_Tier1,10,2,0,43,9,1000,0,0,0
EG_WAL_13144,Cairo,321,Verified_Tier1,10,8,0,64,0,0,1,0,1
EG_WAL_13145,Cairo,660,Basic,9,3,0,49,9,1000,1,0,1
EG_WAL_13146,Gharbia,412,Basic,10,5,2,18,6,1000,0,0,0
EG_WAL_13147,Alexandria,46,Merchant,12,6,0,48,2,1000,1,0,1
EG_WAL_13148,Alexandria,522,Verified_Tier1,11,2,0,66,7,1000,1,0,1
EG_WAL_13149,Giza,360,Verified_Tier1,12,7,0,45,2,2500,0,0,0.01
EG_WAL_13150,Giza,515,Verified_Tier1,12,7,0,69,5,500,1,0,1
EG_WAL_13151,Cairo,435,Verified_Tier1,10,4,0,29,0,0,0,0,0
EG_WAL_13152,Alexandria,146,Verified_Tier1,20,3,0,36,1,1000,0,0,0.01
EG_WAL_13153,Giza,584,Basic,16,5,0,69,6,1000,1,0,1
EG_WAL_13154,Giza,144,Basic,12,1,0,80,5,500,1,0,1
EG_WAL_13155,Giza,578,Basic,9,2,1,46,0,0,1,0,1
EG_WAL_13156,Asyut,654,Basic,9,4,2,78,9,2500,1,0,1
EG_WAL_13157,Cairo,576,Basic,18,6,1,82,6,5000,1,0,1
EG_WAL_13158,Gharbia,673,Basic,9,3,0,29,3,2500,0,0,0
EG_WAL_13159,Cairo,365,Verified_Tier1,11,6,0,72,0,0,1,0,1
EG_WAL_13160,Giza,365,Basic,12,5,0,33,8,2500,0,0,0
EG_WAL_13161,Cairo,176,Basic,16,5,0,89,2,500,1,0,1
EG_WAL_13162,Cairo,151,Basic,19,4,0,60,8,1000,1,0,1
EG_WAL_13163,Giza,110,Verified_Tier1,19,7,0,34,6,500,0,0,0
EG_WAL_13164,Cairo,714,Basic,15,6,3,65,7,2500,1,0,0.97
EG_WAL_13165,Giza,695,Basic,9,1,0,12,6,5000,0,0,0
EG_WAL_13166,Asyut,691,Basic,12,6,1,59,9,1000,1,0,0.99
EG_WAL_13167,Cairo,404,Verified_Tier1,10,4,0,8,8,1000,0,0,0
EG_WAL_13168,Alexandria,599,Merchant,12,8,0,20,2,5000,0,0,0
EG_WAL_13169,Giza,92,Merchant,11,3,2,40,7,1000,0,0,0
EG_WAL_13170,Alexandria,533,Basic,9,5,1,64,1,500,1,0,1
EG_WAL_13171,Cairo,697,Verified_Tier1,14,2,0,83,3,500,1,0,1
EG_WAL_13172,Cairo,478,Basic,6,3,0,48,9,2500,1,0,1
EG_WAL_13173,Cairo,457,Basic,11,1,0,68,3,500,1,0,1
EG_WAL_13174,Cairo,456,Basic,11,7,3,11,5,2500,0,0,0
EG_WAL_13175,Cairo,450,Basic,11,3,0,20,2,1000,0,0,0
EG_WAL_13176,Alexandria,351,Verified_Tier1,13,2,0,60,0,0,1,0,1
EG_WAL_13177,Gharbia,709,Basic,14,4,0,38,9,500,0,0,0.01
EG_WAL_13178,Gharbia,195,Basic,8,5,0,86,7,500,1,0,1
EG_WAL_13179,Alexandria,626,Basic,12,4,1,71,8,500,1,0,1
EG_WAL_13180,Cairo,678,Basic,21,5,1,21,6,500,0,0,0
EG_WAL_13181,Cairo,490,Verified_Tier1,15,4,0,89,8,1000,1,0,1
EG_WAL_13182,Cairo,488,Verified_Tier1,17,6,0,82,5,1000,1,0,1
EG_WAL_13183,Cairo,218,Verified_Tier1,13,5,0,56,2,5000,1,0,1
EG_WAL_13184,Giza,493,Basic,7,3,0,78,8,1000,1,0,1
EG_WAL_13185,Giza,408,Basic,8,7,1,36,0,0,0,0,0
EG_WAL_13186,Cairo,31,Basic,13,1,0,40,0,0,0,0,0
EG_WAL_13187,Cairo,647,Merchant,9,6,0,84,1,5000,1,0,1
EG_WAL_13188,Gharbia,393,Merchant,12,7,0,76,3,2500,1,0,1
EG_WAL_13189,Alexandria,101,Verified_Tier1,9,1,0,6,2,2500,0,0,0
EG_WAL_13190,Cairo,456,Basic,15,8,0,88,0,0,1,0,1
EG_WAL_13191,Asyut,667,Basic,10,2,0,32,6,2500,0,0,0
EG_WAL_13192,Asyut,199,Basic,19,0,0,2,3,1000,0,0,0
EG_WAL_13193,Cairo,234,Verified_Tier1,15,4,2,38,0,0,0,0,0
EG_WAL_13194,Cairo,366,Verified_Tier1,9,4,0,35,5,2500,0,0,0
EG_WAL_13195,Giza,501,Verified_Tier1,8,11,0,39,5,5000,0,0,0.01
EG_WAL_13196,Asyut,224,Verified_Tier1,11,2,0,22,0,0,0,0,0
EG_WAL_13197,Gharbia,699,Basic,11,2,1,65,6,5000,1,0,1
EG_WAL_13198,Cairo,682,Basic,11,3,4,45,7,5000,0,0,0.04
EG_WAL_13199,Cairo,304,Basic,21,8,0,5,4,1000,0,0,0
EG_WAL_13200,Giza,36,Basic,12,1,2,70,9,500,1,0,0.99
EG_WAL_13201,Giza,595,Basic,14,3,1,55,6,2500,1,0,1
EG_WAL_13202,Cairo,645,Verified_Tier1,12,3,0,20,7,2500,0,0,0
EG_WAL_13203,Gharbia,602,Verified_Tier1,21,4,0,79,6,1000,1,0,1
EG_WAL_13204,Alexandria,628,Basic,15,3,0,66,2,5000,1,0,1
EG_WAL_13205,Gharbia,207,Basic,14,2,1,25,9,1000,0,0,0
EG_WAL_13206,Gharbia,271,Basic,10,4,1,24,9,500,0,0,0
EG_WAL_13207,Alexandria,232,Verified_Tier1,11,4,0,78,1,5000,1,0,1
EG_WAL_13208,Giza,572,Basic,16,2,1,85,8,500,1,0,1
EG_WAL_13209,Giza,491,Basic,16,4,0,63,4,1000,1,0,1
EG_WAL_13210,Cairo,109,Verified_Tier1,20,6,1,83,8,1000,1,0,1
EG_WAL_13211,Alexandria,552,Basic,17,7,0,52,3,1000,1,0,1
EG_WAL_13212,Cairo,446,Basic,6,3,0,49,0,0,1,0,1
EG_WAL_13213,Alexandria,413,Verified_Tier1,15,5,1,28,7,2500,0,0,0
EG_WAL_13214,Cairo,420,Verified_Tier1,14,3,0,18,4,500,0,0,0
EG_WAL_13215,Cairo,717,Verified_Tier1,9,3,0,57,3,500,1,0,1
EG_WAL_13216,Cairo,155,Basic,9,2,2,13,8,500,0,0,0
EG_WAL_13217,Cairo,523,Basic,8,1,0,14,8,1000,0,0,0
EG_WAL_13218,Alexandria,76,Verified_Tier1,11,6,0,62,1,500,1,0,1
EG_WAL_13219,Alexandria,505,Basic,13,6,0,0,0,0,0,0,0
EG_WAL_13220,Giza,648,Verified_Tier1,17,2,0,75,7,500,1,0,1
EG_WAL_13221,Cairo,493,Verified_Tier1,11,5,0,63,8,2500,1,0,1
EG_WAL_13222,Cairo,152,Verified_Tier1,11,0,0,10,3,5000,0,0,0
EG_WAL_13223,Cairo,503,Basic,6,6,0,46,0,0,1,0,0.99
EG_WAL_13224,Cairo,163,Basic,18,4,1,8,6,1000,0,0,0
EG_WAL_13225,Gharbia,648,Basic,14,4,0,53,4,5000,1,0,1
EG_WAL_13226,Cairo,591,Verified_Tier1,11,3,0,26,4,1000,0,0,0
EG_WAL_13227,Cairo,636,Basic,16,2,2,0,4,1000,0,0,0
EG_WAL_13228,Cairo,52,Basic,20,2,2,9,9,5000,0,0,0
EG_WAL_13229,Cairo,595,Basic,11,9,0,12,8,2500,0,0,0
EG_WAL_13230,Giza,264,Basic,10,11,0,28,6,1000,0,0,0.01
EG_WAL_13231,Giza,88,Basic,10,5,0,4,1,2500,0,0,0
EG_WAL_13232,Cairo,193,Basic,8,2,1,74,9,1000,1,0,1
EG_WAL_13233,Cairo,245,Verified_Tier1,9,7,0,52,8,1000,1,0,1
EG_WAL_13234,Cairo,212,Basic,9,4,0,38,3,5000,0,0,0
EG_WAL_13235,Cairo,598,Basic,11,7,0,51,4,5000,1,0,1
EG_WAL_13236,Cairo,686,Verified_Tier1,8,2,0,45,1,2500,0,0,0.01
EG_WAL_13237,Asyut,119,Verified_Tier1,13,6,0,88,2,5000,1,0,1
EG_WAL_13238,Giza,340,Basic,14,4,0,38,4,1000,0,0,0
EG_WAL_13239,Giza,586,Basic,11,7,1,87,0,0,1,0,1
EG_WAL_13240,Giza,286,Verified_Tier1,18,1,0,41,0,0,0,0,0
EG_WAL_13241,Giza,562,Basic,13,6,0,47,0,0,1,0,1
EG_WAL_13242,Giza,562,Basic,12,4,0,30,6,500,0,0,0
EG_WAL_13243,Alexandria,81,Basic,8,6,2,70,9,2500,1,0,1
EG_WAL_13244,Alexandria,367,Basic,11,6,2,88,3,5000,1,0,1
EG_WAL_13245,Cairo,200,Basic,9,0,2,85,3,1000,1,0,0.98
EG_WAL_13246,Giza,96,Verified_Tier1,19,6,0,74,2,500,1,0,1
EG_WAL_13247,Giza,654,Verified_Tier1,10,1,0,24,1,2500,0,0,0
EG_WAL_13248,Gharbia,329,Basic,16,2,1,82,3,2500,1,0,1
EG_WAL_13249,Giza,701,Basic,7,4,1,3,1,1000,0,0,0
EG_WAL_13250,Giza,261,Verified_Tier1,14,9,1,88,6,5000,1,0,1
EG_WAL_13251,Cairo,97,Basic,11,5,0,27,9,500,0,0,0
EG_WAL_13252,Giza,535,Basic,11,6,0,79,5,500,1,0,1
EG_WAL_13253,Cairo,57,Verified_Tier1,14,1,0,1,5,2500,0,0,0
EG_WAL_13254,Cairo,657,Verified_Tier1,13,3,1,25,1,2500,0,0,0
EG_WAL_13255,Cairo,80,Basic,13,3,0,71,4,500,1,0,1
EG_WAL_13256,Alexandria,289,Verified_Tier1,18,2,2,42,9,1000,0,0,0
EG_WAL_13257,Cairo,620,Basic,12,6,0,89,7,2500,1,0,1
EG_WAL_13258,Cairo,649,Basic,10,3,0,37,1,2500,0,0,0
EG_WAL_13259,Gharbia,615,Basic,10,4,0,20,7,5000,0,0,0
EG_WAL_13260,Cairo,716,Verified_Tier1,21,4,0,49,8,1000,1,0,0.97
EG_WAL_13261,Giza,213,Verified_Tier1,8,6,0,16,2,1000,0,0,0
EG_WAL_13262,Giza,52,Verified_Tier1,11,8,3,29,3,2500,0,0,0
EG_WAL_13263,Cairo,158,Basic,10,4,0,42,7,5000,0,0,0
EG_WAL_13264,Alexandria,320,Basic,18,7,0,37,1,2500,0,0,0
EG_WAL_13265,Cairo,530,Basic,12,4,0,58,1,500,1,0,1
EG_WAL_13266,Giza,215,Basic,12,6,1,58,0,0,1,0,1
EG_WAL_13267,Giza,508,Basic,12,4,0,43,1,2500,0,0,0
EG_WAL_13268,Giza,600,Merchant,18,6,2,75,8,2500,1,0,0.99
EG_WAL_13269,Alexandria,521,Verified_Tier1,10,1,1,30,4,500,0,0,0
EG_WAL_13270,Cairo,542,Basic,11,7,0,36,3,5000,0,0,0
EG_WAL_13271,Cairo,672,Basic,6,3,0,46,1,5000,1,0,0.99
EG_WAL_13272,Alexandria,96,Basic,11,2,0,70,1,1000,1,0,1
EG_WAL_13273,Giza,496,Verified_Tier1,9,4,0,70,5,1000,1,0,1
EG_WAL_13274,Gharbia,314,Verified_Tier1,11,6,0,34,6,1000,0,0,0
EG_WAL_13275,Gharbia,630,Verified_Tier1,15,4,1,25,3,2500,0,0,0
EG_WAL_13276,Gharbia,446,Basic,11,4,0,55,6,2500,1,0,1
EG_WAL_13277,Giza,129,Basic,20,3,2,42,0,0,0,0,0.01
EG_WAL_13278,Cairo,218,Merchant,15,5,0,18,7,500,0,0,0
EG_WAL_13279,Alexandria,417,Merchant,15,5,0,21,2,2500,0,0,0
EG_WAL_13280,Giza,270,Basic,11,3,0,56,6,500,1,0,1
EG_WAL_13281,Cairo,446,Basic,18,4,0,64,6,500,1,0,1
EG_WAL_13282,Gharbia,205,Basic,8,6,0,33,2,2500,0,0,0
EG_WAL_13283,Gharbia,416,Verified_Tier1,13,5,2,49,4,1000,1,0,1
EG_WAL_13284,Giza,500,Verified_Tier1,10,10,0,31,1,5000,0,0,0
EG_WAL_13285,Cairo,262,Verified_Tier1,11,3,0,52,8,5000,1,0,1
EG_WAL_13286,Cairo,692,Basic,11,5,2,85,4,5000,1,0,0.99
EG_WAL_13287,Gharbia,481,Basic,12,3,0,50,3,500,1,0,1
EG_WAL_13288,Asyut,306,Basic,15,2,2,19,9,1000,0,0,0
EG_WAL_13289,Cairo,258,Verified_Tier1,8,3,0,57,2,2500,1,0,1
EG_WAL_13290,Cairo,200,Basic,15,6,0,44,0,0,0,0,0
EG_WAL_13291,Gharbia,242,Verified_Tier1,15,6,0,49,6,2500,1,0,1
EG_WAL_13292,Cairo,311,Basic,15,6,0,7,2,2500,0,0,0
EG_WAL_13293,Giza,70,Verified_Tier1,14,3,0,20,9,500,0,0,0
EG_WAL_13294,Asyut,151,Verified_Tier1,13,5,0,17,0,0,0,0,0
EG_WAL_13295,Cairo,256,Basic,10,2,0,14,9,1000,0,0,0
EG_WAL_13296,Giza,323,Verified_Tier1,13,2,0,9,9,500,0,0,0
EG_WAL_13297,Cairo,629,Basic,12,7,1,62,7,2500,1,0,1
EG_WAL_13298,Cairo,296,Basic,10,1,0,81,7,1000,1,0,1
EG_WAL_13299,Gharbia,570,Basic,12,4,1,19,2,2500,0,0,0
EG_WAL_13300,Giza,480,Verified_Tier1,9,1,0,61,9,1000,1,0,1
EG_WAL_13301,Asyut,478,Verified_Tier1,10,3,0,51,2,2500,1,0,1
EG_WAL_13302,Giza,90,Basic,10,8,1,29,1,1000,0,0,0
EG_WAL_13303,Cairo,531,Verified_Tier1,15,4,0,2,7,500,0,0,0
EG_WAL_13304,Cairo,176,Verified_Tier1,11,3,0,0,8,5000,0,0,0
EG_WAL_13305,Cairo,715,Verified_Tier1,16,5,0,9,3,2500,0,0,0.02
EG_WAL_13306,Cairo,363,Basic,16,5,1,48,3,2500,1,0,1
EG_WAL_13307,Cairo,171,Basic,11,4,0,64,4,1000,1,0,1
EG_WAL_13308,Cairo,73,Verified_Tier1,14,2,3,32,2,500,0,0,0
EG_WAL_13309,Giza,173,Basic,10,7,0,34,4,500,0,0,0
EG_WAL_13310,Alexandria,362,Basic,13,5,0,36,3,1000,0,0,0
EG_WAL_13311,Alexandria,526,Verified_Tier1,22,3,2,50,7,500,1,0,0.99
EG_WAL_13312,Alexandria,425,Basic,10,2,0,53,4,500,1,0,1
EG_WAL_13313,Cairo,84,Merchant,9,7,5,62,6,1000,1,1,1
EG_WAL_13314,Cairo,336,Basic,11,4,0,45,3,2500,0,0,0
EG_WAL_13315,Alexandria,452,Merchant,14,0,0,45,1,1000,0,0,0
EG_WAL_13316,Giza,446,Basic,13,2,0,49,7,5000,1,0,1
EG_WAL_13317,Cairo,702,Basic,11,6,1,6,3,1000,0,0,0
EG_WAL_13318,Gharbia,354,Basic,16,3,1,83,8,1000,1,0,1
EG_WAL_13319,Alexandria,700,Verified_Tier1,10,5,1,60,5,500,1,0,0.99
EG_WAL_13320,Giza,109,Verified_Tier1,10,3,1,85,7,2500,1,0,1
EG_WAL_13321,Cairo,60,Basic,13,3,0,11,8,5000,0,0,0
EG_WAL_13322,Alexandria,141,Basic,7,4,1,73,8,500,1,0,1
EG_WAL_13323,Giza,587,Verified_Tier1,11,3,0,37,8,500,0,0,0
EG_WAL_13324,Alexandria,593,Basic,12,1,0,38,6,500,0,0,0
EG_WAL_13325,Alexandria,679,Verified_Tier1,11,2,1,20,2,2500,0,0,0
EG_WAL_13326,Gharbia,501,Basic,14,0,0,22,7,1000,0,0,0
EG_WAL_13327,Giza,103,Verified_Tier1,11,2,2,43,6,1000,0,0,0
EG_WAL_13328,Cairo,582,Verified_Tier1,10,3,1,43,8,5000,0,0,0
EG_WAL_13329,Alexandria,508,Merchant,10,3,1,85,4,2500,1,0,1
EG_WAL_13330,Giza,618,Verified_Tier1,8,3,0,20,3,1000,0,0,0
EG_WAL_13331,Alexandria,416,Basic,9,3,0,83,1,5000,1,0,1
EG_WAL_13332,Cairo,593,Basic,5,8,0,60,6,2500,1,0,1
EG_WAL_13333,Cairo,462,Verified_Tier1,11,4,0,79,5,5000,1,0,1
EG_WAL_13334,Gharbia,441,Basic,12,4,0,82,5,500,1,0,1
EG_WAL_13335,Alexandria,496,Verified_Tier1,21,6,0,23,9,1000,0,0,0
EG_WAL_13336,Asyut,628,Verified_Tier1,8,5,0,30,7,5000,0,0,0
EG_WAL_13337,Alexandria,650,Basic,6,3,1,4,0,0,0,0,0
EG_WAL_13338,Giza,277,Basic,12,2,0,80,0,0,1,0,1
EG_WAL_13339,Alexandria,610,Basic,18,4,0,64,3,2500,1,0,1
EG_WAL_13340,Gharbia,149,Basic,10,2,0,36,7,2500,0,0,0
EG_WAL_13341,Giza,96,Basic,8,2,0,31,4,1000,0,0,0
EG_WAL_13342,Giza,602,Basic,14,5,0,65,8,500,1,0,1
EG_WAL_13343,Cairo,356,Basic,16,6,0,33,2,1000,0,0,0
EG_WAL_13344,Giza,499,Basic,11,4,0,28,5,1000,0,0,0
EG_WAL_13345,Alexandria,522,Basic,13,6,1,4,5,2500,0,0,0
EG_WAL_13346,Cairo,692,Basic,9,2,0,29,3,5000,0,0,0
EG_WAL_13347,Cairo,315,Basic,16,5,0,44,1,500,0,0,0
EG_WAL_13348,Cairo,637,Verified_Tier1,9,5,0,17,5,2500,0,0,0
EG_WAL_13349,Cairo,341,Basic,8,7,0,77,9,1000,1,0,1
EG_WAL_13350,Cairo,338,Basic,9,2,0,36,2,500,0,0,0
EG_WAL_13351,Giza,126,Verified_Tier1,11,3,0,10,7,1000,0,0,0
EG_WAL_13352,Asyut,142,Merchant,9,1,3,3,1,5000,0,0,0
EG_WAL_13353,Giza,666,Basic,12,6,0,85,2,5000,1,0,0.99
EG_WAL_13354,Cairo,485,Basic,13,2,1,45,8,5000,0,0,0
EG_WAL_13355,Cairo,492,Basic,10,2,2,2,1,5000,0,0,0
EG_WAL_13356,Alexandria,161,Basic,11,3,0,52,9,500,1,0,1
EG_WAL_13357,Cairo,150,Verified_Tier1,13,8,1,23,0,0,0,0,0
EG_WAL_13358,Gharbia,226,Verified_Tier1,19,3,1,7,2,500,0,0,0
EG_WAL_13359,Alexandria,511,Verified_Tier1,12,5,1,87,9,2500,1,0,1
EG_WAL_13360,Alexandria,663,Basic,10,2,2,79,5,2500,1,0,0.98
EG_WAL_13361,Cairo,68,Verified_Tier1,10,3,0,5,7,2500,0,0,0
EG_WAL_13362,Alexandria,595,Basic,13,1,0,84,9,1000,1,0,1
EG_WAL_13363,Cairo,541,Basic,22,2,0,85,4,500,1,0,0.99
EG_WAL_13364,Asyut,503,Basic,13,2,0,72,1,2500,1,0,1
EG_WAL_13365,Giza,190,Basic,13,6,1,17,7,2500,0,0,0
EG_WAL_13366,Cairo,318,Basic,15,6,1,75,1,2500,1,0,1
EG_WAL_13367,Cairo,229,Verified_Tier1,13,2,0,5,3,2500,0,0,0
EG_WAL_13368,Cairo,557,Basic,13,4,0,38,8,500,0,0,0
EG_WAL_13369,Alexandria,714,Basic,15,6,0,0,6,500,0,0,0.01
EG_WAL_13370,Cairo,532,Basic,10,1,0,14,2,1000,0,0,0
EG_WAL_13371,Giza,277,Basic,14,5,0,13,0,0,0,0,0
EG_WAL_13372,Cairo,412,Verified_Tier1,6,5,1,76,5,5000,1,0,1
EG_WAL_13373,Alexandria,247,Verified_Tier1,13,5,0,84,8,500,1,0,1
EG_WAL_13374,Gharbia,116,Verified_Tier1,9,2,0,45,3,500,0,0,0
EG_WAL_13375,Alexandria,111,Basic,18,6,0,40,6,1000,0,0,0
EG_WAL_13376,Alexandria,91,Verified_Tier1,10,5,0,5,2,2500,0,0,0
EG_WAL_13377,Cairo,529,Verified_Tier1,13,2,0,19,0,0,0,0,0
EG_WAL_13378,Cairo,71,Basic,12,6,0,67,4,1000,1,0,1
EG_WAL_13379,Alexandria,41,Basic,16,3,0,39,0,0,0,0,0
EG_WAL_13380,Cairo,672,Verified_Tier1,5,4,0,18,1,5000,0,0,0
EG_WAL_13381,Giza,144,Basic,13,2,1,73,6,5000,1,0,1
EG_WAL_13382,Cairo,247,Basic,9,6,0,68,0,0,1,0,1
EG_WAL_13383,Cairo,678,Basic,14,2,2,1,5,5000,0,0,0
EG_WAL_13384,Cairo,135,Basic,9,3,0,43,6,5000,0,0,0
EG_WAL_13385,Gharbia,557,Basic,11,10,0,52,3,500,1,0,1
EG_WAL_13386,Cairo,501,Basic,15,3,0,83,3,5000,1,0,1
EG_WAL_13387,Giza,416,Verified_Tier1,9,4,0,5,1,2500,0,0,0
EG_WAL_13388,Cairo,255,Basic,15,4,0,42,4,2500,0,0,0
EG_WAL_13389,Alexandria,510,Verified_Tier1,19,0,1,18,6,500,0,0,0
EG_WAL_13390,Cairo,437,Basic,11,4,0,17,3,500,0,0,0
EG_WAL_13391,Gharbia,486,Merchant,10,3,0,29,7,500,0,0,0
EG_WAL_13392,Gharbia,682,Merchant,13,5,0,70,7,1000,1,0,1
EG_WAL_13393,Cairo,653,Verified_Tier1,10,2,1,16,6,1000,0,0,0
EG_WAL_13394,Asyut,668,Verified_Tier1,9,1,0,52,2,5000,1,0,1
EG_WAL_13395,Asyut,50,Verified_Tier1,8,4,1,67,9,1000,1,0,1
EG_WAL_13396,Gharbia,688,Verified_Tier1,13,2,1,63,8,1000,1,0,1
EG_WAL_13397,Gharbia,630,Basic,5,6,0,2,7,2500,0,0,0
EG_WAL_13398,Cairo,232,Basic,8,6,1,24,9,2500,0,0,0
EG_WAL_13399,Giza,446,Verified_Tier1,7,2,0,29,0,0,0,0,0
EG_WAL_13400,Cairo,445,Basic,13,6,0,35,8,500,0,0,0
EG_WAL_13401,Cairo,477,Verified_Tier1,11,7,0,77,6,2500,1,0,1
EG_WAL_13402,Asyut,541,Verified_Tier1,13,5,0,40,9,2500,0,0,0
EG_WAL_13403,Cairo,114,Basic,10,7,0,22,9,2500,0,0,0
EG_WAL_13404,Alexandria,196,Verified_Tier1,14,3,1,49,3,1000,1,0,1
EG_WAL_13405,Gharbia,413,Basic,15,4,0,15,4,2500,0,0,0
EG_WAL_13406,Gharbia,497,Basic,11,6,1,75,6,2500,1,0,1
EG_WAL_13407,Asyut,101,Basic,17,6,0,71,7,500,1,0,1
EG_WAL_13408,Cairo,550,Basic,12,4,0,29,3,1000,0,0,0
EG_WAL_13409,Cairo,502,Basic,14,6,0,59,6,500,1,0,1
EG_WAL_13410,Giza,287,Basic,16,5,0,60,5,500,1,0,1
EG_WAL_13411,Cairo,304,Basic,13,5,0,5,8,1000,0,0,0.01
EG_WAL_13412,Cairo,49,Verified_Tier1,15,9,0,38,3,1000,0,0,0.01
EG_WAL_13413,Cairo,519,Verified_Tier1,14,1,0,4,3,1000,0,0,0
EG_WAL_13414,Alexandria,519,Basic,11,5,1,2,2,500,0,0,0
EG_WAL_13415,Giza,355,Basic,19,8,1,73,7,5000,1,0,1
EG_WAL_13416,Cairo,558,Verified_Tier1,14,9,0,29,7,500,0,0,0
EG_WAL_13417,Alexandria,118,Verified_Tier1,15,6,0,79,3,1000,1,0,1
EG_WAL_13418,Cairo,515,Basic,11,3,0,10,2,500,0,0,0
EG_WAL_13419,Cairo,379,Basic,11,6,0,2,5,5000,0,0,0
EG_WAL_13420,Alexandria,113,Verified_Tier1,7,5,0,14,8,5000,0,0,0
EG_WAL_13421,Giza,416,Verified_Tier1,14,4,1,43,7,5000,0,0,0
EG_WAL_13422,Alexandria,116,Basic,12,4,0,53,6,2500,1,0,1
EG_WAL_13423,Cairo,336,Basic,11,5,0,0,6,500,0,0,0
EG_WAL_13424,Gharbia,183,Basic,14,2,0,12,4,1000,0,0,0
EG_WAL_13425,Giza,469,Verified_Tier1,22,7,1,62,1,500,1,0,0.99
EG_WAL_13426,Giza,293,Basic,9,3,0,55,8,5000,1,0,1
EG_WAL_13427,Giza,450,Basic,6,6,0,38,2,5000,0,0,0
EG_WAL_13428,Gharbia,522,Basic,11,5,2,38,8,5000,0,0,0
EG_WAL_13429,Giza,662,Merchant,9,5,1,66,9,500,1,0,0.99
EG_WAL_13430,Giza,440,Verified_Tier1,15,3,0,29,1,1000,0,0,0
EG_WAL_13431,Asyut,202,Verified_Tier1,13,2,0,40,0,0,0,0,0
EG_WAL_13432,Alexandria,33,Verified_Tier1,17,7,0,89,9,5000,1,0,1
EG_WAL_13433,Giza,669,Basic,10,5,0,10,6,1000,0,0,0.01
EG_WAL_13434,Alexandria,501,Verified_Tier1,14,3,1,69,0,0,1,0,1
EG_WAL_13435,Cairo,139,Basic,16,10,0,75,7,5000,1,0,1
EG_WAL_13436,Cairo,66,Verified_Tier1,13,3,0,79,2,500,1,0,1
EG_WAL_13437,Giza,612,Basic,9,3,0,85,2,2500,1,0,1
EG_WAL_13438,Asyut,60,Basic,3,3,0,21,8,5000,0,0,0
EG_WAL_13439,Asyut,410,Basic,14,2,0,37,0,0,0,0,0
EG_WAL_13440,Cairo,297,Verified_Tier1,15,4,1,11,6,5000,0,0,0
EG_WAL_13441,Giza,40,Verified_Tier1,9,3,0,35,1,500,0,0,0
EG_WAL_13442,Cairo,373,Basic,10,3,0,49,2,5000,1,0,1
EG_WAL_13443,Asyut,573,Basic,12,4,1,16,9,1000,0,0,0
EG_WAL_13444,Asyut,598,Verified_Tier1,14,5,0,31,7,2500,0,0,0
EG_WAL_13445,Giza,195,Basic,17,7,0,44,2,1000,0,0,0
EG_WAL_13446,Gharbia,371,Verified_Tier1,10,6,0,36,1,500,0,0,0
EG_WAL_13447,Alexandria,511,Verified_Tier1,11,1,2,66,6,1000,1,0,1
EG_WAL_13448,Giza,48,Basic,9,6,0,24,2,1000,0,0,0
EG_WAL_13449,Cairo,657,Basic,13,2,0,82,7,1000,1,0,1
EG_WAL_13450,Giza,213,Basic,13,0,2,48,3,2500,1,0,0.98
EG_WAL_13451,Alexandria,574,Basic,15,2,2,42,5,500,0,0,0
EG_WAL_13452,Alexandria,39,Basic,15,2,0,18,7,5000,0,0,0
EG_WAL_13453,Cairo,621,Basic,15,6,0,79,3,2500,1,0,1
EG_WAL_13454,Asyut,221,Basic,14,4,0,25,4,2500,0,0,0
EG_WAL_13455,Cairo,349,Verified_Tier1,13,5,0,14,2,500,0,0,0
EG_WAL_13456,Giza,609,Verified_Tier1,10,3,0,52,3,2500,1,0,1
EG_WAL_13457,Alexandria,504,Basic,15,4,0,19,9,5000,0,0,0
EG_WAL_13458,Alexandria,666,Basic,11,9,0,4,7,2500,0,0,0
EG_WAL_13459,Giza,456,Basic,15,6,1,63,6,1000,1,0,1
EG_WAL_13460,Cairo,88,Basic,13,4,0,47,5,2500,1,0,1
EG_WAL_13461,Cairo,465,Verified_Tier1,15,3,0,39,4,500,0,0,0
EG_WAL_13462,Giza,126,Basic,11,2,0,23,8,500,0,0,0
EG_WAL_13463,Giza,525,Verified_Tier1,8,2,0,69,3,2500,1,0,1
EG_WAL_13464,Cairo,690,Basic,14,5,0,11,2,2500,0,0,0
EG_WAL_13465,Alexandria,307,Verified_Tier1,13,7,0,3,5,1000,0,0,0
EG_WAL_13466,Giza,294,Basic,13,7,1,42,1,2500,0,0,0
EG_WAL_13467,Alexandria,38,Verified_Tier1,7,4,0,76,8,5000,1,0,1
EG_WAL_13468,Gharbia,486,Verified_Tier1,15,5,1,51,5,1000,1,0,1
EG_WAL_13469,Cairo,302,Verified_Tier1,14,4,0,20,2,5000,0,0,0
EG_WAL_13470,Cairo,37,Verified_Tier1,9,1,0,68,1,1000,1,0,0.99
EG_WAL_13471,Alexandria,237,Basic,10,6,0,12,8,5000,0,0,0
EG_WAL_13472,Giza,666,Verified_Tier1,15,5,0,1,9,5000,0,0,0
EG_WAL_13473,Alexandria,152,Basic,13,1,0,5,2,5000,0,0,0
EG_WAL_13474,Gharbia,62,Basic,14,2,1,22,5,5000,0,0,0
EG_WAL_13475,Gharbia,542,Basic,14,4,0,73,8,2500,1,0,1
EG_WAL_13476,Asyut,233,Merchant,6,4,0,83,2,2500,1,0,1
EG_WAL_13477,Giza,547,Verified_Tier1,14,3,1,88,8,500,1,0,1
EG_WAL_13478,Giza,546,Verified_Tier1,15,2,0,35,1,2500,0,0,0
EG_WAL_13479,Giza,472,Verified_Tier1,10,2,0,9,3,500,0,0,0
EG_WAL_13480,Cairo,621,Basic,11,3,0,26,9,5000,0,0,0
EG_WAL_13481,Giza,718,Verified_Tier1,8,4,1,6,2,1000,0,0,0
EG_WAL_13482,Cairo,368,Merchant,13,8,2,49,6,1000,1,0,1
EG_WAL_13483,Asyut,467,Basic,20,4,0,20,3,2500,0,0,0
EG_WAL_13484,Giza,474,Basic,12,3,0,85,3,5000,1,0,1
EG_WAL_13485,Giza,165,Verified_Tier1,16,4,0,45,0,0,0,0,0
EG_WAL_13486,Cairo,416,Merchant,14,2,0,81,9,500,1,0,1
EG_WAL_13487,Cairo,54,Verified_Tier1,14,7,0,0,2,500,0,0,0
EG_WAL_13488,Cairo,535,Verified_Tier1,9,2,0,88,4,1000,1,0,1
EG_WAL_13489,Giza,354,Verified_Tier1,7,3,0,54,4,500,1,0,1
EG_WAL_13490,Cairo,709,Verified_Tier1,12,4,0,52,3,1000,1,0,1
EG_WAL_13491,Giza,367,Verified_Tier1,10,0,2,20,6,5000,0,0,0
EG_WAL_13492,Gharbia,719,Verified_Tier1,18,3,1,31,9,1000,0,0,0.02
EG_WAL_13493,Gharbia,124,Basic,12,4,0,13,9,5000,0,0,0
EG_WAL_13494,Alexandria,574,Verified_Tier1,10,7,0,38,3,2500,0,0,0
EG_WAL_13495,Cairo,652,Basic,14,4,0,41,6,2500,0,0,0
EG_WAL_13496,Gharbia,175,Verified_Tier1,10,2,1,24,5,1000,0,0,0
EG_WAL_13497,Gharbia,260,Basic,9,3,1,28,5,2500,0,0,0
EG_WAL_13498,Cairo,524,Basic,9,3,0,31,4,2500,0,0,0
EG_WAL_13499,Alexandria,67,Basic,14,1,1,10,7,5000,0,0,0
EG_WAL_13500,Cairo,454,Verified_Tier1,11,4,1,27,8,5000,0,0,0
EG_WAL_13501,Gharbia,676,Basic,11,4,2,68,8,1000,1,0,1
EG_WAL_13502,Asyut,466,Basic,13,3,1,24,5,1000,0,0,0
EG_WAL_13503,Cairo,397,Basic,19,5,0,51,4,500,1,0,1
EG_WAL_13504,Gharbia,374,Basic,12,4,0,40,0,0,0,0,0
EG_WAL_13505,Giza,189,Basic,10,5,0,50,2,2500,1,0,1
EG_WAL_13506,Asyut,579,Basic,11,1,0,6,7,2500,0,0,0
EG_WAL_13507,Giza,691,Basic,13,2,2,32,0,0,0,0,0.01
EG_WAL_13508,Gharbia,570,Basic,15,6,0,41,0,0,0,0,0
EG_WAL_13509,Cairo,173,Basic,11,5,0,84,7,500,1,0,1
EG_WAL_13510,Cairo,617,Basic,13,4,0,56,6,500,1,0,1
EG_WAL_13511,Cairo,686,Verified_Tier1,10,0,0,88,1,1000,1,0,1
EG_WAL_13512,Asyut,605,Basic,7,6,0,85,5,1000,1,0,1
EG_WAL_13513,Gharbia,374,Basic,8,4,0,10,8,1000,0,0,0
EG_WAL_13514,Gharbia,298,Basic,9,5,2,69,7,500,1,0,1
EG_WAL_13515,Asyut,297,Basic,9,1,0,66,5,5000,1,0,1
EG_WAL_13516,Cairo,198,Basic,15,6,0,29,1,1000,0,0,0
EG_WAL_13517,Cairo,62,Basic,8,11,0,80,2,2500,1,0,1
EG_WAL_13518,Cairo,406,Verified_Tier1,10,5,0,22,2,500,0,0,0
EG_WAL_13519,Cairo,243,Verified_Tier1,8,2,0,50,8,5000,1,0,1
EG_WAL_13520,Cairo,591,Basic,15,3,0,84,8,1000,1,0,1
EG_WAL_13521,Giza,469,Verified_Tier1,7,2,0,4,4,2500,0,0,0
EG_WAL_13522,Cairo,521,Basic,13,7,0,49,4,500,1,0,1
EG_WAL_13523,Cairo,422,Verified_Tier1,10,4,2,43,7,1000,0,0,0
EG_WAL_13524,Cairo,518,Basic,8,5,0,14,2,2500,0,0,0
EG_WAL_13525,Cairo,58,Verified_Tier1,10,4,2,1,8,1000,0,0,0
EG_WAL_13526,Asyut,68,Basic,13,4,0,23,4,2500,0,0,0
EG_WAL_13527,Alexandria,641,Verified_Tier1,13,2,0,53,8,5000,1,0,1
EG_WAL_13528,Asyut,202,Basic,9,2,0,9,9,500,0,0,0
EG_WAL_13529,Giza,46,Basic,10,5,3,83,8,5000,1,0,1
EG_WAL_13530,Cairo,85,Verified_Tier1,10,8,0,34,3,500,0,0,0
EG_WAL_13531,Alexandria,255,Basic,9,2,0,40,1,500,0,0,0
EG_WAL_13532,Cairo,587,Verified_Tier1,12,3,1,46,6,1000,1,0,1
EG_WAL_13533,Cairo,96,Verified_Tier1,12,4,0,84,0,0,1,0,1
EG_WAL_13534,Cairo,226,Basic,26,4,1,29,6,500,0,0,0.01
EG_WAL_13535,Cairo,683,Basic,7,5,0,37,0,0,0,0,0
EG_WAL_13536,Cairo,52,Basic,13,3,1,25,4,1000,0,0,0
EG_WAL_13537,Cairo,635,Verified_Tier1,8,2,0,19,0,0,0,0,0
EG_WAL_13538,Alexandria,266,Basic,13,2,4,35,7,2500,0,1,0
EG_WAL_13539,Cairo,595,Basic,12,3,0,63,0,0,1,0,1
EG_WAL_13540,Cairo,167,Merchant,16,2,1,42,5,1000,0,0,0
EG_WAL_13541,Gharbia,502,Basic,9,2,1,39,0,0,0,0,0
EG_WAL_13542,Cairo,582,Merchant,18,4,0,17,1,2500,0,0,0
EG_WAL_13543,Cairo,639,Verified_Tier1,9,2,0,21,3,2500,0,0,0
EG_WAL_13544,Gharbia,669,Basic,9,4,2,76,7,500,1,0,1
EG_WAL_13545,Cairo,258,Basic,13,6,0,78,2,1000,1,0,0.99
EG_WAL_13546,Cairo,346,Verified_Tier1,13,4,2,15,7,5000,0,0,0
EG_WAL_13547,Giza,627,Basic,7,9,0,88,6,500,1,0,1
EG_WAL_13548,Cairo,641,Basic,12,2,0,2,5,5000,0,0,0
EG_WAL_13549,Giza,590,Basic,16,4,0,68,9,2500,1,0,1
EG_WAL_13550,Gharbia,230,Verified_Tier1,10,8,0,26,0,0,0,0,0
EG_WAL_13551,Cairo,287,Verified_Tier1,16,7,0,39,5,1000,0,0,0
EG_WAL_13552,Giza,509,Basic,11,6,1,3,5,2500,0,0,0
EG_WAL_13553,Giza,207,Basic,10,4,0,42,9,1000,0,0,0
EG_WAL_13554,Cairo,152,Verified_Tier1,9,6,0,51,7,2500,1,0,1
EG_WAL_13555,Giza,371,Merchant,10,3,0,51,5,2500,1,0,1
EG_WAL_13556,Cairo,200,Basic,11,3,0,65,1,500,1,0,1
EG_WAL_13557,Giza,677,Basic,9,5,0,61,9,2500,1,0,1
EG_WAL_13558,Cairo,88,Verified_Tier1,10,9,0,82,2,5000,1,0,1
EG_WAL_13559,Giza,494,Verified_Tier1,9,6,0,62,1,5000,1,0,1
EG_WAL_13560,Cairo,289,Verified_Tier1,9,3,1,50,2,500,1,0,1
EG_WAL_13561,Gharbia,402,Verified_Tier1,10,3,1,63,0,0,1,0,1
EG_WAL_13562,Cairo,124,Verified_Tier1,9,5,0,81,6,2500,1,0,1
EG_WAL_13563,Giza,154,Basic,21,3,0,55,4,500,1,0,0.99
EG_WAL_13564,Giza,70,Verified_Tier1,16,2,0,10,8,1000,0,0,0
EG_WAL_13565,Alexandria,283,Verified_Tier1,14,3,0,34,6,500,0,0,0
EG_WAL_13566,Giza,36,Merchant,13,6,1,10,0,0,0,0,0
EG_WAL_13567,Alexandria,500,Basic,18,2,0,32,0,0,0,0,0
EG_WAL_13568,Alexandria,540,Basic,11,6,0,65,1,5000,1,0,1
EG_WAL_13569,Gharbia,610,Verified_Tier1,11,7,0,0,6,500,0,0,0
EG_WAL_13570,Cairo,98,Basic,12,7,0,32,6,500,0,0,0
EG_WAL_13571,Giza,110,Basic,11,2,1,76,8,500,1,0,1
EG_WAL_13572,Gharbia,571,Verified_Tier1,11,3,1,26,2,2500,0,0,0
EG_WAL_13573,Asyut,614,Basic,6,1,0,64,2,5000,1,0,1
EG_WAL_13574,Gharbia,291,Verified_Tier1,14,3,1,44,7,2500,0,0,0
EG_WAL_13575,Cairo,118,Verified_Tier1,16,6,0,85,5,2500,1,0,1
EG_WAL_13576,Cairo,237,Basic,15,4,0,83,2,2500,1,0,1
EG_WAL_13577,Giza,242,Merchant,9,2,0,43,7,5000,0,0,0
EG_WAL_13578,Alexandria,295,Verified_Tier1,11,2,0,39,2,1000,0,0,0
EG_WAL_13579,Giza,322,Basic,20,3,0,44,5,500,0,0,0
EG_WAL_13580,Giza,236,Basic,17,4,0,1,0,0,0,0,0
EG_WAL_13581,Gharbia,362,Merchant,12,3,0,40,3,5000,0,0,0
EG_WAL_13582,Cairo,106,Basic,10,1,0,51,5,5000,1,0,1
EG_WAL_13583,Gharbia,317,Basic,16,4,3,16,4,500,0,0,0
EG_WAL_13584,Giza,76,Basic,15,3,1,49,3,2500,1,0,1
EG_WAL_13585,Cairo,651,Basic,7,3,0,40,9,1000,0,0,0
EG_WAL_13586,Giza,229,Basic,13,7,2,4,0,0,0,0,0
EG_WAL_13587,Alexandria,456,Merchant,10,4,1,51,3,1000,1,0,1
EG_WAL_13588,Cairo,239,Verified_Tier1,13,4,0,47,0,0,1,0,0.99
EG_WAL_13589,Cairo,449,Basic,6,2,0,89,9,500,1,0,1
EG_WAL_13590,Asyut,183,Basic,10,1,1,12,3,2500,0,0,0
EG_WAL_13591,Cairo,551,Verified_Tier1,10,3,2,54,2,2500,1,0,1
EG_WAL_13592,Giza,444,Basic,15,5,0,33,6,5000,0,0,0
EG_WAL_13593,Giza,382,Verified_Tier1,10,6,0,54,5,1000,1,0,1
EG_WAL_13594,Giza,186,Verified_Tier1,7,7,1,43,5,1000,0,0,0
EG_WAL_13595,Giza,290,Verified_Tier1,16,3,1,40,9,500,0,0,0
EG_WAL_13596,Cairo,106,Basic,17,8,1,1,2,2500,0,0,0
EG_WAL_13597,Giza,517,Basic,8,11,0,75,5,500,1,0,1
EG_WAL_13598,Cairo,160,Basic,7,3,1,55,2,500,1,0,1
EG_WAL_13599,Alexandria,608,Basic,17,6,2,85,6,2500,1,0,0.99
EG_WAL_13600,Cairo,484,Basic,13,4,0,12,1,1000,0,0,0
EG_WAL_13601,Giza,192,Verified_Tier1,11,8,0,47,8,500,1,0,0.97
EG_WAL_13602,Cairo,44,Verified_Tier1,17,6,1,88,9,500,1,0,1
EG_WAL_13603,Cairo,261,Merchant,27,3,0,39,1,500,0,0,0.01
EG_WAL_13604,Cairo,224,Verified_Tier1,17,4,1,59,0,0,1,0,1
EG_WAL_13605,Cairo,571,Basic,7,5,0,36,3,500,0,0,0
EG_WAL_13606,Gharbia,388,Verified_Tier1,16,4,0,20,7,1000,0,0,0
EG_WAL_13607,Cairo,360,Basic,14,6,0,17,6,5000,0,0,0
EG_WAL_13608,Asyut,456,Basic,11,4,1,82,5,1000,1,0,1
EG_WAL_13609,Asyut,526,Basic,10,2,0,76,9,2500,1,0,1
EG_WAL_13610,Giza,515,Verified_Tier1,9,2,1,54,6,5000,1,0,1
EG_WAL_13611,Cairo,478,Verified_Tier1,18,6,3,88,3,2500,1,0,1
EG_WAL_13612,Cairo,442,Basic,15,3,2,79,7,2500,1,0,1
EG_WAL_13613,Alexandria,359,Basic,9,6,0,62,3,5000,1,0,1
EG_WAL_13614,Cairo,176,Basic,6,5,0,59,9,2500,1,0,1
EG_WAL_13615,Cairo,288,Basic,12,3,1,45,7,1000,0,0,0
EG_WAL_13616,Giza,321,Basic,17,5,0,15,4,5000,0,0,0
EG_WAL_13617,Gharbia,172,Verified_Tier1,9,2,0,85,8,2500,1,0,1
EG_WAL_13618,Alexandria,656,Verified_Tier1,17,3,1,43,6,500,0,0,0
EG_WAL_13619,Cairo,394,Basic,14,1,2,11,9,1000,0,0,0
EG_WAL_13620,Alexandria,119,Verified_Tier1,13,6,0,63,9,5000,1,0,1
EG_WAL_13621,Cairo,193,Basic,9,6,0,89,5,5000,1,0,1
EG_WAL_13622,Cairo,510,Merchant,12,6,0,27,1,2500,0,0,0
EG_WAL_13623,Gharbia,113,Basic,12,1,0,54,5,5000,1,0,1
EG_WAL_13624,Cairo,106,Verified_Tier1,9,2,0,27,0,0,0,0,0
EG_WAL_13625,Cairo,702,Verified_Tier1,11,4,1,86,1,2500,1,0,0.99
EG_WAL_13626,Cairo,546,Verified_Tier1,15,4,0,37,4,500,0,0,0
EG_WAL_13627,Gharbia,514,Basic,18,5,0,54,6,1000,1,0,1
EG_WAL_13628,Alexandria,619,Verified_Tier1,11,3,0,13,0,0,0,0,0
EG_WAL_13629,Giza,632,Basic,14,1,0,30,1,5000,0,0,0
EG_WAL_13630,Alexandria,628,Basic,18,7,0,62,3,5000,1,0,1
EG_WAL_13631,Cairo,133,Basic,9,4,0,45,8,5000,0,0,0
EG_WAL_13632,Giza,481,Verified_Tier1,9,4,0,75,7,500,1,0,1
EG_WAL_13633,Cairo,516,Verified_Tier1,5,1,0,74,9,500,1,0,0.99
EG_WAL_13634,Cairo,368,Basic,7,3,0,3,8,2500,0,0,0
EG_WAL_13635,Giza,716,Basic,13,4,0,88,3,500,1,0,1
EG_WAL_13636,Asyut,595,Merchant,10,5,0,88,6,500,1,0,1
EG_WAL_13637,Cairo,507,Basic,9,5,0,19,2,500,0,0,0
EG_WAL_13638,Cairo,636,Basic,10,4,1,71,7,1000,1,0,1
EG_WAL_13639,Cairo,252,Basic,10,1,0,23,6,5000,0,0,0
EG_WAL_13640,Cairo,38,Verified_Tier1,19,4,0,81,7,1000,1,0,1
EG_WAL_13641,Asyut,82,Basic,15,7,0,37,8,500,0,0,0
EG_WAL_13642,Giza,106,Verified_Tier1,19,8,0,72,5,5000,1,0,0.99
EG_WAL_13643,Giza,532,Basic,14,7,0,23,3,500,0,0,0
EG_WAL_13644,Alexandria,345,Basic,18,2,3,68,2,5000,1,0,0.99
EG_WAL_13645,Cairo,653,Basic,12,5,0,47,2,1000,1,0,1
EG_WAL_13646,Giza,194,Basic,19,5,0,44,5,500,0,0,0
EG_WAL_13647,Giza,308,Basic,5,3,0,76,7,500,1,0,1
EG_WAL_13648,Giza,56,Basic,11,6,1,20,7,1000,0,0,0
EG_WAL_13649,Asyut,99,Verified_Tier1,11,4,0,72,7,500,1,0,1
EG_WAL_13650,Alexandria,247,Basic,12,3,0,65,8,5000,1,0,1
EG_WAL_13651,Cairo,394,Verified_Tier1,12,2,0,52,0,0,1,0,1
EG_WAL_13652,Gharbia,335,Merchant,12,4,1,64,6,1000,1,0,1
EG_WAL_13653,Cairo,153,Verified_Tier1,10,5,0,7,9,2500,0,0,0
EG_WAL_13654,Cairo,48,Merchant,9,6,0,87,8,500,1,0,1
EG_WAL_13655,Cairo,286,Basic,10,10,0,33,1,500,0,0,0
EG_WAL_13656,Cairo,325,Basic,5,3,0,9,3,500,0,0,0
EG_WAL_13657,Giza,51,Verified_Tier1,4,8,0,0,5,2500,0,0,0
EG_WAL_13658,Giza,479,Verified_Tier1,8,3,2,34,3,5000,0,0,0
EG_WAL_13659,Asyut,581,Verified_Tier1,8,5,0,54,8,1000,1,0,1
EG_WAL_13660,Giza,579,Verified_Tier1,16,8,0,25,9,5000,0,0,0
EG_WAL_13661,Giza,77,Verified_Tier1,6,3,0,67,0,0,1,0,1
EG_WAL_13662,Cairo,616,Basic,7,5,1,4,8,1000,0,0,0
EG_WAL_13663,Cairo,212,Verified_Tier1,7,5,0,86,9,1000,1,0,1
EG_WAL_13664,Giza,464,Basic,15,5,0,78,0,0,1,0,1
EG_WAL_13665,Giza,136,Basic,18,4,1,66,0,0,1,0,1
EG_WAL_13666,Gharbia,217,Basic,8,1,0,18,4,500,0,0,0
EG_WAL_13667,Cairo,115,Basic,11,6,1,42,0,0,0,0,0
EG_WAL_13668,Cairo,485,Basic,8,2,0,38,9,5000,0,0,0
EG_WAL_13669,Giza,166,Verified_Tier1,13,2,0,26,8,2500,0,0,0
EG_WAL_13670,Cairo,365,Verified_Tier1,10,4,3,21,5,2500,0,0,0
EG_WAL_13671,Cairo,636,Verified_Tier1,13,5,0,48,8,5000,1,0,1
EG_WAL_13672,Alexandria,498,Basic,20,4,0,57,4,1000,1,0,1
EG_WAL_13673,Cairo,631,Merchant,10,4,1,58,5,1000,1,0,1
EG_WAL_13674,Giza,600,Basic,6,3,1,78,1,500,1,0,1
EG_WAL_13675,Cairo,432,Verified_Tier1,18,2,0,39,8,5000,0,0,0
EG_WAL_13676,Cairo,569,Basic,9,5,0,14,2,5000,0,0,0
EG_WAL_13677,Cairo,101,Basic,12,6,0,31,4,1000,0,0,0
EG_WAL_13678,Gharbia,53,Basic,10,6,0,57,7,5000,1,0,1
EG_WAL_13679,Cairo,653,Verified_Tier1,8,2,0,55,4,1000,1,0,1
EG_WAL_13680,Alexandria,514,Basic,7,6,0,80,9,5000,1,0,1
EG_WAL_13681,Cairo,85,Basic,12,6,0,51,3,1000,1,0,1
EG_WAL_13682,Alexandria,252,Basic,10,3,0,76,3,1000,1,0,1
EG_WAL_13683,Cairo,661,Basic,15,5,0,79,4,2500,1,0,1
EG_WAL_13684,Alexandria,208,Verified_Tier1,20,8,1,27,2,1000,0,0,0
EG_WAL_13685,Giza,463,Basic,17,2,1,23,9,1000,0,0,0
EG_WAL_13686,Asyut,479,Basic,13,5,0,36,3,500,0,0,0
EG_WAL_13687,Cairo,521,Basic,8,2,0,61,4,1000,1,0,1
EG_WAL_13688,Cairo,218,Basic,9,5,0,4,3,1000,0,0,0
EG_WAL_13689,Cairo,607,Basic,9,4,0,43,2,500,0,0,0
EG_WAL_13690,Gharbia,449,Verified_Tier1,13,4,0,86,0,0,1,0,1
EG_WAL_13691,Giza,278,Basic,14,3,1,49,1,500,1,0,1
EG_WAL_13692,Alexandria,617,Basic,13,3,1,84,8,1000,1,0,1
EG_WAL_13693,Cairo,678,Basic,15,2,0,0,9,5000,0,0,0
EG_WAL_13694,Cairo,193,Basic,12,3,0,63,1,5000,1,0,1
EG_WAL_13695,Cairo,284,Basic,11,4,0,76,1,500,1,0,1
EG_WAL_13696,Asyut,505,Basic,10,4,0,71,4,500,1,0,1
EG_WAL_13697,Alexandria,446,Basic,9,2,0,0,9,1000,0,0,0
EG_WAL_13698,Asyut,199,Basic,15,4,0,14,8,2500,0,0,0
EG_WAL_13699,Cairo,346,Verified_Tier1,10,3,0,73,2,5000,1,0,1
EG_WAL_13700,Giza,203,Verified_Tier1,14,1,0,0,8,500,0,0,0
EG_WAL_13701,Alexandria,499,Verified_Tier1,15,5,0,77,3,1000,1,0,1
EG_WAL_13702,Cairo,374,Basic,6,5,1,51,2,500,1,0,1
EG_WAL_13703,Gharbia,474,Verified_Tier1,5,6,1,40,4,2500,0,0,0
EG_WAL_13704,Asyut,47,Verified_Tier1,17,2,1,62,6,2500,1,0,1
EG_WAL_13705,Gharbia,99,Verified_Tier1,12,0,1,45,6,1000,0,0,0.01
EG_WAL_13706,Alexandria,367,Basic,12,6,0,20,1,2500,0,0,0
EG_WAL_13707,Cairo,657,Basic,16,4,0,64,6,5000,1,0,1
EG_WAL_13708,Cairo,621,Basic,13,5,0,51,6,1000,1,0,1
EG_WAL_13709,Asyut,556,Basic,7,2,0,30,1,1000,0,0,0
EG_WAL_13710,Cairo,717,Basic,11,9,1,70,9,5000,1,0,1
EG_WAL_13711,Alexandria,485,Verified_Tier1,12,2,2,81,8,500,1,0,1
EG_WAL_13712,Alexandria,298,Verified_Tier1,12,3,0,35,7,1000,0,0,0
EG_WAL_13713,Giza,660,Basic,13,3,1,23,1,500,0,0,0
EG_WAL_13714,Asyut,217,Basic,15,3,0,37,5,5000,0,0,0
EG_WAL_13715,Cairo,598,Basic,8,1,0,67,7,5000,1,0,1
EG_WAL_13716,Cairo,558,Basic,6,4,1,1,8,500,0,0,0
EG_WAL_13717,Cairo,463,Basic,8,1,0,81,0,0,1,0,1
EG_WAL_13718,Giza,317,Basic,5,6,1,65,6,500,1,0,1
EG_WAL_13719,Cairo,596,Basic,12,6,0,56,9,1000,1,0,1
EG_WAL_13720,Cairo,528,Merchant,9,6,0,62,4,2500,1,0,1
EG_WAL_13721,Gharbia,470,Basic,14,2,0,70,8,1000,1,0,1
EG_WAL_13722,Asyut,332,Basic,16,4,0,40,8,2500,0,0,0
EG_WAL_13723,Cairo,116,Basic,16,3,0,6,2,1000,0,0,0
EG_WAL_13724,Cairo,467,Basic,9,4,0,56,9,500,1,0,1
EG_WAL_13725,Asyut,570,Basic,11,3,0,44,6,500,0,0,0
EG_WAL_13726,Cairo,51,Verified_Tier1,7,1,0,7,2,1000,0,0,0
EG_WAL_13727,Cairo,589,Basic,11,7,2,2,3,5000,0,0,0
EG_WAL_13728,Cairo,546,Basic,16,4,0,31,7,2500,0,0,0
EG_WAL_13729,Giza,704,Verified_Tier1,14,4,1,82,0,0,1,0,1
EG_WAL_13730,Cairo,532,Basic,14,3,0,67,3,1000,1,0,1
EG_WAL_13731,Asyut,496,Basic,19,2,0,9,3,2500,0,0,0
EG_WAL_13732,Giza,130,Basic,15,2,1,17,2,500,0,0,0
EG_WAL_13733,Giza,612,Verified_Tier1,8,3,2,82,1,500,1,0,1
EG_WAL_13734,Cairo,704,Basic,16,7,1,52,7,500,1,0,1
EG_WAL_13735,Giza,714,Basic,12,3,1,75,5,5000,1,0,1
EG_WAL_13736,Alexandria,170,Verified_Tier1,17,3,0,10,1,2500,0,0,0
EG_WAL_13737,Alexandria,167,Basic,15,4,0,31,7,500,0,0,0
EG_WAL_13738,Alexandria,607,Basic,18,5,0,5,7,5000,0,0,0
EG_WAL_13739,Giza,257,Basic,15,3,0,37,6,500,0,0,0
EG_WAL_13740,Asyut,310,Verified_Tier1,10,2,3,54,7,5000,1,0,0.99
EG_WAL_13741,Gharbia,713,Verified_Tier1,12,3,2,27,8,5000,0,0,0.01
EG_WAL_13742,Alexandria,460,Merchant,16,3,0,25,2,500,0,0,0
EG_WAL_13743,Cairo,69,Verified_Tier1,10,6,2,71,1,5000,1,0,1
EG_WAL_13744,Cairo,548,Verified_Tier1,15,2,1,73,6,2500,1,0,1
EG_WAL_13745,Cairo,715,Verified_Tier1,11,3,1,85,1,2500,1,0,1
EG_WAL_13746,Alexandria,692,Verified_Tier1,13,6,0,85,2,500,1,0,1
EG_WAL_13747,Giza,240,Basic,12,5,0,21,5,1000,0,0,0
EG_WAL_13748,Giza,331,Basic,15,9,0,5,8,5000,0,0,0
EG_WAL_13749,Gharbia,115,Basic,11,1,0,35,8,1000,0,0,0
EG_WAL_13750,Gharbia,426,Basic,13,7,0,10,9,500,0,0,0
EG_WAL_13751,Asyut,282,Verified_Tier1,9,4,0,81,1,2500,1,0,1
EG_WAL_13752,Cairo,562,Basic,9,3,0,33,0,0,0,0,0
EG_WAL_13753,Alexandria,410,Basic,9,3,0,2,5,500,0,0,0
EG_WAL_13754,Cairo,473,Basic,11,3,0,49,6,5000,1,0,1
EG_WAL_13755,Cairo,62,Verified_Tier1,7,1,0,35,7,5000,0,0,0
EG_WAL_13756,Cairo,289,Verified_Tier1,18,5,0,80,3,1000,1,0,1
EG_WAL_13757,Cairo,263,Basic,9,4,0,54,6,1000,1,0,1
EG_WAL_13758,Giza,544,Basic,12,3,0,29,8,500,0,0,0
EG_WAL_13759,Gharbia,337,Basic,5,0,0,61,0,0,1,0,1
EG_WAL_13760,Cairo,99,Basic,17,6,1,52,2,500,1,0,1
EG_WAL_13761,Alexandria,483,Basic,10,5,0,49,4,5000,1,0,1
EG_WAL_13762,Giza,468,Verified_Tier1,23,8,2,31,6,2500,0,0,0.01
EG_WAL_13763,Cairo,393,Basic,12,5,0,82,4,5000,1,0,1
EG_WAL_13764,Giza,510,Basic,16,2,1,8,0,0,0,0,0
EG_WAL_13765,Cairo,173,Basic,8,6,1,15,0,0,0,0,0
EG_WAL_13766,Giza,53,Basic,14,2,0,37,0,0,0,0,0
EG_WAL_13767,Giza,454,Basic,6,5,0,18,7,1000,0,0,0
EG_WAL_13768,Cairo,204,Basic,10,4,0,35,6,1000,0,0,0
EG_WAL_13769,Cairo,354,Basic,5,4,1,10,2,500,0,0,0
EG_WAL_13770,Giza,700,Verified_Tier1,12,6,0,78,3,1000,1,0,1
EG_WAL_13771,Asyut,377,Basic,15,4,2,87,7,500,1,0,1
EG_WAL_13772,Cairo,47,Basic,14,7,0,62,6,500,1,0,1
EG_WAL_13773,Alexandria,73,Basic,17,5,2,84,6,5000,1,0,1
EG_WAL_13774,Alexandria,184,Verified_Tier1,11,3,0,42,5,2500,0,0,0
EG_WAL_13775,Asyut,406,Basic,11,4,1,73,8,5000,1,0,1
EG_WAL_13776,Gharbia,431,Verified_Tier1,13,4,0,88,5,1000,1,0,1
EG_WAL_13777,Giza,254,Verified_Tier1,13,5,0,32,0,0,0,0,0
EG_WAL_13778,Alexandria,246,Basic,18,4,1,48,4,1000,1,0,0.99
EG_WAL_13779,Gharbia,597,Verified_Tier1,10,4,0,50,7,2500,1,0,0.99
EG_WAL_13780,Cairo,60,Verified_Tier1,6,6,0,49,5,500,1,0,1
EG_WAL_13781,Cairo,88,Basic,13,4,0,23,4,1000,0,0,0
EG_WAL_13782,Cairo,382,Verified_Tier1,12,5,0,20,8,2500,0,0,0
EG_WAL_13783,Gharbia,474,Basic,11,3,0,25,6,5000,0,0,0
EG_WAL_13784,Gharbia,264,Basic,11,4,0,80,6,500,1,0,1
EG_WAL_13785,Cairo,136,Verified_Tier1,8,2,0,18,0,0,0,0,0
EG_WAL_13786,Giza,220,Verified_Tier1,21,5,0,66,1,1000,1,0,1
EG_WAL_13787,Giza,559,Verified_Tier1,14,6,0,76,9,1000,1,0,1
EG_WAL_13788,Cairo,708,Basic,9,4,0,65,4,2500,1,0,1
EG_WAL_13789,Asyut,612,Basic,8,3,2,40,2,500,0,0,0
EG_WAL_13790,Cairo,595,Basic,7,5,0,63,7,500,1,0,1
EG_WAL_13791,Cairo,274,Basic,11,10,0,32,3,1000,0,0,0
EG_WAL_13792,Giza,105,Basic,13,4,2,31,6,500,0,0,0
EG_WAL_13793,Alexandria,576,Basic,11,3,3,24,4,5000,0,0,0
EG_WAL_13794,Cairo,296,Basic,10,5,0,59,5,2500,1,0,1
EG_WAL_13795,Alexandria,346,Basic,9,1,1,2,6,500,0,0,0
EG_WAL_13796,Giza,150,Basic,17,6,1,50,7,500,1,0,1
EG_WAL_13797,Cairo,54,Merchant,13,5,0,6,2,500,0,0,0
EG_WAL_13798,Cairo,461,Verified_Tier1,18,3,7,60,2,2500,1,0,0.99
EG_WAL_13799,Giza,189,Basic,11,2,1,24,1,1000,0,0,0
EG_WAL_13800,Cairo,625,Verified_Tier1,13,2,0,86,5,5000,1,0,1
EG_WAL_13801,Asyut,143,Verified_Tier1,12,0,1,75,1,1000,1,0,1
EG_WAL_13802,Gharbia,531,Verified_Tier1,8,4,0,7,0,0,0,0,0
EG_WAL_13803,Asyut,195,Basic,9,5,0,24,0,0,0,0,0
EG_WAL_13804,Cairo,204,Basic,12,4,0,62,8,500,1,0,1
EG_WAL_13805,Asyut,30,Verified_Tier1,12,1,2,31,0,0,0,0,0.01
EG_WAL_13806,Giza,115,Basic,19,8,1,31,6,2500,0,0,0
EG_WAL_13807,Cairo,603,Verified_Tier1,15,2,0,52,4,2500,1,0,1
EG_WAL_13808,Cairo,349,Verified_Tier1,11,6,1,24,5,500,0,0,0
EG_WAL_13809,Cairo,430,Merchant,9,4,2,25,9,1000,0,0,0
EG_WAL_13810,Alexandria,411,Basic,9,3,0,7,8,1000,0,0,0
EG_WAL_13811,Giza,646,Basic,12,4,0,68,2,500,1,0,1
EG_WAL_13812,Cairo,347,Basic,10,6,0,1,5,500,0,0,0
EG_WAL_13813,Giza,279,Merchant,9,5,1,18,6,5000,0,0,0
EG_WAL_13814,Cairo,554,Basic,11,3,0,66,1,2500,1,0,1
EG_WAL_13815,Giza,704,Basic,12,1,0,75,5,1000,1,0,1
EG_WAL_13816,Cairo,584,Basic,13,3,2,69,5,1000,1,0,1
EG_WAL_13817,Gharbia,652,Basic,18,3,0,7,4,5000,0,0,0
EG_WAL_13818,Gharbia,285,Basic,13,3,0,58,6,5000,1,0,1
EG_WAL_13819,Giza,336,Basic,7,3,0,4,8,500,0,0,0
EG_WAL_13820,Cairo,173,Verified_Tier1,16,3,0,76,6,500,1,0,1
EG_WAL_13821,Cairo,687,Basic,15,8,1,30,1,500,0,0,0
EG_WAL_13822,Gharbia,420,Verified_Tier1,8,7,0,12,3,2500,0,0,0
EG_WAL_13823,Cairo,705,Verified_Tier1,10,7,0,0,0,0,0,0,0
EG_WAL_13824,Cairo,198,Verified_Tier1,14,5,0,45,1,5000,0,0,0
EG_WAL_13825,Cairo,327,Verified_Tier1,11,4,0,3,8,1000,0,0,0
EG_WAL_13826,Giza,262,Basic,11,5,0,19,6,500,0,0,0
EG_WAL_13827,Giza,300,Basic,14,6,0,31,7,2500,0,0,0
EG_WAL_13828,Gharbia,89,Verified_Tier1,15,2,0,77,7,1000,1,0,0.99
EG_WAL_13829,Cairo,325,Basic,20,6,0,82,1,500,1,0,1
EG_WAL_13830,Cairo,496,Basic,11,5,1,2,4,5000,0,0,0
EG_WAL_13831,Gharbia,264,Basic,9,8,0,51,0,0,1,0,1
EG_WAL_13832,Gharbia,706,Verified_Tier1,14,5,3,10,8,500,0,0,0
EG_WAL_13833,Cairo,263,Basic,8,4,0,8,4,1000,0,0,0
EG_WAL_13834,Giza,397,Basic,13,7,0,56,0,0,1,0,1
EG_WAL_13835,Cairo,261,Basic,16,5,0,61,6,5000,1,0,1
EG_WAL_13836,Asyut,520,Merchant,14,2,1,55,8,5000,1,0,1
EG_WAL_13837,Cairo,648,Basic,11,3,0,50,0,0,1,0,1
EG_WAL_13838,Asyut,532,Verified_Tier1,15,2,1,1,0,0,0,0,0
EG_WAL_13839,Alexandria,621,Basic,10,8,2,76,0,0,1,0,1
EG_WAL_13840,Giza,410,Verified_Tier1,16,3,0,77,6,500,1,0,1
EG_WAL_13841,Cairo,457,Basic,23,3,4,14,9,2500,0,0,0.01
EG_WAL_13842,Giza,675,Verified_Tier1,12,1,2,68,2,5000,1,0,1
EG_WAL_13843,Giza,393,Basic,12,7,2,38,8,2500,0,0,0.01
EG_WAL_13844,Cairo,231,Basic,14,3,1,33,8,500,0,0,0
EG_WAL_13845,Alexandria,175,Verified_Tier1,21,4,0,42,6,1000,0,0,0.02
EG_WAL_13846,Asyut,668,Verified_Tier1,9,5,0,65,2,2500,1,0,1
EG_WAL_13847,Giza,486,Verified_Tier1,15,5,0,44,9,1000,0,0,0
EG_WAL_13848,Alexandria,164,Verified_Tier1,11,3,0,26,7,2500,0,0,0
EG_WAL_13849,Cairo,655,Basic,8,5,1,66,5,500,1,0,1
EG_WAL_13850,Giza,293,Verified_Tier1,12,2,0,61,3,1000,1,0,1
EG_WAL_13851,Cairo,93,Basic,10,2,0,63,7,5000,1,0,1
EG_WAL_13852,Giza,520,Verified_Tier1,7,2,0,1,2,5000,0,0,0
EG_WAL_13853,Asyut,676,Basic,13,3,0,27,0,0,0,0,0
EG_WAL_13854,Alexandria,70,Basic,12,2,1,40,3,2500,0,0,0
EG_WAL_13855,Cairo,325,Basic,14,7,0,86,8,1000,1,0,1
EG_WAL_13856,Cairo,32,Basic,12,4,0,51,6,5000,1,0,0.99
EG_WAL_13857,Giza,139,Basic,16,4,1,13,0,0,0,0,0
EG_WAL_13858,Giza,250,Basic,18,5,0,60,0,0,1,0,1
EG_WAL_13859,Gharbia,399,Basic,19,3,3,77,0,0,1,0,0.99
EG_WAL_13860,Gharbia,397,Basic,10,5,1,49,5,2500,1,0,1
EG_WAL_13861,Giza,465,Basic,6,8,0,12,9,500,0,0,0
EG_WAL_13862,Cairo,33,Basic,12,6,0,67,9,500,1,0,0.99
EG_WAL_13863,Cairo,273,Basic,12,3,1,18,8,2500,0,0,0
EG_WAL_13864,Cairo,195,Basic,11,5,0,87,2,5000,1,0,1
EG_WAL_13865,Cairo,55,Verified_Tier1,19,5,2,35,2,5000,0,0,0
EG_WAL_13866,Giza,424,Verified_Tier1,6,1,0,69,6,2500,1,0,1
EG_WAL_13867,Alexandria,503,Basic,9,7,1,11,5,2500,0,0,0
EG_WAL_13868,Alexandria,46,Verified_Tier1,5,5,1,72,8,500,1,0,1
EG_WAL_13869,Cairo,121,Verified_Tier1,14,9,0,12,2,5000,0,0,0
EG_WAL_13870,Cairo,512,Basic,11,4,0,23,6,500,0,0,0
EG_WAL_13871,Cairo,572,Verified_Tier1,15,3,0,45,6,5000,0,0,0
EG_WAL_13872,Cairo,234,Basic,12,2,1,14,8,5000,0,0,0
EG_WAL_13873,Gharbia,531,Basic,10,2,1,45,5,1000,0,0,0.01
EG_WAL_13874,Cairo,429,Basic,14,3,1,34,8,2500,0,0,0
EG_WAL_13875,Giza,236,Basic,15,0,1,17,5,1000,0,0,0
EG_WAL_13876,Cairo,648,Verified_Tier1,11,5,0,82,1,5000,1,0,1
EG_WAL_13877,Gharbia,175,Basic,10,5,0,78,5,500,1,0,1
EG_WAL_13878,Giza,130,Basic,10,4,0,21,4,2500,0,0,0
EG_WAL_13879,Cairo,270,Basic,6,4,0,24,5,1000,0,0,0
EG_WAL_13880,Giza,192,Verified_Tier1,12,6,2,23,8,5000,0,0,0
EG_WAL_13881,Alexandria,202,Verified_Tier1,16,0,1,5,5,5000,0,0,0
EG_WAL_13882,Asyut,531,Verified_Tier1,11,4,0,35,4,1000,0,0,0
EG_WAL_13883,Cairo,576,Basic,12,3,0,9,4,2500,0,0,0
EG_WAL_13884,Gharbia,313,Basic,15,7,0,11,2,1000,0,0,0
EG_WAL_13885,Asyut,388,Basic,13,3,0,68,4,1000,1,0,1
EG_WAL_13886,Asyut,410,Basic,15,4,1,19,4,500,0,0,0
EG_WAL_13887,Giza,562,Basic,5,4,0,36,9,500,0,0,0
EG_WAL_13888,Giza,192,Basic,15,3,0,17,2,1000,0,0,0
EG_WAL_13889,Giza,638,Basic,7,3,0,40,6,1000,0,0,0
EG_WAL_13890,Alexandria,336,Verified_Tier1,15,3,0,11,7,5000,0,0,0
EG_WAL_13891,Giza,368,Verified_Tier1,12,3,0,68,6,2500,1,0,1
EG_WAL_13892,Alexandria,84,Basic,7,6,0,72,1,5000,1,0,1
EG_WAL_13893,Giza,362,Basic,11,4,0,63,6,500,1,0,1
EG_WAL_13894,Alexandria,156,Basic,16,4,0,29,0,0,0,0,0
EG_WAL_13895,Gharbia,272,Verified_Tier1,14,6,1,16,2,2500,0,0,0
EG_WAL_13896,Cairo,629,Verified_Tier1,9,10,0,34,9,500,0,0,0
EG_WAL_13897,Gharbia,438,Merchant,14,4,0,79,3,5000,1,0,1
EG_WAL_13898,Giza,532,Basic,11,4,0,39,5,1000,0,0,0
EG_WAL_13899,Gharbia,633,Verified_Tier1,23,4,0,18,8,1000,0,0,0.01
EG_WAL_13900,Giza,332,Basic,5,1,1,59,8,2500,1,0,1
EG_WAL_13901,Cairo,493,Verified_Tier1,15,2,0,46,5,2500,1,0,0.98
EG_WAL_13902,Asyut,264,Verified_Tier1,13,4,0,1,8,1000,0,0,0
EG_WAL_13903,Cairo,67,Verified_Tier1,10,2,0,69,5,2500,1,0,1
EG_WAL_13904,Gharbia,168,Basic,11,7,0,41,6,1000,0,0,0
EG_WAL_13905,Giza,224,Verified_Tier1,8,5,1,59,5,500,1,0,1
EG_WAL_13906,Giza,556,Basic,14,2,0,10,2,500,0,0,0
EG_WAL_13907,Cairo,676,Basic,13,3,0,72,0,0,1,0,1
EG_WAL_13908,Giza,30,Basic,15,2,0,26,3,2500,0,0,0
EG_WAL_13909,Cairo,590,Basic,13,6,1,13,0,0,0,0,0
EG_WAL_13910,Cairo,125,Basic,16,3,2,83,9,1000,1,0,1
EG_WAL_13911,Cairo,442,Basic,11,3,1,58,0,0,1,0,1
EG_WAL_13912,Cairo,567,Basic,5,3,0,7,4,2500,0,0,0
EG_WAL_13913,Asyut,458,Basic,10,3,0,74,7,2500,1,0,1
EG_WAL_13914,Asyut,264,Basic,8,3,1,65,0,0,1,0,1
EG_WAL_13915,Cairo,378,Basic,8,6,0,4,4,2500,0,0,0
EG_WAL_13916,Alexandria,510,Basic,11,7,0,29,7,500,0,0,0
EG_WAL_13917,Cairo,425,Basic,9,4,0,74,2,500,1,0,1
EG_WAL_13918,Alexandria,380,Basic,10,2,0,79,5,500,1,0,1
EG_WAL_13919,Gharbia,445,Verified_Tier1,14,8,0,24,6,1000,0,0,0
EG_WAL_13920,Asyut,80,Basic,11,5,0,24,9,1000,0,0,0
EG_WAL_13921,Giza,110,Verified_Tier1,12,3,0,74,7,1000,1,0,1
EG_WAL_13922,Alexandria,65,Basic,16,7,2,61,2,500,1,0,1
EG_WAL_13923,Cairo,96,Merchant,10,1,0,64,0,0,1,0,1
EG_WAL_13924,Asyut,670,Basic,14,3,0,0,9,1000,0,0,0
EG_WAL_13925,Cairo,696,Basic,8,4,0,46,7,5000,1,0,0.99
EG_WAL_13926,Giza,652,Basic,25,3,0,72,3,1000,1,0,0.99
EG_WAL_13927,Alexandria,709,Basic,14,5,0,26,1,500,0,0,0.02
EG_WAL_13928,Alexandria,510,Verified_Tier1,9,4,1,37,0,0,0,0,0
EG_WAL_13929,Cairo,497,Basic,12,4,1,18,5,1000,0,0,0
EG_WAL_13930,Asyut,171,Basic,9,5,0,39,0,0,0,0,0
EG_WAL_13931,Cairo,385,Verified_Tier1,12,2,0,80,5,1000,1,0,1
EG_WAL_13932,Giza,500,Basic,14,4,0,11,7,2500,0,0,0
EG_WAL_13933,Cairo,650,Basic,9,4,0,65,2,500,1,0,1
EG_WAL_13934,Cairo,620,Basic,11,0,0,71,5,1000,1,0,1
EG_WAL_13935,Giza,702,Basic,6,5,0,32,5,5000,0,0,0
EG_WAL_13936,Giza,468,Verified_Tier1,14,5,0,12,4,1000,0,0,0
EG_WAL_13937,Cairo,560,Verified_Tier1,9,3,0,42,2,5000,0,0,0
EG_WAL_13938,Cairo,156,Verified_Tier1,6,3,0,20,5,2500,0,0,0
EG_WAL_13939,Giza,234,Verified_Tier1,17,5,0,82,0,0,1,0,0.99
EG_WAL_13940,Alexandria,58,Basic,14,4,0,33,3,5000,0,0,0
EG_WAL_13941,Gharbia,474,Basic,8,3,0,29,7,1000,0,0,0
EG_WAL_13942,Cairo,493,Basic,10,1,0,19,5,5000,0,0,0
EG_WAL_13943,Cairo,309,Verified_Tier1,21,5,0,81,3,2500,1,0,1
EG_WAL_13944,Cairo,180,Verified_Tier1,10,7,1,84,5,2500,1,0,1
EG_WAL_13945,Cairo,269,Basic,11,2,0,35,0,0,0,0,0
EG_WAL_13946,Alexandria,295,Basic,14,6,0,6,2,5000,0,0,0
EG_WAL_13947,Giza,134,Verified_Tier1,11,4,0,68,6,2500,1,0,1
EG_WAL_13948,Cairo,462,Basic,16,4,0,8,0,0,0,0,0
EG_WAL_13949,Cairo,526,Verified_Tier1,12,7,0,44,1,5000,0,0,0
EG_WAL_13950,Cairo,469,Basic,16,4,0,17,2,2500,0,0,0
EG_WAL_13951,Gharbia,714,Basic,12,2,0,46,3,5000,1,0,0.98
EG_WAL_13952,Asyut,187,Basic,5,0,0,0,5,2500,0,0,0.01
EG_WAL_13953,Cairo,201,Verified_Tier1,10,3,2,77,8,500,1,0,1
EG_WAL_13954,Cairo,523,Basic,12,7,1,71,0,0,1,0,1
EG_WAL_13955,Gharbia,340,Basic,8,3,0,52,3,1000,1,0,1
EG_WAL_13956,Asyut,432,Verified_Tier1,16,3,0,36,3,500,0,0,0
EG_WAL_13957,Giza,698,Verified_Tier1,5,3,0,19,5,5000,0,0,0
EG_WAL_13958,Cairo,705,Verified_Tier1,17,3,0,70,0,0,1,0,1
EG_WAL_13959,Cairo,688,Basic,15,3,0,57,8,500,1,0,1
EG_WAL_13960,Giza,695,Verified_Tier1,16,1,1,40,0,0,0,0,0
EG_WAL_13961,Cairo,492,Basic,12,5,0,37,9,500,0,0,0
EG_WAL_13962,Cairo,396,Basic,14,3,0,43,0,0,0,0,0
EG_WAL_13963,Giza,579,Basic,15,6,0,14,2,5000,0,0,0
EG_WAL_13964,Cairo,672,Basic,14,3,0,34,0,0,0,0,0
EG_WAL_13965,Alexandria,284,Verified_Tier1,9,5,0,80,3,2500,1,0,1
EG_WAL_13966,Cairo,237,Basic,6,6,1,26,6,5000,0,0,0
EG_WAL_13967,Cairo,479,Basic,9,2,1,20,8,500,0,0,0
EG_WAL_13968,Giza,124,Verified_Tier1,10,4,1,39,3,500,0,0,0
EG_WAL_13969,Cairo,507,Verified_Tier1,14,3,1,43,5,5000,0,0,0
EG_WAL_13970,Asyut,712,Verified_Tier1,11,4,1,89,1,500,1,0,1
EG_WAL_13971,Giza,219,Basic,14,6,0,43,6,5000,0,0,0
EG_WAL_13972,Cairo,513,Verified_Tier1,7,5,1,4,7,1000,0,0,0
EG_WAL_13973,Alexandria,565,Basic,10,5,0,48,2,1000,1,0,1
EG_WAL_13974,Cairo,452,Merchant,14,6,2,68,0,0,1,0,1
EG_WAL_13975,Asyut,669,Basic,9,0,0,20,1,1000,0,0,0
EG_WAL_13976,Cairo,634,Verified_Tier1,10,1,0,7,1,2500,0,0,0
EG_WAL_13977,Giza,162,Basic,14,1,1,65,5,5000,1,0,1
EG_WAL_13978,Cairo,84,Basic,11,5,0,36,6,5000,0,0,0
EG_WAL_13979,Giza,539,Basic,16,7,0,13,4,2500,0,0,0
EG_WAL_13980,Gharbia,699,Basic,9,8,2,33,9,500,0,0,0
EG_WAL_13981,Gharbia,570,Basic,10,4,2,59,0,0,1,0,1
EG_WAL_13982,Cairo,439,Verified_Tier1,11,4,0,60,4,500,1,0,1
EG_WAL_13983,Cairo,240,Basic,15,7,0,45,7,500,0,0,0
EG_WAL_13984,Gharbia,695,Verified_Tier1,13,2,0,20,9,1000,0,0,0
EG_WAL_13985,Asyut,322,Basic,11,3,1,17,1,5000,0,0,0
EG_WAL_13986,Cairo,144,Basic,12,2,0,60,7,1000,1,0,1
EG_WAL_13987,Giza,699,Verified_Tier1,12,6,1,68,5,2500,1,0,1
EG_WAL_13988,Cairo,288,Verified_Tier1,6,3,0,33,0,0,0,0,0
EG_WAL_13989,Gharbia,151,Basic,11,4,0,81,9,2500,1,0,1
EG_WAL_13990,Cairo,328,Basic,14,4,1,53,8,500,1,0,1
EG_WAL_13991,Cairo,410,Verified_Tier1,17,4,0,89,7,500,1,0,1
EG_WAL_13992,Alexandria,590,Basic,8,4,0,28,4,1000,0,0,0
EG_WAL_13993,Cairo,530,Basic,7,5,0,40,3,2500,0,0,0
EG_WAL_13994,Giza,326,Verified_Tier1,11,7,0,69,0,0,1,0,1
EG_WAL_13995,Giza,391,Basic,15,5,0,89,1,1000,1,0,1
EG_WAL_13996,Cairo,618,Basic,7,10,0,57,4,2500,1,0,1
EG_WAL_13997,Cairo,492,Verified_Tier1,18,3,0,81,4,2500,1,0,1
EG_WAL_13998,Giza,467,Verified_Tier1,13,2,3,29,7,1000,0,0,0
EG_WAL_13999,Cairo,156,Basic,10,6,0,32,4,500,0,0,0
EG_WAL_14000,Giza,226,Basic,14,1,0,62,4,2500,1,0,1
EG_WAL_14001,Gharbia,250,Basic,13,8,0,89,2,1000,1,0,0.99
EG_WAL_14002,Alexandria,120,Verified_Tier1,8,2,1,85,6,2500,1,0,1
EG_WAL_14003,Cairo,440,Verified_Tier1,9,8,0,33,5,500,0,0,0
EG_WAL_14004,Cairo,37,Basic,10,3,1,48,4,1000,1,0,1
EG_WAL_14005,Cairo,573,Basic,9,9,0,11,1,500,0,0,0
EG_WAL_14006,Cairo,497,Basic,11,4,1,21,3,2500,0,0,0
EG_WAL_14007,Giza,349,Basic,8,3,3,84,2,5000,1,0,1
EG_WAL_14008,Alexandria,423,Verified_Tier1,15,6,0,23,6,500,0,0,0
EG_WAL_14009,Cairo,298,Basic,12,6,0,55,8,5000,1,0,1
EG_WAL_14010,Cairo,220,Basic,6,4,0,24,2,2500,0,0,0
EG_WAL_14011,Cairo,704,Basic,16,2,0,65,6,2500,1,0,0.99
EG_WAL_14012,Alexandria,90,Basic,18,3,0,0,8,2500,0,0,0
EG_WAL_14013,Cairo,467,Basic,12,3,1,73,4,1000,1,0,1
EG_WAL_14014,Giza,293,Basic,11,3,0,33,7,500,0,0,0
EG_WAL_14015,Cairo,124,Verified_Tier1,14,3,0,4,7,500,0,0,0
EG_WAL_14016,Gharbia,582,Merchant,12,3,0,16,6,1000,0,0,0
EG_WAL_14017,Gharbia,499,Verified_Tier1,17,1,1,0,0,0,0,0,0
EG_WAL_14018,Cairo,690,Basic,12,2,1,77,4,500,1,0,1
EG_WAL_14019,Cairo,543,Verified_Tier1,13,6,0,20,9,2500,0,0,0
EG_WAL_14020,Giza,719,Merchant,9,2,2,5,8,500,0,0,0
EG_WAL_14021,Cairo,223,Basic,9,7,1,74,8,2500,1,0,1
EG_WAL_14022,Alexandria,511,Basic,15,6,0,38,5,5000,0,0,0
EG_WAL_14023,Gharbia,365,Basic,13,2,1,58,7,5000,1,0,1
EG_WAL_14024,Alexandria,464,Basic,20,8,0,19,3,2500,0,0,0
EG_WAL_14025,Gharbia,225,Verified_Tier1,5,2,0,83,8,500,1,0,1
EG_WAL_14026,Cairo,278,Basic,15,6,0,84,1,1000,1,0,1
EG_WAL_14027,Cairo,527,Basic,14,4,1,63,1,1000,1,0,1
EG_WAL_14028,Alexandria,241,Basic,21,3,0,23,6,5000,0,0,0
EG_WAL_14029,Cairo,694,Basic,9,9,0,40,3,2500,0,0,0
EG_WAL_14030,Alexandria,699,Basic,11,4,2,89,3,500,1,0,1
EG_WAL_14031,Cairo,495,Basic,8,6,0,66,1,5000,1,0,1
EG_WAL_14032,Cairo,680,Basic,8,3,2,37,8,500,0,0,0
EG_WAL_14033,Asyut,250,Verified_Tier1,16,8,0,37,1,1000,0,0,0
EG_WAL_14034,Cairo,302,Verified_Tier1,10,3,0,27,8,500,0,0,0
EG_WAL_14035,Asyut,183,Verified_Tier1,15,4,0,9,4,1000,0,0,0
EG_WAL_14036,Asyut,278,Verified_Tier1,8,2,0,23,4,2500,0,0,0
EG_WAL_14037,Alexandria,308,Verified_Tier1,14,5,0,61,6,5000,1,0,1
EG_WAL_14038,Alexandria,469,Verified_Tier1,8,4,0,51,4,500,1,0,1
EG_WAL_14039,Giza,305,Verified_Tier1,13,5,0,70,5,500,1,0,1
EG_WAL_14040,Gharbia,543,Verified_Tier1,18,2,2,86,2,1000,1,0,0.99
EG_WAL_14041,Cairo,117,Basic,13,7,0,86,2,5000,1,0,1
EG_WAL_14042,Giza,671,Basic,14,3,1,23,2,2500,0,0,0
EG_WAL_14043,Giza,534,Verified_Tier1,7,1,2,49,0,0,1,0,0.99
EG_WAL_14044,Giza,619,Basic,11,2,0,85,2,5000,1,0,1
EG_WAL_14045,Giza,270,Basic,13,2,1,37,3,1000,0,0,0
EG_WAL_14046,Cairo,682,Basic,15,6,0,68,5,2500,1,0,1
EG_WAL_14047,Giza,704,Basic,10,6,0,17,3,500,0,0,0.01
EG_WAL_14048,Gharbia,265,Merchant,11,3,4,71,2,500,1,0,1
EG_WAL_14049,Cairo,157,Basic,12,1,0,48,7,1000,1,0,1
EG_WAL_14050,Asyut,532,Basic,8,5,1,16,4,2500,0,0,0
EG_WAL_14051,Alexandria,229,Basic,8,6,2,75,2,5000,1,0,1
EG_WAL_14052,Gharbia,572,Verified_Tier1,19,2,1,85,3,2500,1,0,1
EG_WAL_14053,Giza,531,Basic,12,2,3,52,3,500,1,0,0.99
EG_WAL_14054,Alexandria,679,Verified_Tier1,14,2,0,5,2,1000,0,0,0.01
EG_WAL_14055,Cairo,521,Verified_Tier1,19,6,0,65,8,5000,1,0,1
EG_WAL_14056,Gharbia,50,Basic,10,3,0,4,3,1000,0,0,0
EG_WAL_14057,Cairo,263,Basic,10,5,0,1,7,5000,0,0,0
EG_WAL_14058,Gharbia,672,Basic,18,5,0,61,8,5000,1,0,0.98
EG_WAL_14059,Asyut,445,Verified_Tier1,17,3,0,4,6,500,0,0,0
EG_WAL_14060,Cairo,177,Verified_Tier1,9,6,0,30,2,500,0,0,0
EG_WAL_14061,Cairo,58,Basic,12,3,0,80,0,0,1,0,1
EG_WAL_14062,Alexandria,390,Basic,17,4,0,62,8,2500,1,0,1
EG_WAL_14063,Cairo,337,Basic,12,2,0,73,3,5000,1,0,1
EG_WAL_14064,Gharbia,191,Verified_Tier1,11,5,0,75,2,5000,1,0,1
EG_WAL_14065,Cairo,90,Basic,12,4,0,17,6,5000,0,0,0
EG_WAL_14066,Cairo,154,Basic,16,4,0,76,9,1000,1,0,1
EG_WAL_14067,Asyut,485,Basic,11,6,1,56,8,500,1,0,1
EG_WAL_14068,Alexandria,100,Verified_Tier1,13,3,2,71,6,5000,1,0,1
EG_WAL_14069,Gharbia,495,Verified_Tier1,12,3,0,61,8,1000,1,0,1
EG_WAL_14070,Cairo,272,Basic,12,7,0,3,6,1000,0,0,0
EG_WAL_14071,Alexandria,519,Verified_Tier1,17,5,0,61,7,2500,1,0,1
EG_WAL_14072,Giza,250,Basic,11,7,1,45,7,500,0,0,0
EG_WAL_14073,Giza,502,Merchant,4,6,0,70,7,2500,1,0,1
EG_WAL_14074,Alexandria,562,Basic,15,2,0,20,1,5000,0,0,0
EG_WAL_14075,Giza,523,Verified_Tier1,11,5,0,59,1,5000,1,0,1
EG_WAL_14076,Giza,111,Basic,11,4,0,44,1,500,0,0,0
EG_WAL_14077,Cairo,551,Basic,17,2,0,78,6,5000,1,0,1
EG_WAL_14078,Alexandria,41,Verified_Tier1,13,4,1,21,7,500,0,0,0
EG_WAL_14079,Cairo,292,Basic,13,6,2,64,9,1000,1,0,1
EG_WAL_14080,Alexandria,686,Basic,10,5,0,5,0,0,0,0,0
EG_WAL_14081,Cairo,478,Basic,13,4,1,64,7,1000,1,0,1
EG_WAL_14082,Giza,221,Basic,10,1,1,82,7,500,1,0,1
EG_WAL_14083,Alexandria,143,Basic,10,4,0,26,4,500,0,0,0
EG_WAL_14084,Cairo,55,Basic,13,4,2,9,2,1000,0,0,0
EG_WAL_14085,Cairo,528,Verified_Tier1,16,5,0,54,0,0,1,0,1
EG_WAL_14086,Cairo,537,Verified_Tier1,12,3,0,77,3,1000,1,0,1
EG_WAL_14087,Giza,574,Basic,13,3,0,33,6,500,0,0,0
EG_WAL_14088,Gharbia,91,Basic,7,3,2,40,6,5000,0,0,0
EG_WAL_14089,Cairo,258,Verified_Tier1,7,5,1,31,4,2500,0,0,0
EG_WAL_14090,Alexandria,636,Basic,10,2,3,66,5,5000,1,0,0.99
EG_WAL_14091,Cairo,64,Basic,19,7,0,50,8,500,1,0,1
EG_WAL_14092,Giza,485,Verified_Tier1,7,2,2,79,6,2500,1,0,0.99
EG_WAL_14093,Asyut,617,Verified_Tier1,17,4,0,38,1,2500,0,0,0
EG_WAL_14094,Cairo,531,Basic,15,2,0,4,1,500,0,0,0
EG_WAL_14095,Giza,624,Basic,13,8,0,57,1,5000,1,0,1
EG_WAL_14096,Cairo,54,Basic,11,3,0,16,1,5000,0,0,0
EG_WAL_14097,Cairo,598,Merchant,9,5,0,22,4,500,0,0,0
EG_WAL_14098,Cairo,61,Basic,12,5,0,89,9,2500,1,0,1
EG_WAL_14099,Cairo,41,Merchant,11,3,0,45,4,2500,0,0,0
EG_WAL_14100,Giza,348,Basic,14,3,0,6,7,500,0,0,0
EG_WAL_14101,Giza,633,Basic,13,4,0,61,4,5000,1,0,1
EG_WAL_14102,Giza,30,Basic,8,6,0,6,7,5000,0,0,0
EG_WAL_14103,Cairo,464,Verified_Tier1,10,4,0,14,5,5000,0,0,0
EG_WAL_14104,Cairo,165,Basic,16,4,1,29,9,500,0,0,0
EG_WAL_14105,Alexandria,225,Basic,18,6,0,19,3,1000,0,0,0
EG_WAL_14106,Asyut,162,Verified_Tier1,7,2,0,66,9,500,1,0,1
EG_WAL_14107,Cairo,115,Merchant,15,8,1,85,3,1000,1,0,0.99
EG_WAL_14108,Gharbia,505,Basic,9,7,0,53,2,5000,1,0,1
EG_WAL_14109,Giza,353,Basic,10,3,0,49,8,500,1,0,1
EG_WAL_14110,Giza,209,Verified_Tier1,8,4,2,70,4,1000,1,0,1
EG_WAL_14111,Giza,545,Verified_Tier1,17,3,0,48,7,5000,1,0,1
EG_WAL_14112,Cairo,667,Basic,11,5,0,49,3,5000,1,0,1
EG_WAL_14113,Cairo,204,Verified_Tier1,19,2,0,2,2,5000,0,0,0
EG_WAL_14114,Giza,50,Basic,7,2,1,63,5,500,1,0,1
EG_WAL_14115,Cairo,134,Verified_Tier1,11,3,0,45,5,5000,0,0,0
EG_WAL_14116,Asyut,607,Basic,15,5,0,80,5,5000,1,0,1
EG_WAL_14117,Giza,472,Basic,15,3,0,21,1,2500,0,0,0
EG_WAL_14118,Cairo,78,Basic,14,2,0,51,5,1000,1,0,0.99
EG_WAL_14119,Alexandria,557,Verified_Tier1,15,1,1,36,4,5000,0,0,0
EG_WAL_14120,Cairo,174,Merchant,14,0,0,59,4,500,1,0,1
EG_WAL_14121,Giza,369,Basic,7,2,1,66,2,1000,1,0,1
EG_WAL_14122,Alexandria,383,Basic,15,2,0,47,4,5000,1,0,1
EG_WAL_14123,Asyut,104,Basic,11,5,0,29,9,5000,0,0,0
EG_WAL_14124,Alexandria,607,Verified_Tier1,8,2,0,87,0,0,1,0,1
EG_WAL_14125,Alexandria,666,Merchant,11,3,1,42,0,0,0,0,0
EG_WAL_14126,Alexandria,348,Verified_Tier1,18,2,1,9,6,1000,0,0,0
EG_WAL_14127,Asyut,116,Basic,9,4,0,70,9,500,1,0,1
EG_WAL_14128,Cairo,582,Merchant,18,4,0,79,6,1000,1,0,1
EG_WAL_14129,Cairo,71,Basic,10,2,3,1,8,500,0,0,0
EG_WAL_14130,Cairo,122,Basic,14,5,0,71,8,5000,1,0,1
EG_WAL_14131,Cairo,536,Basic,11,4,0,78,6,1000,1,0,1
EG_WAL_14132,Alexandria,558,Basic,15,4,0,66,9,2500,1,0,1
EG_WAL_14133,Giza,294,Verified_Tier1,15,2,0,83,8,500,1,0,1
EG_WAL_14134,Giza,655,Verified_Tier1,18,7,0,45,9,5000,0,0,0.01
EG_WAL_14135,Cairo,321,Basic,11,4,0,40,8,500,0,0,0
EG_WAL_14136,Alexandria,493,Basic,9,1,0,3,2,500,0,0,0
EG_WAL_14137,Cairo,589,Basic,9,2,1,86,3,500,1,0,1
EG_WAL_14138,Alexandria,126,Basic,13,1,0,7,0,0,0,0,0
EG_WAL_14139,Giza,124,Basic,15,5,0,9,1,2500,0,0,0
EG_WAL_14140,Cairo,355,Basic,16,4,0,4,7,2500,0,0,0
EG_WAL_14141,Cairo,103,Verified_Tier1,3,3,1,73,8,5000,1,0,1
EG_WAL_14142,Cairo,365,Verified_Tier1,14,3,0,89,8,5000,1,0,1
EG_WAL_14143,Gharbia,97,Verified_Tier1,12,6,0,79,8,2500,1,0,1
EG_WAL_14144,Asyut,106,Merchant,19,6,1,58,0,0,1,0,1
EG_WAL_14145,Giza,237,Verified_Tier1,17,5,0,57,7,500,1,0,0.99
EG_WAL_14146,Cairo,250,Basic,12,3,1,22,4,5000,0,0,0
EG_WAL_14147,Giza,291,Verified_Tier1,13,5,0,60,2,2500,1,0,1
EG_WAL_14148,Alexandria,439,Basic,13,6,2,16,5,2500,0,0,0
EG_WAL_14149,Alexandria,360,Verified_Tier1,13,3,0,27,3,2500,0,0,0
EG_WAL_14150,Cairo,373,Basic,10,5,0,17,0,0,0,0,0
EG_WAL_14151,Cairo,103,Verified_Tier1,14,2,0,51,2,500,1,0,1
EG_WAL_14152,Alexandria,666,Basic,9,3,0,57,1,500,1,0,1
EG_WAL_14153,Cairo,283,Basic,12,5,1,40,0,0,0,0,0
EG_WAL_14154,Cairo,361,Basic,8,3,0,74,9,5000,1,0,1
EG_WAL_14155,Cairo,427,Basic,13,3,0,78,8,1000,1,0,1
EG_WAL_14156,Giza,374,Merchant,15,6,0,0,2,2500,0,0,0
EG_WAL_14157,Gharbia,613,Basic,13,4,1,72,0,0,1,0,1
EG_WAL_14158,Asyut,697,Basic,9,5,1,16,2,5000,0,0,0
EG_WAL_14159,Giza,484,Verified_Tier1,10,6,1,78,0,0,1,0,1
EG_WAL_14160,Giza,144,Verified_Tier1,14,3,0,3,0,0,0,0,0
EG_WAL_14161,Cairo,342,Basic,13,4,1,45,8,2500,0,0,0
EG_WAL_14162,Giza,257,Basic,11,5,0,69,0,0,1,0,1
EG_WAL_14163,Cairo,274,Basic,14,3,0,5,4,1000,0,0,0
EG_WAL_14164,Giza,555,Verified_Tier1,18,3,0,82,4,1000,1,0,1
EG_WAL_14165,Cairo,557,Verified_Tier1,10,1,1,22,0,0,0,0,0
EG_WAL_14166,Cairo,456,Merchant,12,5,2,0,8,2500,0,0,0
EG_WAL_14167,Cairo,71,Basic,13,6,0,72,4,2500,1,0,1
EG_WAL_14168,Cairo,494,Basic,15,9,1,60,1,500,1,0,1
EG_WAL_14169,Cairo,651,Basic,22,3,2,21,6,500,0,0,0.01
EG_WAL_14170,Cairo,307,Verified_Tier1,14,5,0,64,8,1000,1,0,1
EG_WAL_14171,Asyut,48,Basic,8,4,0,56,3,500,1,0,1
EG_WAL_14172,Giza,95,Basic,11,4,0,35,4,2500,0,0,0
EG_WAL_14173,Giza,196,Basic,18,2,1,24,8,5000,0,0,0
EG_WAL_14174,Gharbia,614,Basic,12,3,0,15,1,500,0,0,0
EG_WAL_14175,Asyut,432,Verified_Tier1,11,5,0,25,4,500,0,0,0
EG_WAL_14176,Giza,438,Basic,15,7,0,4,5,500,0,0,0
EG_WAL_14177,Gharbia,141,Basic,15,2,0,21,2,5000,0,0,0
EG_WAL_14178,Cairo,303,Basic,8,5,1,13,9,2500,0,0,0
EG_WAL_14179,Cairo,436,Verified_Tier1,20,1,0,72,8,500,1,0,1
EG_WAL_14180,Giza,402,Basic,5,3,0,77,9,500,1,0,1
EG_WAL_14181,Alexandria,626,Basic,11,6,1,79,7,5000,1,0,1
EG_WAL_14182,Alexandria,680,Basic,15,7,0,69,3,2500,1,0,1
EG_WAL_14183,Cairo,68,Basic,14,5,0,16,4,2500,0,0,0
EG_WAL_14184,Cairo,134,Verified_Tier1,17,9,1,0,7,5000,0,0,0
EG_WAL_14185,Giza,353,Basic,10,5,0,17,9,5000,0,0,0
EG_WAL_14186,Cairo,443,Verified_Tier1,15,0,0,74,9,500,1,0,1
EG_WAL_14187,Giza,458,Basic,7,5,1,10,0,0,0,0,0
EG_WAL_14188,Alexandria,664,Verified_Tier1,5,4,1,11,7,2500,0,0,0
EG_WAL_14189,Alexandria,90,Verified_Tier1,10,5,0,33,5,1000,0,0,0
EG_WAL_14190,Alexandria,641,Basic,12,2,0,79,6,1000,1,0,1
EG_WAL_14191,Gharbia,336,Verified_Tier1,7,9,0,73,3,5000,1,0,1
EG_WAL_14192,Giza,383,Basic,9,2,0,7,5,2500,0,0,0
EG_WAL_14193,Alexandria,422,Basic,12,5,1,89,9,1000,1,0,1
EG_WAL_14194,Giza,233,Basic,9,4,0,41,9,1000,0,0,0
EG_WAL_14195,Cairo,287,Basic,12,4,0,13,3,5000,0,0,0
EG_WAL_14196,Cairo,515,Verified_Tier1,12,3,1,50,9,2500,1,0,1
EG_WAL_14197,Cairo,546,Basic,9,2,0,8,9,1000,0,0,0
EG_WAL_14198,Giza,475,Verified_Tier1,11,1,0,82,1,2500,1,0,1
EG_WAL_14199,Giza,209,Basic,13,3,0,37,0,0,0,0,0
EG_WAL_14200,Gharbia,371,Basic,14,6,1,28,3,1000,0,0,0
EG_WAL_14201,Cairo,162,Verified_Tier1,10,3,0,28,6,500,0,0,0
EG_WAL_14202,Cairo,472,Verified_Tier1,7,7,0,27,7,500,0,0,0
EG_WAL_14203,Asyut,282,Verified_Tier1,13,1,1,87,2,2500,1,0,1
EG_WAL_14204,Cairo,294,Verified_Tier1,11,7,0,75,2,2500,1,0,1
EG_WAL_14205,Giza,122,Verified_Tier1,8,6,0,82,4,1000,1,0,1
EG_WAL_14206,Giza,691,Basic,22,3,0,5,9,2500,0,0,0
EG_WAL_14207,Giza,440,Verified_Tier1,16,4,2,1,9,1000,0,0,0
EG_WAL_14208,Cairo,167,Basic,10,7,1,52,6,2500,1,0,1
EG_WAL_14209,Cairo,237,Basic,17,4,0,30,3,2500,0,0,0
EG_WAL_14210,Cairo,666,Basic,14,3,1,36,6,5000,0,0,0
EG_WAL_14211,Giza,602,Basic,15,5,0,55,1,2500,1,0,1
EG_WAL_14212,Giza,336,Basic,12,1,0,39,0,0,0,0,0
EG_WAL_14213,Cairo,295,Verified_Tier1,17,7,0,11,5,500,0,0,0
EG_WAL_14214,Giza,675,Verified_Tier1,15,9,0,54,3,5000,1,0,1
EG_WAL_14215,Gharbia,347,Basic,14,4,0,56,6,5000,1,0,1
EG_WAL_14216,Cairo,142,Basic,11,6,0,44,0,0,0,0,0
EG_WAL_14217,Giza,407,Basic,7,2,1,24,0,0,0,0,0
EG_WAL_14218,Alexandria,483,Basic,12,3,0,41,4,1000,0,0,0
EG_WAL_14219,Cairo,220,Verified_Tier1,11,8,0,17,0,0,0,0,0
EG_WAL_14220,Cairo,469,Basic,15,1,0,29,1,2500,0,0,0
EG_WAL_14221,Giza,216,Basic,12,2,0,17,2,500,0,0,0
EG_WAL_14222,Gharbia,396,Verified_Tier1,14,7,1,6,0,0,0,0,0.01
EG_WAL_14223,Gharbia,118,Verified_Tier1,19,5,0,78,7,500,1,0,1
EG_WAL_14224,Giza,216,Verified_Tier1,18,2,0,29,1,1000,0,0,0
EG_WAL_14225,Alexandria,161,Verified_Tier1,11,4,0,4,1,2500,0,0,0
EG_WAL_14226,Cairo,664,Basic,16,0,1,68,7,5000,1,0,1
EG_WAL_14227,Giza,589,Basic,20,3,0,32,6,1000,0,0,0
EG_WAL_14228,Giza,405,Verified_Tier1,15,4,0,5,2,500,0,0,0
EG_WAL_14229,Cairo,128,Verified_Tier1,13,7,0,47,4,5000,1,0,1
EG_WAL_14230,Alexandria,63,Basic,12,8,1,3,2,500,0,0,0
EG_WAL_14231,Giza,611,Basic,15,5,0,12,4,1000,0,0,0
EG_WAL_14232,Cairo,200,Verified_Tier1,12,4,0,25,8,500,0,0,0
EG_WAL_14233,Asyut,395,Basic,16,6,0,48,2,2500,1,0,1
EG_WAL_14234,Cairo,88,Basic,17,5,1,19,2,5000,0,0,0
EG_WAL_14235,Cairo,210,Basic,11,4,0,31,0,0,0,0,0
EG_WAL_14236,Cairo,48,Basic,13,2,0,64,4,2500,1,0,1
EG_WAL_14237,Alexandria,255,Basic,12,1,0,88,2,5000,1,0,1
EG_WAL_14238,Alexandria,502,Basic,9,4,0,88,2,500,1,0,1
EG_WAL_14239,Cairo,124,Verified_Tier1,15,2,1,52,3,500,1,0,1
EG_WAL_14240,Alexandria,326,Basic,11,3,0,64,1,1000,1,0,1
EG_WAL_14241,Cairo,622,Basic,13,0,0,2,1,500,0,0,0
EG_WAL_14242,Alexandria,204,Basic,10,5,0,20,7,500,0,0,0
EG_WAL_14243,Giza,251,Merchant,11,4,0,42,2,2500,0,0,0
EG_WAL_14244,Giza,644,Basic,10,4,1,24,3,500,0,0,0
EG_WAL_14245,Asyut,83,Basic,18,6,0,84,1,500,1,0,1
EG_WAL_14246,Cairo,432,Verified_Tier1,10,2,0,66,4,2500,1,0,1
EG_WAL_14247,Cairo,347,Basic,21,7,0,34,8,5000,0,0,0
EG_WAL_14248,Giza,378,Basic,9,4,0,85,8,1000,1,0,1
EG_WAL_14249,Asyut,472,Basic,17,1,0,22,7,5000,0,0,0
EG_WAL_14250,Cairo,609,Merchant,10,9,0,12,8,5000,0,0,0
EG_WAL_14251,Cairo,569,Verified_Tier1,13,6,3,22,8,5000,0,0,0
EG_WAL_14252,Cairo,311,Verified_Tier1,11,5,0,62,8,5000,1,0,1
EG_WAL_14253,Giza,389,Basic,21,1,1,82,9,5000,1,0,1
EG_WAL_14254,Cairo,660,Verified_Tier1,9,11,0,14,1,2500,0,0,0.01
EG_WAL_14255,Alexandria,675,Basic,15,2,1,78,2,500,1,0,0.99
EG_WAL_14256,Asyut,670,Verified_Tier1,9,9,0,25,3,500,0,0,0
EG_WAL_14257,Giza,37,Verified_Tier1,16,4,0,66,0,0,1,0,0.99
EG_WAL_14258,Cairo,592,Basic,16,6,0,80,5,5000,1,0,1
EG_WAL_14259,Giza,520,Verified_Tier1,16,5,0,60,1,1000,1,0,1
EG_WAL_14260,Cairo,370,Basic,13,5,1,27,3,2500,0,0,0
EG_WAL_14261,Gharbia,501,Basic,7,3,0,33,4,2500,0,0,0
EG_WAL_14262,Giza,716,Verified_Tier1,10,6,0,15,3,5000,0,0,0
EG_WAL_14263,Cairo,278,Basic,12,4,1,42,5,1000,0,0,0
EG_WAL_14264,Alexandria,264,Basic,16,4,0,10,9,5000,0,0,0
EG_WAL_14265,Giza,112,Basic,16,6,1,23,9,5000,0,0,0
EG_WAL_14266,Giza,122,Verified_Tier1,12,2,0,86,5,2500,1,0,1
EG_WAL_14267,Cairo,423,Basic,17,4,0,24,8,2500,0,0,0
EG_WAL_14268,Gharbia,297,Basic,8,5,0,76,8,500,1,0,1
EG_WAL_14269,Asyut,446,Verified_Tier1,16,1,0,18,0,0,0,0,0
EG_WAL_14270,Giza,661,Basic,13,2,0,33,9,2500,0,0,0
EG_WAL_14271,Asyut,612,Basic,10,5,0,65,7,1000,1,0,1
EG_WAL_14272,Cairo,558,Verified_Tier1,14,4,1,71,4,1000,1,0,1
EG_WAL_14273,Giza,282,Basic,13,6,0,4,0,0,0,0,0
EG_WAL_14274,Giza,151,Verified_Tier1,12,5,2,74,4,500,1,0,1
EG_WAL_14275,Giza,39,Basic,17,5,0,65,5,1000,1,0,1
EG_WAL_14276,Giza,345,Verified_Tier1,9,3,1,53,6,1000,1,0,1
EG_WAL_14277,Cairo,302,Verified_Tier1,13,9,2,23,2,1000,0,0,0
EG_WAL_14278,Cairo,335,Basic,14,5,2,75,8,1000,1,0,1
EG_WAL_14279,Cairo,239,Basic,12,2,1,79,2,5000,1,0,1
EG_WAL_14280,Cairo,493,Merchant,10,6,1,50,0,0,1,0,1
EG_WAL_14281,Alexandria,445,Basic,10,2,0,23,2,500,0,0,0
EG_WAL_14282,Cairo,245,Basic,9,1,0,49,6,1000,1,0,1
EG_WAL_14283,Cairo,109,Verified_Tier1,6,3,1,53,9,500,1,0,1
EG_WAL_14284,Giza,509,Verified_Tier1,9,4,0,16,0,0,0,0,0
EG_WAL_14285,Giza,576,Verified_Tier1,5,4,0,83,3,1000,1,0,1
EG_WAL_14286,Gharbia,47,Basic,11,1,0,34,6,5000,0,0,0
EG_WAL_14287,Giza,194,Basic,9,2,0,29,2,500,0,0,0
EG_WAL_14288,Cairo,554,Verified_Tier1,10,2,4,46,6,2500,1,1,0.96
EG_WAL_14289,Gharbia,231,Verified_Tier1,15,6,0,41,3,500,0,0,0
EG_WAL_14290,Giza,375,Verified_Tier1,20,3,0,21,6,1000,0,0,0
EG_WAL_14291,Cairo,395,Merchant,14,5,0,30,8,5000,0,0,0
EG_WAL_14292,Giza,477,Verified_Tier1,16,2,0,50,9,2500,1,0,1
EG_WAL_14293,Asyut,542,Basic,15,5,0,36,4,500,0,0,0
EG_WAL_14294,Cairo,348,Verified_Tier1,14,6,2,87,2,1000,1,0,1
EG_WAL_14295,Cairo,246,Basic,12,3,1,87,0,0,1,0,1
EG_WAL_14296,Cairo,63,Basic,12,5,1,12,2,1000,0,0,0
EG_WAL_14297,Cairo,295,Basic,9,2,1,88,3,1000,1,0,1
EG_WAL_14298,Giza,669,Verified_Tier1,8,2,0,30,1,1000,0,0,0
EG_WAL_14299,Giza,109,Merchant,8,5,2,13,3,5000,0,0,0
EG_WAL_14300,Cairo,706,Basic,9,5,1,83,4,2500,1,0,1
EG_WAL_14301,Asyut,442,Basic,11,6,0,38,7,2500,0,0,0
EG_WAL_14302,Alexandria,281,Basic,6,3,0,88,4,2500,1,0,1
EG_WAL_14303,Giza,41,Verified_Tier1,10,8,0,37,1,5000,0,0,0
EG_WAL_14304,Gharbia,430,Verified_Tier1,18,4,1,74,0,0,1,0,1
EG_WAL_14305,Cairo,311,Basic,9,2,0,17,8,2500,0,0,0
EG_WAL_14306,Giza,141,Verified_Tier1,10,5,0,38,3,500,0,0,0
EG_WAL_14307,Giza,407,Basic,13,4,0,82,8,500,1,0,1
EG_WAL_14308,Gharbia,297,Basic,8,2,2,66,8,1000,1,0,1
EG_WAL_14309,Alexandria,327,Basic,11,6,1,40,0,0,0,0,0
EG_WAL_14310,Cairo,346,Verified_Tier1,14,6,0,45,6,1000,0,0,0
EG_WAL_14311,Asyut,599,Basic,11,2,0,48,5,5000,1,0,1
EG_WAL_14312,Cairo,538,Verified_Tier1,20,3,0,26,1,5000,0,0,0
EG_WAL_14313,Gharbia,575,Basic,11,4,0,22,9,1000,0,0,0
EG_WAL_14314,Asyut,394,Basic,16,4,0,34,3,5000,0,0,0
EG_WAL_14315,Cairo,576,Basic,14,5,1,12,4,2500,0,0,0
EG_WAL_14316,Alexandria,300,Basic,4,6,0,25,4,5000,0,0,0
EG_WAL_14317,Cairo,503,Basic,10,4,0,77,6,1000,1,0,1
EG_WAL_14318,Giza,566,Verified_Tier1,16,4,0,34,9,2500,0,0,0
EG_WAL_14319,Giza,263,Basic,13,2,1,40,1,1000,0,0,0
EG_WAL_14320,Giza,88,Verified_Tier1,14,3,1,5,2,2500,0,0,0
EG_WAL_14321,Asyut,280,Basic,12,4,1,71,1,1000,1,0,1
EG_WAL_14322,Alexandria,115,Basic,15,3,0,51,6,500,1,0,1
EG_WAL_14323,Giza,419,Basic,11,0,0,52,6,500,1,0,1
EG_WAL_14324,Gharbia,209,Merchant,16,1,0,78,8,5000,1,0,1
EG_WAL_14325,Asyut,178,Basic,15,3,0,7,3,1000,0,0,0
EG_WAL_14326,Cairo,612,Basic,9,2,1,46,3,1000,1,0,0.99
EG_WAL_14327,Asyut,150,Verified_Tier1,11,0,0,79,5,500,1,0,1
EG_WAL_14328,Cairo,634,Basic,11,4,0,63,2,500,1,0,1
EG_WAL_14329,Gharbia,285,Verified_Tier1,14,2,0,33,2,500,0,0,0
EG_WAL_14330,Cairo,338,Basic,11,6,0,28,8,1000,0,0,0
EG_WAL_14331,Cairo,88,Verified_Tier1,13,2,0,34,6,5000,0,0,0
EG_WAL_14332,Giza,98,Basic,12,3,0,47,8,500,1,0,1
EG_WAL_14333,Giza,475,Verified_Tier1,8,3,4,73,1,1000,1,1,1
EG_WAL_14334,Cairo,417,Basic,8,3,4,64,3,2500,1,1,1
EG_WAL_14335,Cairo,115,Basic,16,5,1,68,7,1000,1,0,1
EG_WAL_14336,Giza,256,Basic,11,3,0,66,8,1000,1,0,1
EG_WAL_14337,Asyut,622,Basic,12,7,4,13,2,5000,0,1,0
EG_WAL_14338,Cairo,655,Verified_Tier1,15,1,1,45,7,1000,0,0,0.01
EG_WAL_14339,Cairo,213,Basic,12,2,1,26,7,500,0,0,0
EG_WAL_14340,Giza,351,Basic,12,4,3,45,2,1000,0,0,0
EG_WAL_14341,Cairo,347,Basic,14,2,0,28,7,5000,0,0,0
EG_WAL_14342,Gharbia,595,Basic,16,2,0,0,5,2500,0,0,0
EG_WAL_14343,Gharbia,428,Basic,12,4,2,81,8,1000,1,0,1
EG_WAL_14344,Giza,322,Basic,12,1,0,2,0,0,0,0,0
EG_WAL_14345,Cairo,322,Verified_Tier1,7,2,1,25,8,1000,0,0,0
EG_WAL_14346,Alexandria,514,Merchant,10,6,1,20,7,2500,0,0,0
EG_WAL_14347,Giza,476,Basic,8,3,0,23,9,2500,0,0,0
EG_WAL_14348,Gharbia,441,Verified_Tier1,8,7,0,44,7,500,0,0,0
EG_WAL_14349,Giza,537,Basic,12,3,1,83,7,2500,1,0,1
EG_WAL_14350,Alexandria,273,Basic,13,6,0,28,9,5000,0,0,0
EG_WAL_14351,Giza,449,Basic,14,6,0,17,6,1000,0,0,0
EG_WAL_14352,Giza,183,Basic,6,4,0,2,2,2500,0,0,0
EG_WAL_14353,Asyut,453,Basic,10,5,0,50,5,2500,1,0,1
EG_WAL_14354,Giza,302,Verified_Tier1,12,3,0,17,9,2500,0,0,0
EG_WAL_14355,Giza,676,Verified_Tier1,18,5,5,36,7,5000,0,1,0
EG_WAL_14356,Cairo,549,Basic,7,2,0,62,7,500,1,0,1
EG_WAL_14357,Giza,157,Basic,10,8,0,84,3,1000,1,0,0.99
EG_WAL_14358,Giza,402,Merchant,18,6,0,18,7,2500,0,0,0
EG_WAL_14359,Cairo,597,Basic,10,7,0,22,7,1000,0,0,0
EG_WAL_14360,Cairo,667,Verified_Tier1,10,1,0,83,0,0,1,0,1
EG_WAL_14361,Giza,188,Basic,15,4,1,54,4,2500,1,0,1
EG_WAL_14362,Alexandria,600,Basic,16,2,0,23,6,500,0,0,0
EG_WAL_14363,Giza,599,Basic,4,6,0,82,7,500,1,0,1
EG_WAL_14364,Cairo,681,Verified_Tier1,20,3,0,25,8,1000,0,0,0
EG_WAL_14365,Alexandria,205,Verified_Tier1,9,3,0,53,5,500,1,0,1
EG_WAL_14366,Cairo,649,Basic,14,3,2,88,9,500,1,0,1
EG_WAL_14367,Giza,240,Verified_Tier1,14,5,0,32,4,2500,0,0,0
EG_WAL_14368,Cairo,476,Basic,7,5,0,87,7,500,1,0,1
EG_WAL_14369,Cairo,615,Basic,10,2,3,56,5,2500,1,0,0.98
EG_WAL_14370,Cairo,196,Verified_Tier1,7,3,0,8,1,500,0,0,0
EG_WAL_14371,Cairo,489,Basic,12,6,1,63,8,5000,1,0,1
EG_WAL_14372,Cairo,386,Basic,10,4,1,74,8,5000,1,0,1
EG_WAL_14373,Cairo,333,Basic,13,1,0,84,0,0,1,0,1
EG_WAL_14374,Giza,262,Merchant,11,4,0,58,8,5000,1,0,1
EG_WAL_14375,Giza,356,Verified_Tier1,10,5,1,80,4,1000,1,0,1
EG_WAL_14376,Cairo,211,Verified_Tier1,9,3,0,15,8,1000,0,0,0
EG_WAL_14377,Gharbia,663,Basic,20,5,1,4,4,2500,0,0,0
EG_WAL_14378,Cairo,363,Verified_Tier1,10,4,0,43,9,500,0,0,0
EG_WAL_14379,Giza,58,Basic,18,1,0,45,5,2500,0,0,0
EG_WAL_14380,Cairo,122,Merchant,8,4,0,9,8,500,0,0,0
EG_WAL_14381,Cairo,717,Basic,18,4,3,76,6,500,1,0,0.97
EG_WAL_14382,Giza,359,Basic,12,4,0,57,3,1000,1,0,1
EG_WAL_14383,Giza,213,Basic,7,5,0,69,5,1000,1,0,1
EG_WAL_14384,Gharbia,124,Verified_Tier1,14,4,0,63,7,500,1,0,1
EG_WAL_14385,Giza,678,Verified_Tier1,12,7,2,79,4,2500,1,0,0.99
EG_WAL_14386,Asyut,382,Basic,12,5,0,69,3,5000,1,0,1
EG_WAL_14387,Cairo,294,Basic,18,1,0,59,6,2500,1,0,1
EG_WAL_14388,Cairo,676,Verified_Tier1,7,4,0,24,2,500,0,0,0
EG_WAL_14389,Cairo,685,Basic,8,2,0,86,3,5000,1,0,1
EG_WAL_14390,Cairo,48,Verified_Tier1,17,3,1,10,6,2500,0,0,0
EG_WAL_14391,Giza,675,Verified_Tier1,13,3,2,84,4,1000,1,0,1
EG_WAL_14392,Giza,655,Basic,12,4,1,62,0,0,1,0,1
EG_WAL_14393,Cairo,528,Basic,15,3,0,25,5,5000,0,0,0
EG_WAL_14394,Asyut,168,Basic,16,2,0,40,8,2500,0,0,0
EG_WAL_14395,Gharbia,666,Basic,14,3,1,52,9,500,1,0,1
EG_WAL_14396,Cairo,602,Basic,14,2,0,74,2,500,1,0,1
EG_WAL_14397,Cairo,554,Verified_Tier1,13,8,0,23,3,1000,0,0,0
EG_WAL_14398,Cairo,284,Basic,11,7,1,80,9,2500,1,0,1
EG_WAL_14399,Cairo,114,Basic,14,7,0,72,1,500,1,0,1
EG_WAL_14400,Cairo,487,Verified_Tier1,10,4,3,71,2,500,1,0,1
EG_WAL_14401,Giza,561,Verified_Tier1,14,3,0,6,4,2500,0,0,0
EG_WAL_14402,Cairo,591,Verified_Tier1,19,3,0,86,5,5000,1,0,1
EG_WAL_14403,Cairo,705,Basic,11,3,0,72,1,2500,1,0,1
EG_WAL_14404,Asyut,121,Verified_Tier1,9,4,1,82,1,2500,1,0,1
EG_WAL_14405,Alexandria,629,Verified_Tier1,6,5,1,63,5,2500,1,0,1
EG_WAL_14406,Asyut,98,Basic,14,3,2,71,0,0,1,0,1
EG_WAL_14407,Cairo,66,Basic,8,5,1,45,1,2500,0,0,0.01
EG_WAL_14408,Cairo,169,Basic,13,5,0,77,3,500,1,0,1
EG_WAL_14409,Giza,709,Verified_Tier1,8,7,0,50,0,0,1,0,1
EG_WAL_14410,Cairo,595,Basic,10,5,0,70,4,2500,1,0,1
EG_WAL_14411,Cairo,207,Verified_Tier1,15,4,0,5,2,1000,0,0,0
EG_WAL_14412,Alexandria,647,Verified_Tier1,14,2,0,29,9,1000,0,0,0
EG_WAL_14413,Giza,166,Basic,22,5,0,15,0,0,0,0,0
EG_WAL_14414,Giza,219,Basic,7,3,0,56,3,500,1,0,1
EG_WAL_14415,Giza,669,Basic,7,2,0,64,0,0,1,0,1
EG_WAL_14416,Giza,371,Basic,9,4,0,60,1,5000,1,0,1
EG_WAL_14417,Cairo,588,Verified_Tier1,20,10,0,16,9,1000,0,0,0.01
EG_WAL_14418,Cairo,34,Verified_Tier1,9,3,1,62,6,2500,1,0,1
EG_WAL_14419,Cairo,286,Basic,14,2,1,6,0,0,0,0,0
EG_WAL_14420,Cairo,691,Verified_Tier1,18,6,2,34,5,5000,0,0,0.01
EG_WAL_14421,Asyut,272,Basic,14,4,0,68,3,500,1,0,1
EG_WAL_14422,Giza,444,Basic,12,1,0,29,5,2500,0,0,0
EG_WAL_14423,Alexandria,656,Basic,10,1,0,43,4,500,0,0,0.01
EG_WAL_14424,Cairo,372,Basic,11,8,0,79,5,1000,1,0,1
EG_WAL_14425,Cairo,711,Merchant,10,3,0,5,4,1000,0,0,0
EG_WAL_14426,Cairo,408,Verified_Tier1,13,3,2,79,1,2500,1,0,1
EG_WAL_14427,Cairo,623,Basic,10,8,1,55,9,5000,1,0,1
EG_WAL_14428,Cairo,695,Basic,11,1,0,7,3,2500,0,0,0
EG_WAL_14429,Alexandria,682,Basic,14,6,0,83,6,500,1,0,1
EG_WAL_14430,Alexandria,175,Basic,10,3,0,19,3,500,0,0,0
EG_WAL_14431,Giza,352,Verified_Tier1,11,2,0,72,4,5000,1,0,1
EG_WAL_14432,Giza,151,Verified_Tier1,13,6,3,29,1,500,0,0,0
EG_WAL_14433,Asyut,281,Verified_Tier1,15,7,0,61,2,500,1,0,1
EG_WAL_14434,Cairo,340,Basic,15,4,1,76,4,2500,1,0,1
EG_WAL_14435,Cairo,630,Basic,14,5,0,25,3,1000,0,0,0
EG_WAL_14436,Cairo,504,Basic,15,5,0,65,2,2500,1,0,1
EG_WAL_14437,Alexandria,599,Basic,11,4,1,60,1,2500,1,0,1
EG_WAL_14438,Asyut,521,Basic,10,4,0,60,8,5000,1,0,1
EG_WAL_14439,Cairo,604,Basic,17,7,0,44,1,5000,0,0,0
EG_WAL_14440,Gharbia,376,Basic,13,6,0,45,8,5000,0,0,0
EG_WAL_14441,Gharbia,516,Verified_Tier1,15,2,2,23,3,1000,0,0,0
EG_WAL_14442,Cairo,502,Verified_Tier1,9,6,0,76,9,2500,1,0,1
EG_WAL_14443,Cairo,411,Basic,8,6,0,15,8,2500,0,0,0
EG_WAL_14444,Giza,309,Verified_Tier1,8,4,0,81,8,500,1,0,1
EG_WAL_14445,Asyut,101,Basic,6,4,1,15,9,2500,0,0,0
EG_WAL_14446,Cairo,550,Basic,9,4,1,65,4,5000,1,0,1
EG_WAL_14447,Alexandria,395,Verified_Tier1,13,3,2,0,6,5000,0,0,0
EG_WAL_14448,Cairo,123,Basic,9,5,1,73,3,2500,1,0,1
EG_WAL_14449,Alexandria,402,Verified_Tier1,9,4,0,24,9,2500,0,0,0
EG_WAL_14450,Giza,368,Basic,9,2,2,13,3,2500,0,0,0
EG_WAL_14451,Giza,466,Basic,12,2,1,80,0,0,1,0,1
EG_WAL_14452,Gharbia,365,Basic,9,4,0,81,9,500,1,0,1
EG_WAL_14453,Gharbia,693,Verified_Tier1,11,1,0,6,8,5000,0,0,0
EG_WAL_14454,Gharbia,521,Verified_Tier1,14,8,0,20,9,500,0,0,0
EG_WAL_14455,Cairo,69,Verified_Tier1,14,5,2,48,7,5000,1,0,1
EG_WAL_14456,Alexandria,388,Verified_Tier1,8,1,1,3,8,5000,0,0,0
EG_WAL_14457,Cairo,603,Basic,16,3,0,11,0,0,0,0,0
EG_WAL_14458,Giza,283,Basic,7,2,2,21,1,5000,0,0,0
EG_WAL_14459,Giza,610,Verified_Tier1,10,4,0,33,7,5000,0,0,0
EG_WAL_14460,Giza,427,Basic,13,2,0,25,7,2500,0,0,0
EG_WAL_14461,Giza,199,Merchant,14,5,0,27,0,0,0,0,0
EG_WAL_14462,Asyut,719,Basic,10,4,1,18,9,500,0,0,0
EG_WAL_14463,Cairo,540,Basic,15,5,1,30,4,1000,0,0,0
EG_WAL_14464,Alexandria,289,Basic,16,4,0,13,5,5000,0,0,0
EG_WAL_14465,Cairo,613,Verified_Tier1,8,4,0,86,4,5000,1,0,1
EG_WAL_14466,Cairo,488,Verified_Tier1,5,2,0,80,5,2500,1,0,1
EG_WAL_14467,Cairo,558,Basic,8,5,0,22,6,500,0,0,0
EG_WAL_14468,Asyut,370,Basic,19,2,0,80,9,500,1,0,1
EG_WAL_14469,Gharbia,86,Basic,12,7,0,7,5,2500,0,0,0
EG_WAL_14470,Asyut,247,Basic,11,3,0,37,2,2500,0,0,0
EG_WAL_14471,Asyut,648,Merchant,9,4,0,9,5,5000,0,0,0
EG_WAL_14472,Cairo,714,Basic,12,3,0,29,8,1000,0,0,0
EG_WAL_14473,Cairo,493,Basic,14,5,0,6,5,500,0,0,0
EG_WAL_14474,Alexandria,276,Basic,10,5,0,1,5,500,0,0,0
EG_WAL_14475,Giza,402,Basic,8,4,0,21,4,2500,0,0,0
EG_WAL_14476,Giza,446,Verified_Tier1,6,7,1,4,0,0,0,0,0
EG_WAL_14477,Cairo,60,Basic,6,4,0,66,4,500,1,0,1
EG_WAL_14478,Giza,397,Basic,8,5,1,72,0,0,1,0,1
EG_WAL_14479,Giza,588,Merchant,15,9,1,68,7,5000,1,0,1
EG_WAL_14480,Cairo,675,Basic,14,3,0,55,0,0,1,0,1
EG_WAL_14481,Giza,137,Verified_Tier1,10,2,1,19,7,500,0,0,0
EG_WAL_14482,Giza,613,Basic,11,6,3,69,3,1000,1,0,1
EG_WAL_14483,Giza,447,Basic,15,3,0,67,2,5000,1,0,1
EG_WAL_14484,Cairo,649,Basic,10,5,1,56,3,5000,1,0,1
EG_WAL_14485,Alexandria,427,Basic,11,2,0,20,1,1000,0,0,0
EG_WAL_14486,Cairo,301,Basic,14,6,0,16,2,1000,0,0,0
EG_WAL_14487,Cairo,712,Basic,14,2,0,78,3,500,1,0,0.98
EG_WAL_14488,Alexandria,145,Basic,11,6,0,26,8,2500,0,0,0
EG_WAL_14489,Giza,615,Basic,8,3,0,38,9,2500,0,0,0
EG_WAL_14490,Cairo,285,Verified_Tier1,11,2,0,82,1,5000,1,0,1
EG_WAL_14491,Alexandria,110,Verified_Tier1,9,3,0,66,2,500,1,0,1
EG_WAL_14492,Giza,157,Basic,15,4,0,85,3,1000,1,0,1
EG_WAL_14493,Alexandria,264,Basic,7,3,1,69,2,500,1,0,1
EG_WAL_14494,Alexandria,582,Verified_Tier1,20,0,0,68,2,2500,1,0,1
EG_WAL_14495,Giza,210,Verified_Tier1,15,4,0,12,8,1000,0,0,0
EG_WAL_14496,Giza,186,Basic,22,3,0,49,4,500,1,0,1
EG_WAL_14497,Cairo,483,Basic,15,3,1,9,8,5000,0,0,0
EG_WAL_14498,Cairo,600,Basic,10,1,0,55,5,500,1,0,0.99
EG_WAL_14499,Giza,53,Basic,8,6,0,43,9,500,0,0,0
EG_WAL_14500,Giza,502,Verified_Tier1,10,5,0,27,7,1000,0,0,0
EG_WAL_14501,Giza,429,Verified_Tier1,8,3,2,84,0,0,1,0,1
EG_WAL_14502,Cairo,621,Verified_Tier1,15,6,1,36,7,5000,0,0,0
EG_WAL_14503,Cairo,163,Basic,14,6,0,35,0,0,0,0,0
EG_WAL_14504,Giza,450,Basic,14,4,0,55,8,500,1,0,1
EG_WAL_14505,Cairo,242,Verified_Tier1,13,2,0,76,2,2500,1,0,1
EG_WAL_14506,Alexandria,511,Basic,16,3,0,56,8,2500,1,0,1
EG_WAL_14507,Cairo,377,Basic,11,3,0,35,7,5000,0,0,0
EG_WAL_14508,Giza,195,Basic,18,5,0,0,6,1000,0,0,0
EG_WAL_14509,Asyut,377,Basic,13,2,1,42,0,0,0,0,0
EG_WAL_14510,Cairo,427,Basic,12,7,0,8,6,5000,0,0,0
EG_WAL_14511,Giza,612,Basic,20,4,0,83,1,500,1,0,1
EG_WAL_14512,Cairo,464,Verified_Tier1,8,7,0,80,1,1000,1,0,1
EG_WAL_14513,Giza,606,Verified_Tier1,18,6,0,66,8,500,1,0,0.99
EG_WAL_14514,Giza,250,Basic,12,3,0,31,8,500,0,0,0
EG_WAL_14515,Giza,337,Verified_Tier1,13,7,0,69,0,0,1,0,1
EG_WAL_14516,Giza,495,Basic,13,3,0,57,6,500,1,0,1
EG_WAL_14517,Gharbia,128,Basic,13,5,0,51,4,2500,1,0,1
EG_WAL_14518,Cairo,271,Verified_Tier1,10,3,0,69,5,500,1,0,1
EG_WAL_14519,Cairo,187,Basic,10,2,0,88,0,0,1,0,1
EG_WAL_14520,Gharbia,639,Basic,14,2,0,27,5,2500,0,0,0
EG_WAL_14521,Giza,583,Verified_Tier1,17,3,1,64,0,0,1,0,1
EG_WAL_14522,Gharbia,680,Verified_Tier1,13,5,0,39,3,1000,0,0,0
EG_WAL_14523,Giza,256,Basic,8,1,0,79,1,1000,1,0,1
EG_WAL_14524,Gharbia,452,Basic,14,4,0,19,1,2500,0,0,0
EG_WAL_14525,Giza,101,Basic,7,5,0,87,0,0,1,0,1
EG_WAL_14526,Alexandria,272,Basic,9,3,0,78,6,2500,1,0,1
EG_WAL_14527,Asyut,559,Basic,16,5,0,9,1,1000,0,0,0
EG_WAL_14528,Giza,618,Basic,11,2,0,75,6,1000,1,0,1
EG_WAL_14529,Cairo,74,Verified_Tier1,13,5,1,61,1,5000,1,0,1
EG_WAL_14530,Cairo,501,Basic,11,5,2,36,6,500,0,0,0
EG_WAL_14531,Cairo,400,Basic,7,6,1,59,3,2500,1,0,1
EG_WAL_14532,Cairo,681,Basic,9,5,1,76,8,500,1,0,1
EG_WAL_14533,Cairo,718,Basic,10,3,0,66,0,0,1,0,1
EG_WAL_14534,Giza,121,Merchant,5,3,1,51,2,1000,1,0,1
EG_WAL_14535,Giza,51,Basic,8,1,1,34,4,500,0,0,0
EG_WAL_14536,Giza,201,Verified_Tier1,11,8,0,61,6,500,1,0,1
EG_WAL_14537,Giza,633,Verified_Tier1,15,2,0,11,6,1000,0,0,0
EG_WAL_14538,Cairo,221,Verified_Tier1,9,8,0,28,5,2500,0,0,0
EG_WAL_14539,Cairo,106,Basic,18,5,2,29,4,1000,0,0,0
EG_WAL_14540,Cairo,310,Verified_Tier1,12,0,0,21,4,500,0,0,0
EG_WAL_14541,Giza,393,Basic,11,4,1,80,3,2500,1,0,1
EG_WAL_14542,Cairo,208,Basic,10,0,1,52,8,5000,1,0,0.99
EG_WAL_14543,Cairo,267,Basic,14,0,1,21,7,500,0,0,0
EG_WAL_14544,Giza,164,Basic,17,6,0,59,8,500,1,0,1
EG_WAL_14545,Gharbia,309,Basic,11,5,0,48,6,5000,1,0,1
EG_WAL_14546,Cairo,48,Basic,13,3,0,48,4,5000,1,0,1
EG_WAL_14547,Giza,624,Basic,11,6,0,6,9,2500,0,0,0
EG_WAL_14548,Alexandria,400,Verified_Tier1,9,4,0,45,1,1000,0,0,0
EG_WAL_14549,Alexandria,141,Basic,8,5,0,10,3,5000,0,0,0
EG_WAL_14550,Asyut,705,Basic,8,4,0,15,5,500,0,0,0
EG_WAL_14551,Cairo,709,Merchant,11,5,0,53,7,500,1,0,1
EG_WAL_14552,Cairo,250,Basic,10,6,0,56,4,1000,1,0,1
EG_WAL_14553,Gharbia,333,Verified_Tier1,12,5,0,35,8,1000,0,0,0
EG_WAL_14554,Giza,354,Merchant,14,5,0,50,3,2500,1,0,1
EG_WAL_14555,Giza,466,Basic,14,6,1,21,5,1000,0,0,0
EG_WAL_14556,Alexandria,467,Basic,9,5,0,36,3,1000,0,0,0
EG_WAL_14557,Alexandria,199,Verified_Tier1,10,6,0,2,5,500,0,0,0
EG_WAL_14558,Asyut,404,Verified_Tier1,6,4,0,34,9,500,0,0,0
EG_WAL_14559,Asyut,586,Verified_Tier1,19,5,5,37,2,1000,0,1,0
EG_WAL_14560,Alexandria,410,Basic,10,6,0,54,7,2500,1,0,1
EG_WAL_14561,Cairo,43,Verified_Tier1,13,3,2,40,3,5000,0,0,0.01
EG_WAL_14562,Gharbia,698,Basic,12,2,2,37,6,5000,0,0,0.01
EG_WAL_14563,Cairo,529,Basic,11,5,0,87,9,2500,1,0,1
EG_WAL_14564,Cairo,675,Basic,14,2,0,33,7,500,0,0,0.01
EG_WAL_14565,Gharbia,420,Basic,14,4,0,10,8,5000,0,0,0
EG_WAL_14566,Cairo,578,Verified_Tier1,14,5,0,78,1,2500,1,0,1
EG_WAL_14567,Cairo,594,Verified_Tier1,6,4,0,13,2,5000,0,0,0
EG_WAL_14568,Cairo,559,Verified_Tier1,19,3,0,80,8,2500,1,0,1
EG_WAL_14569,Gharbia,521,Basic,6,3,0,20,6,500,0,0,0
EG_WAL_14570,Giza,579,Basic,9,6,0,27,6,1000,0,0,0
EG_WAL_14571,Alexandria,414,Verified_Tier1,21,5,0,85,3,1000,1,0,1
EG_WAL_14572,Cairo,225,Basic,13,4,2,59,0,0,1,0,1
EG_WAL_14573,Alexandria,329,Verified_Tier1,15,4,0,33,7,500,0,0,0
EG_WAL_14574,Alexandria,576,Verified_Tier1,15,1,0,64,9,500,1,0,1
EG_WAL_14575,Cairo,631,Verified_Tier1,7,11,0,86,8,1000,1,0,1
EG_WAL_14576,Giza,337,Basic,16,5,0,3,3,2500,0,0,0
EG_WAL_14577,Cairo,281,Verified_Tier1,14,5,2,55,0,0,1,0,1
EG_WAL_14578,Asyut,37,Verified_Tier1,11,4,0,69,8,1000,1,0,1
EG_WAL_14579,Giza,237,Basic,13,4,0,79,4,500,1,0,1
EG_WAL_14580,Asyut,160,Verified_Tier1,19,6,0,9,5,2500,0,0,0
EG_WAL_14581,Cairo,683,Basic,12,6,1,34,1,5000,0,0,0
EG_WAL_14582,Alexandria,637,Basic,10,2,0,87,4,1000,1,0,1
EG_WAL_14583,Alexandria,55,Verified_Tier1,10,5,0,9,0,0,0,0,0
EG_WAL_14584,Alexandria,652,Verified_Tier1,11,6,3,75,2,5000,1,0,1
EG_WAL_14585,Asyut,483,Verified_Tier1,8,2,1,62,0,0,1,0,1
EG_WAL_14586,Cairo,664,Basic,12,2,0,24,0,0,0,0,0
EG_WAL_14587,Cairo,215,Basic,15,2,0,73,8,2500,1,0,1
EG_WAL_14588,Alexandria,513,Verified_Tier1,22,2,0,88,5,1000,1,0,1
EG_WAL_14589,Alexandria,709,Basic,12,5,0,31,7,5000,0,0,0.01
EG_WAL_14590,Giza,80,Basic,11,8,1,55,4,5000,1,0,1
EG_WAL_14591,Cairo,34,Basic,14,4,1,25,8,5000,0,0,0
EG_WAL_14592,Giza,618,Basic,12,6,0,67,3,2500,1,0,1
EG_WAL_14593,Cairo,189,Verified_Tier1,13,5,0,72,9,5000,1,0,1
EG_WAL_14594,Giza,237,Verified_Tier1,14,5,2,26,7,5000,0,0,0
EG_WAL_14595,Giza,286,Basic,12,5,1,72,5,500,1,0,1
EG_WAL_14596,Alexandria,234,Basic,10,8,1,89,9,1000,1,0,1
EG_WAL_14597,Cairo,40,Basic,8,2,0,10,4,5000,0,0,0
EG_WAL_14598,Giza,37,Basic,9,4,2,52,4,2500,1,0,1
EG_WAL_14599,Cairo,438,Basic,16,6,1,31,2,1000,0,0,0
EG_WAL_14600,Cairo,61,Basic,12,6,0,58,3,5000,1,0,1
EG_WAL_14601,Alexandria,569,Verified_Tier1,15,3,0,29,9,1000,0,0,0
EG_WAL_14602,Asyut,416,Verified_Tier1,8,1,0,8,4,5000,0,0,0
EG_WAL_14603,Cairo,257,Basic,14,6,0,10,8,5000,0,0,0
EG_WAL_14604,Alexandria,669,Verified_Tier1,13,7,0,86,9,5000,1,0,0.99
EG_WAL_14605,Gharbia,504,Verified_Tier1,13,4,0,16,2,500,0,0,0
EG_WAL_14606,Gharbia,236,Basic,14,2,0,10,4,1000,0,0,0
EG_WAL_14607,Cairo,347,Basic,11,5,1,56,8,500,1,0,1
EG_WAL_14608,Asyut,586,Basic,15,2,1,85,0,0,1,0,1
EG_WAL_14609,Cairo,646,Basic,4,2,0,49,4,2500,1,0,1
EG_WAL_14610,Cairo,377,Verified_Tier1,12,4,0,72,3,5000,1,0,1
EG_WAL_14611,Cairo,263,Verified_Tier1,8,2,3,80,0,0,1,0,1
EG_WAL_14612,Giza,73,Basic,14,5,1,52,0,0,1,0,1
EG_WAL_14613,Cairo,171,Verified_Tier1,11,5,1,88,6,1000,1,0,1
EG_WAL_14614,Cairo,677,Verified_Tier1,11,3,2,79,5,1000,1,0,1
EG_WAL_14615,Cairo,205,Basic,21,7,1,65,0,0,1,0,1
EG_WAL_14616,Gharbia,683,Basic,10,4,0,42,3,2500,0,0,0.01
EG_WAL_14617,Gharbia,478,Verified_Tier1,14,4,0,38,6,5000,0,0,0
EG_WAL_14618,Cairo,621,Verified_Tier1,7,4,0,41,5,1000,0,0,0
EG_WAL_14619,Gharbia,111,Verified_Tier1,9,5,0,75,9,2500,1,0,1
EG_WAL_14620,Gharbia,164,Verified_Tier1,9,5,2,33,1,1000,0,0,0
EG_WAL_14621,Alexandria,206,Basic,9,3,2,24,8,5000,0,0,0
EG_WAL_14622,Cairo,412,Basic,9,6,0,77,9,2500,1,0,1
EG_WAL_14623,Alexandria,272,Basic,10,3,0,8,2,5000,0,0,0
EG_WAL_14624,Asyut,596,Basic,16,5,0,11,1,500,0,0,0
EG_WAL_14625,Alexandria,170,Verified_Tier1,14,4,2,9,0,0,0,0,0
EG_WAL_14626,Cairo,486,Merchant,9,2,0,87,2,1000,1,0,1
EG_WAL_14627,Giza,469,Verified_Tier1,13,3,0,33,5,500,0,0,0
EG_WAL_14628,Giza,85,Basic,12,7,0,75,9,5000,1,0,1
EG_WAL_14629,Giza,556,Basic,11,8,0,25,0,0,0,0,0
EG_WAL_14630,Cairo,448,Basic,14,7,0,34,1,5000,0,0,0
EG_WAL_14631,Cairo,117,Basic,16,2,1,76,8,2500,1,0,1
EG_WAL_14632,Gharbia,638,Verified_Tier1,10,8,0,82,0,0,1,0,1
EG_WAL_14633,Gharbia,685,Basic,20,6,0,55,0,0,1,0,1
EG_WAL_14634,Cairo,37,Verified_Tier1,10,3,1,76,8,500,1,0,1
EG_WAL_14635,Asyut,506,Verified_Tier1,12,3,0,55,2,5000,1,0,1
EG_WAL_14636,Cairo,244,Basic,9,4,0,85,5,5000,1,0,1
EG_WAL_14637,Alexandria,714,Basic,10,4,0,47,2,500,1,0,0.99
EG_WAL_14638,Alexandria,581,Verified_Tier1,13,1,0,22,1,500,0,0,0
EG_WAL_14639,Gharbia,526,Basic,9,3,0,64,2,2500,1,0,1
EG_WAL_14640,Asyut,532,Verified_Tier1,15,3,0,7,9,2500,0,0,0
EG_WAL_14641,Cairo,274,Basic,15,2,1,12,3,500,0,0,0
EG_WAL_14642,Gharbia,507,Basic,14,5,0,48,0,0,1,0,1
EG_WAL_14643,Cairo,338,Basic,15,3,0,9,2,5000,0,0,0
EG_WAL_14644,Alexandria,260,Basic,10,6,0,2,6,500,0,0,0
EG_WAL_14645,Alexandria,412,Verified_Tier1,16,3,0,27,1,500,0,0,0
EG_WAL_14646,Alexandria,184,Basic,12,3,0,26,6,5000,0,0,0
EG_WAL_14647,Cairo,204,Verified_Tier1,15,3,0,84,3,1000,1,0,1
EG_WAL_14648,Gharbia,144,Verified_Tier1,9,2,3,10,6,1000,0,0,0
EG_WAL_14649,Cairo,419,Verified_Tier1,13,4,2,87,2,500,1,0,1
EG_WAL_14650,Cairo,340,Basic,17,1,0,11,6,2500,0,0,0
EG_WAL_14651,Alexandria,329,Verified_Tier1,9,7,1,6,9,2500,0,0,0.01
EG_WAL_14652,Giza,47,Basic,13,4,0,41,6,1000,0,0,0
EG_WAL_14653,Gharbia,41,Basic,16,5,1,9,2,5000,0,0,0
EG_WAL_14654,Cairo,433,Verified_Tier1,9,9,0,60,5,500,1,0,1
EG_WAL_14655,Cairo,261,Basic,6,2,0,63,8,500,1,0,1
EG_WAL_14656,Gharbia,634,Verified_Tier1,7,5,0,27,6,500,0,0,0
EG_WAL_14657,Giza,307,Basic,12,5,0,25,4,5000,0,0,0
EG_WAL_14658,Cairo,382,Verified_Tier1,18,4,0,51,0,0,1,0,1
EG_WAL_14659,Alexandria,332,Basic,25,3,0,73,7,500,1,0,1
EG_WAL_14660,Giza,570,Verified_Tier1,11,4,0,3,3,500,0,0,0
EG_WAL_14661,Giza,499,Verified_Tier1,11,6,0,21,1,5000,0,0,0
EG_WAL_14662,Giza,106,Basic,12,4,2,9,8,1000,0,0,0
EG_WAL_14663,Gharbia,550,Basic,15,5,0,3,2,2500,0,0,0
EG_WAL_14664,Gharbia,53,Verified_Tier1,15,3,2,6,5,1000,0,0,0
EG_WAL_14665,Alexandria,44,Basic,11,3,0,62,2,1000,1,0,1
EG_WAL_14666,Cairo,705,Basic,10,3,1,86,6,500,1,0,0.99
EG_WAL_14667,Gharbia,554,Basic,10,5,0,66,1,1000,1,0,1
EG_WAL_14668,Alexandria,376,Verified_Tier1,11,7,0,87,3,500,1,0,1
EG_WAL_14669,Alexandria,201,Verified_Tier1,11,2,0,29,9,5000,0,0,0
EG_WAL_14670,Cairo,356,Verified_Tier1,17,7,0,75,8,1000,1,0,1
EG_WAL_14671,Gharbia,514,Verified_Tier1,7,3,0,20,7,500,0,0,0
EG_WAL_14672,Alexandria,518,Verified_Tier1,10,4,0,47,7,2500,1,0,1
EG_WAL_14673,Cairo,491,Basic,9,5,1,16,7,500,0,0,0
EG_WAL_14674,Giza,407,Basic,16,6,3,66,6,500,1,0,1
EG_WAL_14675,Gharbia,617,Basic,16,4,0,78,5,2500,1,0,1
EG_WAL_14676,Cairo,193,Verified_Tier1,11,1,1,8,7,500,0,0,0
EG_WAL_14677,Asyut,401,Verified_Tier1,6,2,0,39,6,500,0,0,0
EG_WAL_14678,Alexandria,602,Basic,12,3,0,85,0,0,1,0,1
EG_WAL_14679,Giza,453,Verified_Tier1,12,3,0,58,5,500,1,0,1
EG_WAL_14680,Cairo,506,Basic,12,1,1,68,7,1000,1,0,1
EG_WAL_14681,Cairo,411,Verified_Tier1,6,5,0,40,4,500,0,0,0
EG_WAL_14682,Asyut,184,Basic,10,6,0,67,5,1000,1,0,1
EG_WAL_14683,Cairo,286,Basic,11,4,0,47,1,2500,1,0,1
EG_WAL_14684,Alexandria,703,Verified_Tier1,21,1,0,60,1,1000,1,0,0.98
EG_WAL_14685,Cairo,97,Verified_Tier1,19,2,0,4,1,2500,0,0,0
EG_WAL_14686,Cairo,373,Basic,16,1,1,6,5,500,0,0,0
EG_WAL_14687,Cairo,306,Basic,17,4,1,74,4,500,1,0,1
EG_WAL_14688,Giza,702,Verified_Tier1,12,2,1,5,5,2500,0,0,0
EG_WAL_14689,Asyut,420,Verified_Tier1,11,8,0,28,5,1000,0,0,0
EG_WAL_14690,Cairo,478,Verified_Tier1,13,3,2,50,3,1000,1,0,0.99
EG_WAL_14691,Cairo,288,Basic,9,3,0,80,6,1000,1,0,1
EG_WAL_14692,Cairo,336,Merchant,17,4,0,27,8,1000,0,0,0
EG_WAL_14693,Giza,124,Verified_Tier1,13,3,0,56,6,500,1,0,1
EG_WAL_14694,Giza,493,Verified_Tier1,14,1,0,62,5,1000,1,0,1
EG_WAL_14695,Gharbia,275,Verified_Tier1,11,7,0,37,2,5000,0,0,0
EG_WAL_14696,Giza,664,Basic,13,2,0,82,5,2500,1,0,1
EG_WAL_14697,Giza,216,Basic,7,5,0,48,7,1000,1,0,1
EG_WAL_14698,Cairo,402,Verified_Tier1,14,2,0,11,7,2500,0,0,0
EG_WAL_14699,Asyut,601,Basic,17,9,0,44,3,2500,0,0,0
EG_WAL_14700,Cairo,435,Verified_Tier1,4,6,1,82,4,500,1,0,1
EG_WAL_14701,Cairo,437,Basic,13,5,0,44,3,2500,0,0,0
EG_WAL_14702,Alexandria,154,Basic,16,5,0,4,1,1000,0,0,0
EG_WAL_14703,Giza,366,Basic,11,3,2,64,4,5000,1,0,1
EG_WAL_14704,Giza,370,Verified_Tier1,9,3,0,34,0,0,0,0,0
EG_WAL_14705,Giza,592,Basic,13,1,2,34,1,500,0,0,0.01
EG_WAL_14706,Alexandria,207,Verified_Tier1,12,3,1,30,6,1000,0,0,0
EG_WAL_14707,Cairo,680,Basic,12,3,1,35,4,2500,0,0,0
EG_WAL_14708,Gharbia,199,Verified_Tier1,15,3,1,39,9,5000,0,0,0
EG_WAL_14709,Giza,68,Basic,14,1,0,39,7,1000,0,0,0
EG_WAL_14710,Giza,98,Basic,14,3,0,60,5,2500,1,0,1
EG_WAL_14711,Giza,265,Verified_Tier1,14,2,2,11,7,1000,0,0,0
EG_WAL_14712,Cairo,589,Basic,9,5,0,81,1,5000,1,0,1
EG_WAL_14713,Alexandria,410,Basic,18,2,2,12,7,1000,0,0,0
EG_WAL_14714,Giza,86,Verified_Tier1,14,4,2,29,8,1000,0,0,0
EG_WAL_14715,Cairo,306,Basic,10,5,0,39,7,2500,0,0,0
EG_WAL_14716,Giza,128,Basic,10,2,0,16,6,5000,0,0,0
EG_WAL_14717,Asyut,556,Basic,17,4,1,72,7,2500,1,0,1
EG_WAL_14718,Giza,354,Basic,11,6,0,21,1,500,0,0,0
EG_WAL_14719,Asyut,490,Basic,15,0,0,55,5,2500,1,0,1
EG_WAL_14720,Cairo,208,Basic,9,5,0,61,6,5000,1,0,1
EG_WAL_14721,Cairo,603,Verified_Tier1,9,3,0,56,8,2500,1,0,1
EG_WAL_14722,Cairo,148,Basic,25,2,1,14,2,1000,0,0,0.02
EG_WAL_14723,Giza,498,Verified_Tier1,8,3,1,53,5,5000,1,0,1
EG_WAL_14724,Cairo,578,Basic,10,4,1,15,7,5000,0,0,0
EG_WAL_14725,Cairo,675,Basic,8,0,0,83,3,1000,1,0,1
EG_WAL_14726,Asyut,484,Basic,14,3,0,88,4,500,1,0,1
EG_WAL_14727,Gharbia,55,Verified_Tier1,7,2,0,23,1,500,0,0,0
EG_WAL_14728,Alexandria,519,Verified_Tier1,5,0,0,79,9,500,1,0,1
EG_WAL_14729,Cairo,37,Verified_Tier1,11,1,1,79,6,1000,1,0,1
EG_WAL_14730,Cairo,545,Basic,15,3,0,24,7,500,0,0,0
EG_WAL_14731,Cairo,562,Verified_Tier1,10,4,0,45,5,1000,0,0,0
EG_WAL_14732,Alexandria,178,Verified_Tier1,11,1,0,54,8,5000,1,0,1
EG_WAL_14733,Asyut,517,Basic,11,7,0,0,2,1000,0,0,0
EG_WAL_14734,Giza,54,Basic,10,3,0,49,8,500,1,0,1
EG_WAL_14735,Cairo,684,Basic,13,4,0,49,8,2500,1,0,1
EG_WAL_14736,Giza,584,Verified_Tier1,16,5,3,32,8,500,0,0,0
EG_WAL_14737,Cairo,454,Basic,11,5,0,70,5,5000,1,0,1
EG_WAL_14738,Cairo,322,Verified_Tier1,15,6,0,27,8,5000,0,0,0
EG_WAL_14739,Giza,214,Basic,12,3,1,31,6,5000,0,0,0
EG_WAL_14740,Alexandria,583,Basic,8,11,0,87,7,500,1,0,1
EG_WAL_14741,Cairo,460,Basic,13,3,0,7,7,1000,0,0,0
EG_WAL_14742,Cairo,633,Basic,10,1,4,43,7,1000,0,0,0
EG_WAL_14743,Asyut,346,Basic,11,2,0,27,2,2500,0,0,0
EG_WAL_14744,Cairo,427,Basic,7,3,0,66,5,1000,1,0,1
EG_WAL_14745,Cairo,353,Verified_Tier1,11,4,1,6,6,2500,0,0,0
EG_WAL_14746,Cairo,594,Basic,10,6,0,5,3,5000,0,0,0
EG_WAL_14747,Cairo,625,Basic,13,5,0,44,3,2500,0,0,0
EG_WAL_14748,Cairo,575,Basic,15,4,0,13,6,2500,0,0,0
EG_WAL_14749,Gharbia,105,Basic,11,4,1,44,1,2500,0,0,0
EG_WAL_14750,Cairo,515,Basic,8,3,0,58,7,500,1,0,1
EG_WAL_14751,Giza,117,Basic,9,7,3,39,5,5000,0,0,0
EG_WAL_14752,Alexandria,261,Basic,9,5,0,82,8,500,1,0,1
EG_WAL_14753,Giza,36,Basic,18,2,0,45,4,5000,0,0,0.01
EG_WAL_14754,Gharbia,579,Merchant,13,6,0,58,9,500,1,0,1
EG_WAL_14755,Gharbia,81,Basic,10,2,0,88,9,500,1,0,1
EG_WAL_14756,Cairo,684,Basic,10,4,0,36,0,0,0,0,0.01
EG_WAL_14757,Alexandria,425,Basic,8,0,0,81,6,5000,1,0,1
EG_WAL_14758,Giza,250,Basic,12,2,0,67,3,1000,1,0,1
EG_WAL_14759,Asyut,457,Verified_Tier1,15,1,0,64,9,2500,1,0,1
EG_WAL_14760,Giza,172,Basic,14,5,0,27,3,5000,0,0,0
EG_WAL_14761,Asyut,392,Basic,9,7,0,40,2,1000,0,0,0
EG_WAL_14762,Alexandria,411,Verified_Tier1,11,1,0,82,4,500,1,0,1
EG_WAL_14763,Cairo,590,Basic,8,6,0,14,5,2500,0,0,0
EG_WAL_14764,Giza,306,Merchant,13,6,0,86,2,2500,1,0,1
EG_WAL_14765,Asyut,300,Verified_Tier1,12,1,0,38,7,1000,0,0,0
EG_WAL_14766,Gharbia,43,Basic,15,3,0,77,1,500,1,0,1
EG_WAL_14767,Cairo,327,Basic,17,3,0,65,6,5000,1,0,1
EG_WAL_14768,Alexandria,493,Basic,11,5,0,76,0,0,1,0,1
EG_WAL_14769,Cairo,556,Basic,18,7,2,27,8,2500,0,0,0
EG_WAL_14770,Cairo,263,Basic,13,4,0,30,8,500,0,0,0
EG_WAL_14771,Giza,604,Basic,14,1,1,11,4,500,0,0,0
EG_WAL_14772,Cairo,56,Verified_Tier1,10,5,0,12,1,1000,0,0,0
EG_WAL_14773,Gharbia,500,Basic,11,0,0,2,5,1000,0,0,0.01
EG_WAL_14774,Cairo,122,Verified_Tier1,12,1,0,62,9,1000,1,0,1
EG_WAL_14775,Gharbia,646,Verified_Tier1,19,3,1,28,4,500,0,0,0
EG_WAL_14776,Cairo,338,Verified_Tier1,14,4,0,63,3,5000,1,0,1
EG_WAL_14777,Cairo,81,Basic,14,5,1,75,1,5000,1,0,1
EG_WAL_14778,Cairo,348,Basic,11,2,0,84,4,2500,1,0,1
EG_WAL_14779,Cairo,210,Verified_Tier1,8,4,1,65,7,500,1,0,1
EG_WAL_14780,Cairo,598,Verified_Tier1,17,10,0,49,1,5000,1,0,0.99
EG_WAL_14781,Cairo,149,Verified_Tier1,14,5,1,79,6,500,1,0,1
EG_WAL_14782,Giza,72,Verified_Tier1,10,6,1,72,2,500,1,0,1
EG_WAL_14783,Cairo,676,Basic,6,2,0,16,5,500,0,0,0
EG_WAL_14784,Giza,289,Basic,9,7,0,55,3,1000,1,0,1
EG_WAL_14785,Cairo,226,Basic,11,2,1,82,5,5000,1,0,1
EG_WAL_14786,Gharbia,674,Verified_Tier1,15,6,0,6,1,1000,0,0,0
EG_WAL_14787,Asyut,284,Basic,13,3,2,35,9,2500,0,0,0
EG_WAL_14788,Giza,365,Verified_Tier1,8,3,0,39,4,500,0,0,0
EG_WAL_14789,Cairo,582,Verified_Tier1,14,4,1,0,1,500,0,0,0
EG_WAL_14790,Cairo,531,Verified_Tier1,7,4,1,41,7,2500,0,0,0
EG_WAL_14791,Asyut,284,Basic,10,6,0,35,8,5000,0,0,0
EG_WAL_14792,Cairo,543,Basic,15,6,2,38,7,500,0,0,0
EG_WAL_14793,Cairo,271,Verified_Tier1,15,4,0,0,0,0,0,0,0
EG_WAL_14794,Cairo,178,Basic,17,4,0,87,4,5000,1,0,1
EG_WAL_14795,Cairo,328,Basic,12,6,0,62,3,2500,1,0,1
EG_WAL_14796,Cairo,649,Basic,10,3,0,73,3,2500,1,0,1
EG_WAL_14797,Alexandria,482,Basic,10,5,2,74,6,5000,1,0,1
EG_WAL_14798,Cairo,422,Basic,12,3,0,85,9,5000,1,0,1
EG_WAL_14799,Giza,241,Verified_Tier1,9,9,1,55,9,2500,1,0,1
EG_WAL_14800,Cairo,697,Merchant,7,5,0,30,3,2500,0,0,0
EG_WAL_14801,Cairo,567,Merchant,12,2,1,0,0,0,0,0,0
EG_WAL_14802,Asyut,623,Basic,14,3,1,40,2,2500,0,0,0
EG_WAL_14803,Cairo,624,Verified_Tier1,11,8,1,10,7,2500,0,0,0
EG_WAL_14804,Gharbia,160,Merchant,11,5,2,5,9,1000,0,0,0
EG_WAL_14805,Giza,358,Verified_Tier1,12,6,0,50,6,1000,1,0,1
EG_WAL_14806,Cairo,641,Verified_Tier1,8,4,0,63,1,2500,1,0,1
EG_WAL_14807,Asyut,285,Verified_Tier1,14,2,0,80,6,5000,1,0,1
EG_WAL_14808,Cairo,508,Basic,12,6,2,77,1,2500,1,0,1
EG_WAL_14809,Gharbia,590,Verified_Tier1,12,4,0,19,5,5000,0,0,0
EG_WAL_14810,Cairo,92,Basic,16,4,0,3,7,1000,0,0,0
EG_WAL_14811,Gharbia,340,Basic,11,2,0,38,2,5000,0,0,0
EG_WAL_14812,Cairo,436,Merchant,15,7,1,46,2,2500,1,0,0.96
EG_WAL_14813,Giza,134,Basic,13,7,0,21,7,1000,0,0,0
EG_WAL_14814,Alexandria,646,Basic,8,2,0,41,7,1000,0,0,0
EG_WAL_14815,Asyut,44,Merchant,11,4,0,76,9,1000,1,0,1
EG_WAL_14816,Asyut,716,Merchant,10,6,0,78,5,500,1,0,0.99
EG_WAL_14817,Gharbia,288,Basic,10,4,3,34,0,0,0,0,0
EG_WAL_14818,Gharbia,441,Verified_Tier1,12,7,2,24,2,5000,0,0,0
EG_WAL_14819,Cairo,288,Basic,9,4,0,2,9,5000,0,0,0
EG_WAL_14820,Cairo,643,Basic,10,2,0,50,6,2500,1,0,1
EG_WAL_14821,Cairo,289,Basic,14,5,0,11,1,2500,0,0,0
EG_WAL_14822,Cairo,700,Basic,12,3,1,13,8,1000,0,0,0
EG_WAL_14823,Cairo,74,Basic,8,3,0,39,8,500,0,0,0
EG_WAL_14824,Giza,360,Basic,10,3,1,31,1,2500,0,0,0
EG_WAL_14825,Cairo,194,Verified_Tier1,8,9,0,49,5,5000,1,0,1
EG_WAL_14826,Alexandria,222,Verified_Tier1,15,2,0,67,1,5000,1,0,1
EG_WAL_14827,Cairo,550,Verified_Tier1,15,4,0,28,0,0,0,0,0
EG_WAL_14828,Cairo,430,Verified_Tier1,14,5,0,30,9,2500,0,0,0
EG_WAL_14829,Giza,403,Basic,15,4,0,23,8,5000,0,0,0
EG_WAL_14830,Alexandria,94,Verified_Tier1,14,2,0,10,4,1000,0,0,0
EG_WAL_14831,Alexandria,416,Verified_Tier1,15,4,0,29,0,0,0,0,0
EG_WAL_14832,Giza,524,Basic,11,3,2,18,6,500,0,0,0
EG_WAL_14833,Cairo,444,Basic,9,1,0,35,2,500,0,0,0
EG_WAL_14834,Giza,59,Verified_Tier1,8,6,0,5,5,500,0,0,0
EG_WAL_14835,Cairo,295,Verified_Tier1,15,3,0,1,3,500,0,0,0
EG_WAL_14836,Cairo,357,Verified_Tier1,15,4,0,18,2,2500,0,0,0
EG_WAL_14837,Giza,521,Basic,16,3,2,45,5,2500,0,0,0
EG_WAL_14838,Cairo,246,Basic,14,6,1,39,7,500,0,0,0
EG_WAL_14839,Cairo,349,Basic,15,7,0,17,5,5000,0,0,0
EG_WAL_14840,Asyut,428,Verified_Tier1,11,2,0,35,5,2500,0,0,0
EG_WAL_14841,Asyut,134,Basic,14,4,0,45,4,1000,0,0,0.01
EG_WAL_14842,Cairo,359,Basic,12,2,0,55,4,5000,1,0,1
EG_WAL_14843,Cairo,689,Basic,7,1,0,51,0,0,1,0,0.99
EG_WAL_14844,Cairo,646,Verified_Tier1,11,7,0,53,3,5000,1,0,1
EG_WAL_14845,Cairo,76,Basic,13,3,2,55,7,500,1,0,1
EG_WAL_14846,Asyut,628,Basic,17,3,0,19,5,5000,0,0,0
EG_WAL_14847,Cairo,670,Verified_Tier1,13,7,0,0,6,2500,0,0,0
EG_WAL_14848,Alexandria,343,Merchant,12,3,2,22,8,5000,0,0,0
EG_WAL_14849,Cairo,176,Basic,8,8,1,37,7,5000,0,0,0
EG_WAL_14850,Asyut,491,Basic,8,3,0,19,3,1000,0,0,0
EG_WAL_14851,Cairo,613,Verified_Tier1,12,7,1,3,6,1000,0,0,0
EG_WAL_14852,Alexandria,515,Basic,7,8,2,68,2,2500,1,0,1
EG_WAL_14853,Cairo,681,Verified_Tier1,11,5,3,5,4,5000,0,0,0
EG_WAL_14854,Giza,439,Verified_Tier1,15,3,0,62,2,500,1,0,1
EG_WAL_14855,Cairo,56,Basic,15,1,0,89,6,1000,1,0,1
EG_WAL_14856,Cairo,58,Verified_Tier1,8,5,0,0,2,500,0,0,0
EG_WAL_14857,Asyut,300,Verified_Tier1,13,3,0,62,7,2500,1,0,1
EG_WAL_14858,Asyut,715,Basic,12,0,0,78,9,2500,1,0,1
EG_WAL_14859,Gharbia,530,Basic,12,3,0,79,7,5000,1,0,1
EG_WAL_14860,Giza,282,Merchant,13,3,0,86,5,2500,1,0,1
EG_WAL_14861,Gharbia,414,Basic,19,6,0,85,8,5000,1,0,1
EG_WAL_14862,Cairo,89,Verified_Tier1,10,1,2,53,1,500,1,0,0.99
EG_WAL_14863,Cairo,136,Verified_Tier1,8,3,0,68,5,500,1,0,1
EG_WAL_14864,Cairo,249,Basic,10,2,0,42,3,1000,0,0,0
EG_WAL_14865,Giza,470,Verified_Tier1,13,2,1,4,6,1000,0,0,0
EG_WAL_14866,Cairo,687,Merchant,12,3,0,69,0,0,1,0,1
EG_WAL_14867,Cairo,593,Basic,13,4,0,65,3,500,1,0,1
EG_WAL_14868,Giza,601,Basic,9,1,1,9,9,2500,0,0,0
EG_WAL_14869,Gharbia,575,Verified_Tier1,9,3,0,35,3,500,0,0,0
EG_WAL_14870,Cairo,125,Basic,6,2,1,34,5,1000,0,0,0
EG_WAL_14871,Cairo,118,Basic,9,6,1,44,9,2500,0,0,0
EG_WAL_14872,Cairo,260,Verified_Tier1,15,5,0,22,5,1000,0,0,0
EG_WAL_14873,Cairo,304,Verified_Tier1,20,5,0,61,5,2500,1,0,1
EG_WAL_14874,Cairo,275,Merchant,16,5,0,46,3,500,1,0,0.98
EG_WAL_14875,Giza,140,Basic,19,6,0,15,4,1000,0,0,0
EG_WAL_14876,Giza,263,Basic,15,6,1,36,7,2500,0,0,0
EG_WAL_14877,Alexandria,307,Basic,13,4,2,41,2,1000,0,0,0
EG_WAL_14878,Cairo,506,Verified_Tier1,14,6,0,34,5,500,0,0,0
EG_WAL_14879,Gharbia,446,Verified_Tier1,18,3,0,39,0,0,0,0,0
EG_WAL_14880,Cairo,707,Basic,11,3,0,15,9,1000,0,0,0
EG_WAL_14881,Giza,157,Basic,14,6,1,68,5,5000,1,0,1
EG_WAL_14882,Gharbia,266,Verified_Tier1,16,4,0,10,8,2500,0,0,0
EG_WAL_14883,Cairo,648,Basic,12,3,0,50,7,5000,1,0,1
EG_WAL_14884,Cairo,157,Basic,10,6,1,74,4,2500,1,0,1
EG_WAL_14885,Gharbia,423,Verified_Tier1,9,3,0,79,6,5000,1,0,1
EG_WAL_14886,Cairo,504,Basic,20,5,1,88,4,500,1,0,1
EG_WAL_14887,Alexandria,684,Verified_Tier1,14,5,0,49,2,5000,1,0,1
EG_WAL_14888,Cairo,424,Verified_Tier1,14,2,0,66,8,5000,1,0,1
EG_WAL_14889,Alexandria,140,Basic,12,2,0,66,6,2500,1,0,1
EG_WAL_14890,Cairo,119,Basic,10,5,0,64,7,5000,1,0,1
EG_WAL_14891,Cairo,309,Basic,9,1,0,11,6,2500,0,0,0
EG_WAL_14892,Giza,362,Verified_Tier1,10,3,2,6,6,1000,0,0,0
EG_WAL_14893,Cairo,253,Basic,14,8,0,42,7,500,0,0,0
EG_WAL_14894,Cairo,130,Verified_Tier1,10,0,1,45,7,500,0,0,0.01
EG_WAL_14895,Cairo,161,Merchant,15,3,0,21,5,2500,0,0,0
EG_WAL_14896,Cairo,42,Merchant,19,6,0,75,3,1000,1,0,1
EG_WAL_14897,Cairo,486,Basic,11,3,0,5,4,500,0,0,0
EG_WAL_14898,Cairo,470,Verified_Tier1,10,4,0,37,5,500,0,0,0
EG_WAL_14899,Asyut,127,Merchant,12,3,0,38,8,1000,0,0,0.01
EG_WAL_14900,Cairo,149,Basic,4,6,1,59,4,5000,1,0,1
EG_WAL_14901,Giza,322,Basic,19,3,0,84,8,2500,1,0,1
EG_WAL_14902,Cairo,30,Basic,11,8,0,61,8,2500,1,0,0.94
EG_WAL_14903,Cairo,601,Basic,17,3,1,26,7,5000,0,0,0.01
EG_WAL_14904,Asyut,279,Verified_Tier1,17,5,1,48,9,2500,1,0,1
EG_WAL_14905,Cairo,681,Basic,12,3,0,14,5,1000,0,0,0
EG_WAL_14906,Asyut,178,Verified_Tier1,8,4,2,32,0,0,0,0,0
EG_WAL_14907,Cairo,424,Verified_Tier1,11,6,0,45,4,500,0,0,0
EG_WAL_14908,Alexandria,73,Verified_Tier1,14,4,1,70,2,5000,1,0,1
EG_WAL_14909,Giza,649,Verified_Tier1,14,2,0,12,8,1000,0,0,0
EG_WAL_14910,Gharbia,73,Basic,13,9,0,52,3,2500,1,0,1
EG_WAL_14911,Giza,107,Verified_Tier1,16,9,2,38,6,500,0,0,0
EG_WAL_14912,Giza,255,Basic,14,3,0,49,5,1000,1,0,1
EG_WAL_14913,Cairo,191,Basic,8,1,0,69,5,5000,1,0,1
EG_WAL_14914,Cairo,282,Basic,13,1,0,59,4,1000,1,0,1
EG_WAL_14915,Asyut,161,Verified_Tier1,9,6,5,8,0,0,0,0,0.01
EG_WAL_14916,Cairo,477,Verified_Tier1,10,4,2,3,2,2500,0,0,0
EG_WAL_14917,Cairo,503,Basic,12,5,0,20,4,5000,0,0,0
EG_WAL_14918,Alexandria,685,Basic,10,4,0,11,1,2500,0,0,0
EG_WAL_14919,Cairo,138,Verified_Tier1,12,3,1,76,1,1000,1,0,1
EG_WAL_14920,Asyut,64,Basic,18,4,0,49,3,5000,1,0,0.99
EG_WAL_14921,Alexandria,496,Basic,10,4,0,12,6,500,0,0,0
EG_WAL_14922,Giza,304,Verified_Tier1,15,9,0,51,0,0,1,0,1
EG_WAL_14923,Gharbia,216,Basic,15,3,0,81,8,500,1,0,1
EG_WAL_14924,Cairo,272,Basic,16,3,1,79,0,0,1,0,1
EG_WAL_14925,Cairo,293,Basic,9,2,0,20,7,2500,0,0,0
EG_WAL_14926,Giza,551,Basic,14,3,0,54,5,500,1,0,1
EG_WAL_14927,Cairo,707,Basic,9,3,0,9,0,0,0,0,0.02
EG_WAL_14928,Alexandria,570,Basic,8,8,0,77,6,2500,1,0,1
EG_WAL_14929,Asyut,116,Basic,13,4,0,28,1,500,0,0,0
EG_WAL_14930,Giza,564,Basic,13,5,0,10,0,0,0,0,0
EG_WAL_14931,Cairo,239,Verified_Tier1,9,6,0,29,7,500,0,0,0
EG_WAL_14932,Asyut,75,Merchant,16,5,0,39,1,1000,0,0,0
EG_WAL_14933,Giza,496,Basic,17,2,0,48,8,500,1,0,1
EG_WAL_14934,Giza,569,Verified_Tier1,10,4,0,2,5,1000,0,0,0
EG_WAL_14935,Cairo,55,Basic,12,4,0,0,0,0,0,0,0
EG_WAL_14936,Asyut,295,Basic,18,8,0,31,7,2500,0,0,0
EG_WAL_14937,Giza,204,Basic,12,6,3,38,6,500,0,0,0
EG_WAL_14938,Alexandria,545,Basic,11,2,0,84,0,0,1,0,1
EG_WAL_14939,Gharbia,340,Verified_Tier1,11,8,0,1,7,500,0,0,0
EG_WAL_14940,Cairo,351,Basic,15,4,0,73,1,1000,1,0,1
EG_WAL_14941,Giza,608,Basic,10,0,1,30,7,1000,0,0,0
EG_WAL_14942,Gharbia,164,Verified_Tier1,13,3,0,17,8,5000,0,0,0
EG_WAL_14943,Cairo,84,Basic,13,2,0,6,4,5000,0,0,0
EG_WAL_14944,Alexandria,572,Basic,10,7,0,4,4,2500,0,0,0
EG_WAL_14945,Asyut,615,Basic,14,3,0,28,6,5000,0,0,0
EG_WAL_14946,Giza,560,Basic,11,9,0,67,0,0,1,0,1
EG_WAL_14947,Alexandria,185,Basic,14,3,1,45,4,1000,0,0,0
EG_WAL_14948,Gharbia,697,Basic,8,4,0,55,0,0,1,0,1
EG_WAL_14949,Gharbia,176,Basic,10,7,1,2,7,5000,0,0,0
EG_WAL_14950,Cairo,514,Basic,10,6,1,12,7,500,0,0,0
EG_WAL_14951,Cairo,628,Verified_Tier1,14,6,0,66,0,0,1,0,1
EG_WAL_14952,Giza,49,Verified_Tier1,6,0,0,71,1,1000,1,0,1
EG_WAL_14953,Alexandria,298,Merchant,6,2,0,49,6,2500,1,0,1
EG_WAL_14954,Giza,362,Verified_Tier1,8,5,0,3,6,5000,0,0,0
EG_WAL_14955,Alexandria,584,Verified_Tier1,16,1,2,41,8,1000,0,0,0
EG_WAL_14956,Cairo,430,Verified_Tier1,9,5,0,75,2,5000,1,0,1
EG_WAL_14957,Giza,335,Verified_Tier1,9,4,0,23,1,500,0,0,0
EG_WAL_14958,Cairo,57,Basic,12,4,4,18,9,1000,0,0,0
EG_WAL_14959,Alexandria,496,Verified_Tier1,8,3,0,81,7,2500,1,0,1
EG_WAL_14960,Giza,289,Basic,8,8,0,39,6,1000,0,0,0
EG_WAL_14961,Cairo,563,Verified_Tier1,10,1,0,33,2,5000,0,0,0
EG_WAL_14962,Cairo,130,Basic,13,8,0,88,2,500,1,0,0.99
EG_WAL_14963,Alexandria,580,Verified_Tier1,12,2,0,6,6,500,0,0,0
EG_WAL_14964,Giza,382,Basic,16,3,1,74,4,2500,1,0,1
EG_WAL_14965,Cairo,329,Basic,13,2,0,37,8,2500,0,0,0
EG_WAL_14966,Asyut,711,Basic,14,2,0,18,9,5000,0,0,0.02
EG_WAL_14967,Alexandria,325,Basic,11,3,1,44,6,1000,0,0,0
EG_WAL_14968,Asyut,382,Basic,10,4,3,19,0,0,0,0,0
EG_WAL_14969,Giza,159,Basic,12,1,0,88,0,0,1,0,1
EG_WAL_14970,Giza,185,Basic,14,1,0,1,5,5000,0,0,0
EG_WAL_14971,Gharbia,103,Basic,11,3,0,36,4,1000,0,0,0
EG_WAL_14972,Giza,371,Verified_Tier1,4,6,0,30,4,1000,0,0,0
EG_WAL_14973,Alexandria,494,Basic,14,7,0,41,7,2500,0,0,0
EG_WAL_14974,Cairo,119,Basic,17,5,5,5,7,2500,0,1,0.01
EG_WAL_14975,Giza,608,Merchant,12,2,2,84,8,1000,1,0,0.99
EG_WAL_14976,Cairo,484,Basic,14,8,0,8,3,5000,0,0,0
EG_WAL_14977,Cairo,361,Basic,14,1,0,73,4,1000,1,0,1
EG_WAL_14978,Cairo,377,Basic,11,4,0,85,6,1000,1,0,1
EG_WAL_14979,Cairo,262,Verified_Tier1,8,5,0,52,2,500,1,0,1
EG_WAL_14980,Asyut,627,Basic,6,4,0,10,5,5000,0,0,0
EG_WAL_14981,Cairo,131,Basic,9,4,2,82,2,5000,1,0,1
EG_WAL_14982,Alexandria,510,Verified_Tier1,13,4,0,75,3,5000,1,0,1
EG_WAL_14983,Gharbia,243,Basic,15,1,0,15,9,5000,0,0,0
EG_WAL_14984,Giza,137,Verified_Tier1,18,1,2,12,7,2500,0,0,0
EG_WAL_14985,Cairo,194,Basic,17,6,0,37,9,2500,0,0,0
EG_WAL_14986,Alexandria,632,Basic,12,1,2,12,3,500,0,0,0
EG_WAL_14987,Giza,364,Verified_Tier1,15,3,0,14,3,2500,0,0,0
EG_WAL_14988,Alexandria,115,Basic,13,3,0,17,6,5000,0,0,0
EG_WAL_14989,Alexandria,453,Verified_Tier1,10,2,0,15,2,1000,0,0,0
EG_WAL_14990,Asyut,642,Merchant,13,6,0,40,2,500,0,0,0
EG_WAL_14991,Giza,393,Basic,13,7,0,49,0,0,1,0,1
EG_WAL_14992,Cairo,89,Verified_Tier1,8,7,0,68,6,2500,1,0,1
EG_WAL_14993,Giza,511,Basic,8,3,0,65,3,5000,1,0,1
EG_WAL_14994,Cairo,279,Verified_Tier1,14,5,0,40,6,500,0,0,0
EG_WAL_14995,Gharbia,589,Basic,18,6,1,26,1,2500,0,0,0
EG_WAL_14996,Cairo,146,Basic,10,3,0,58,4,1000,1,0,1
EG_WAL_14997,Cairo,574,Basic,8,2,0,64,6,1000,1,0,1
EG_WAL_14998,Gharbia,73,Basic,15,4,1,13,8,5000,0,0,0
EG_WAL_14999,Giza,538,Basic,18,4,1,34,9,2500,0,0,0
