"user_id","governorate","wallet_type","account_age_days","recency_days","monthly_txn_frequency","loan_amount_egp","failed_trans_last_30d","transaction_risk_tier","is_churned","is_defaulted","composite_churn_indicator"
"EG_WAL_10148","Cairo","Verified_Tier1",372,89,14,1000,0,"Low Risk",1,0,3
"EG_WAL_14596","Alexandria","Basic",234,89,18,1000,1,"Medium Risk",1,0,5
"EG_WAL_10135","Cairo","Basic",559,89,22,2500,0,"Low Risk",1,0,6
"EG_WAL_12601","Cairo","Verified_Tier1",411,89,14,5000,2,"Medium Risk",1,0,3
"EG_WAL_10277","Giza","Basic",425,89,14,5000,0,"Low Risk",1,0,3
"EG_WAL_11835","Alexandria","Basic",252,89,16,1000,0,"Low Risk",1,0,4
"EG_WAL_13991","Cairo","Verified_Tier1",410,89,21,500,0,"Low Risk",1,0,6
"EG_WAL_10998","Asyut","Basic",138,89,15,500,0,"Low Risk",1,0,4
"EG_WAL_12501","Alexandria","Verified_Tier1",52,89,15,500,0,"Low Risk",1,0,4
"EG_WAL_12616","Cairo","Basic",479,89,19,1000,2,"Medium Risk",1,0,5
"EG_WAL_11360","Asyut","Basic",689,89,13,5000,0,"Low Risk",1,0,3
"EG_WAL_11912","Asyut","Basic",663,89,18,5000,0,"Low Risk",1,0,5
"EG_WAL_12743","Cairo","Basic",349,89,11,5000,0,"Low Risk",1,0,2
"EG_WAL_13257","Cairo","Basic",620,89,18,2500,0,"Low Risk",1,0,5
"EG_WAL_11470","Giza","Basic",95,89,8,1000,0,"Low Risk",1,0,2
"EG_WAL_10028","Giza","Verified_Tier1",178,89,11,500,1,"Medium Risk",1,0,2
"EG_WAL_11251","Giza","Basic",472,89,13,500,1,"Medium Risk",1,0,2
"EG_WAL_12263","Giza","Verified_Tier1",595,89,21,5000,2,"Medium Risk",1,0,6
"EG_WAL_10019","Cairo","Basic",564,89,27,500,0,"Low Risk",1,0,6
"EG_WAL_10875","Cairo","Verified_Tier1",436,89,14,2500,0,"Low Risk",1,0,3
"EG_WAL_10730","Cairo","Basic",116,89,11,2500,2,"Medium Risk",1,0,2
"EG_WAL_10510","Giza","Basic",300,89,15,5000,1,"Medium Risk",1,0,3
"EG_WAL_12886","Giza","Verified_Tier1",192,89,17,2500,0,"Low Risk",1,0,4
"EG_WAL_10609","Alexandria","Verified_Tier1",361,89,23,500,0,"Low Risk",1,0,6
"EG_WAL_10411","Asyut","Verified_Tier1",682,89,15,1000,0,"Low Risk",1,0,4
"EG_WAL_12732","Cairo","Verified_Tier1",393,89,12,0,0,"Low Risk",1,0,2
"EG_WAL_11214","Alexandria","Merchant",675,89,13,1000,0,"Low Risk",1,0,3
"EG_WAL_10834","Giza","Basic",450,89,15,5000,1,"Medium Risk",1,0,4
"EG_WAL_10095","Giza","Basic",585,89,16,500,0,"Low Risk",1,0,4
"EG_WAL_12557","Cairo","Verified_Tier1",32,89,20,1000,1,"Medium Risk",1,0,6
"EG_WAL_10625","Cairo","Basic",565,89,13,1000,0,"Low Risk",1,0,2
"EG_WAL_11693","Cairo","Basic",242,89,18,2500,0,"Low Risk",1,0,5
"EG_WAL_10829","Giza","Basic",300,89,16,2500,0,"Low Risk",1,0,4
"EG_WAL_11064","Giza","Basic",58,89,17,1000,0,"Low Risk",1,0,4
"EG_WAL_13995","Giza","Basic",391,89,20,1000,0,"Low Risk",1,0,6
"EG_WAL_13161","Cairo","Basic",176,89,21,500,0,"Low Risk",1,0,6
"EG_WAL_14098","Cairo","Basic",61,89,17,2500,0,"Low Risk",1,0,4
"EG_WAL_11515","Cairo","Verified_Tier1",129,89,17,1000,0,"Low Risk",1,0,4
"EG_WAL_12684","Cairo","Basic",654,89,17,1000,0,"Low Risk",1,0,5
"EG_WAL_10340","Giza","Verified_Tier1",449,89,9,1000,0,"Low Risk",1,0,2
"EG_WAL_13110","Giza","Basic",259,89,15,1000,0,"Low Risk",1,0,4
"EG_WAL_11963","Cairo","Basic",142,89,21,5000,0,"Low Risk",1,0,6
"EG_WAL_11599","Gharbia","Basic",291,89,22,2500,0,"Low Risk",1,0,6
"EG_WAL_12340","Alexandria","Basic",599,89,13,5000,0,"Low Risk",1,0,3
"EG_WAL_14030","Alexandria","Basic",699,89,15,500,2,"Medium Risk",1,0,4
"EG_WAL_10357","Giza","Verified_Tier1",194,89,20,5000,0,"Low Risk",1,0,6
"EG_WAL_11592","Cairo","Basic",683,89,13,500,0,"Low Risk",1,0,3
"EG_WAL_14193","Alexandria","Basic",422,89,17,1000,1,"Medium Risk",1,0,5
"EG_WAL_11447","Gharbia","Basic",625,89,17,2500,0,"Low Risk",1,0,5
"EG_WAL_11877","Giza","Basic",165,89,17,2500,1,"Medium Risk",1,0,4
"EG_WAL_10006","Cairo","Verified_Tier1",184,89,17,0,2,"Medium Risk",1,0,5
"EG_WAL_10742","Alexandria","Basic",121,89,17,500,0,"Low Risk",1,0,4
"EG_WAL_12260","Alexandria","Basic",192,89,11,2500,1,"Medium Risk",1,0,2
"EG_WAL_12051","Giza","Basic",665,89,15,500,0,"Low Risk",1,0,3
"EG_WAL_10780","Alexandria","Basic",580,89,13,2500,0,"Low Risk",1,0,3
"EG_WAL_10136","Giza","Verified_Tier1",716,89,19,1000,0,"Low Risk",1,0,5
"EG_WAL_10208","Cairo","Basic",69,89,13,500,0,"Low Risk",1,0,3
"EG_WAL_12495","Giza","Basic",374,89,17,1000,0,"Low Risk",1,0,5
"EG_WAL_12926","Gharbia","Verified_Tier1",714,89,20,2500,1,"Medium Risk",1,0,6
"EG_WAL_12006","Giza","Basic",322,89,12,1000,0,"Low Risk",1,0,2
"EG_WAL_10163","Giza","Verified_Tier1",280,89,16,1000,1,"Medium Risk",1,0,4
"EG_WAL_13589","Cairo","Basic",449,89,8,500,0,"Low Risk",1,0,2
"EG_WAL_10883","Cairo","Basic",43,89,12,2500,0,"Low Risk",1,0,2
"EG_WAL_11487","Alexandria","Merchant",572,89,19,500,0,"Low Risk",1,0,5
"EG_WAL_11916","Gharbia","Verified_Tier1",192,89,15,1000,0,"Low Risk",1,0,4
"EG_WAL_12440","Giza","Basic",294,89,18,1000,0,"Low Risk",1,0,5
"EG_WAL_13621","Cairo","Basic",193,89,15,5000,0,"Low Risk",1,0,3
"EG_WAL_14001","Gharbia","Basic",250,89,21,1000,0,"Low Risk",1,0,6
"EG_WAL_13432","Alexandria","Verified_Tier1",33,89,24,5000,0,"Low Risk",1,0,6
"EG_WAL_10557","Cairo","Verified_Tier1",188,89,17,500,0,"Low Risk",1,0,5
"EG_WAL_11577","Giza","Verified_Tier1",124,89,16,500,0,"Low Risk",1,0,4
"EG_WAL_13181","Cairo","Verified_Tier1",490,89,19,1000,0,"Low Risk",1,0,5
"EG_WAL_14142","Cairo","Verified_Tier1",365,89,17,5000,0,"Low Risk",1,0,5
"EG_WAL_14855","Cairo","Basic",56,89,16,1000,0,"Low Risk",1,0,4
"EG_WAL_13970","Asyut","Verified_Tier1",712,89,15,500,1,"Medium Risk",1,0,4
"EG_WAL_11339","Cairo","Basic",203,89,26,0,0,"Low Risk",1,0,6
"EG_WAL_12855","Giza","Basic",422,89,19,2500,0,"Low Risk",1,0,5
"EG_WAL_12244","Gharbia","Verified_Tier1",411,88,14,1000,0,"Low Risk",1,0,3
"EG_WAL_12016","Cairo","Verified_Tier1",356,88,17,500,0,"Low Risk",1,0,4
"EG_WAL_13244","Alexandria","Basic",367,88,17,5000,2,"Medium Risk",1,0,4
"EG_WAL_11482","Giza","Verified_Tier1",55,88,10,0,1,"Medium Risk",1,0,2
"EG_WAL_12560","Alexandria","Basic",257,88,14,500,1,"Medium Risk",1,0,3
"EG_WAL_10803","Giza","Basic",538,88,12,2500,0,"Low Risk",1,0,2
"EG_WAL_12697","Cairo","Basic",672,88,21,0,0,"Low Risk",1,0,6
"EG_WAL_13511","Cairo","Verified_Tier1",686,88,10,1000,0,"Low Risk",1,0,2
"EG_WAL_14886","Cairo","Basic",504,88,25,500,1,"Medium Risk",1,0,6
"EG_WAL_14519","Cairo","Basic",187,88,12,0,0,"Low Risk",1,0,2
"EG_WAL_14297","Cairo","Basic",295,88,11,1000,1,"Medium Risk",1,0,2
"EG_WAL_11293","Alexandria","Verified_Tier1",693,88,19,2500,0,"Low Risk",1,0,5
"EG_WAL_13776","Gharbia","Verified_Tier1",431,88,17,1000,0,"Low Risk",1,0,5
"EG_WAL_14366","Cairo","Basic",649,88,17,500,2,"Medium Risk",1,0,5
"EG_WAL_10296","Alexandria","Verified_Tier1",463,88,10,5000,0,"Low Risk",1,0,2
"EG_WAL_12518","Alexandria","Basic",709,88,22,1000,0,"Low Risk",1,0,6
"EG_WAL_10566","Cairo","Verified_Tier1",30,88,17,1000,0,"Low Risk",1,0,5
"EG_WAL_14969","Giza","Basic",159,88,13,0,0,"Low Risk",1,0,3
"EG_WAL_13547","Giza","Basic",627,88,16,500,0,"Low Risk",1,0,4
"EG_WAL_10824","Giza","Basic",284,88,20,5000,0,"Low Risk",1,0,6
"EG_WAL_10107","Alexandria","Basic",295,88,14,1000,0,"Low Risk",1,0,3
"EG_WAL_13636","Asyut","Merchant",595,88,15,500,0,"Low Risk",1,0,3
"EG_WAL_12647","Giza","Verified_Tier1",275,88,17,5000,0,"Low Risk",1,0,5
"EG_WAL_11974","Cairo","Basic",206,88,15,1000,3,"Medium Risk",1,0,4
"EG_WAL_10726","Cairo","Merchant",664,88,23,2500,1,"Medium Risk",1,0,6
"EG_WAL_13250","Giza","Verified_Tier1",261,88,23,5000,1,"Medium Risk",1,0,6
"EG_WAL_11597","Cairo","Verified_Tier1",400,88,18,1000,1,"Medium Risk",1,0,5
"EG_WAL_13635","Giza","Basic",716,88,17,500,0,"Low Risk",1,0,5
"EG_WAL_10017","Giza","Basic",407,88,22,500,0,"Low Risk",1,0,6
"EG_WAL_10800","Alexandria","Basic",239,88,19,5000,0,"Low Risk",1,0,5
"EG_WAL_10662","Giza","Basic",610,88,19,0,0,"Low Risk",1,0,5
"EG_WAL_13602","Cairo","Verified_Tier1",44,88,23,500,1,"Medium Risk",1,0,6
"EG_WAL_10683","Alexandria","Basic",145,88,17,500,0,"Low Risk",1,0,4
"EG_WAL_13611","Cairo","Verified_Tier1",478,88,24,2500,3,"Medium Risk",1,0,6
"EG_WAL_14962","Cairo","Basic",130,88,21,500,0,"Low Risk",1,0,6
"EG_WAL_10064","Cairo","Basic",476,88,16,1000,0,"Low Risk",1,0,4
"EG_WAL_14613","Cairo","Verified_Tier1",171,88,16,1000,1,"Medium Risk",1,0,4
"EG_WAL_10870","Cairo","Basic",621,88,14,500,0,"Low Risk",1,0,3
"EG_WAL_11164","Cairo","Basic",307,88,19,1000,1,"Medium Risk",1,0,5
"EG_WAL_13477","Giza","Verified_Tier1",547,88,17,500,1,"Medium Risk",1,0,5
"EG_WAL_11219","Cairo","Verified_Tier1",245,88,17,5000,1,"Medium Risk",1,0,5
"EG_WAL_11977","Giza","Verified_Tier1",296,88,18,2500,0,"Low Risk",1,0,5
"EG_WAL_13190","Cairo","Basic",456,88,23,0,0,"Low Risk",1,0,6
"EG_WAL_11943","Alexandria","Verified_Tier1",68,88,18,2500,0,"Low Risk",1,0,5
"EG_WAL_11073","Cairo","Verified_Tier1",289,88,14,1000,1,"Medium Risk",1,0,3
"EG_WAL_13488","Cairo","Verified_Tier1",535,88,11,1000,0,"Low Risk",1,0,2
"EG_WAL_13107","Cairo","Verified_Tier1",168,88,22,1000,0,"Low Risk",1,0,6
"EG_WAL_14237","Alexandria","Basic",255,88,13,5000,0,"Low Risk",1,0,3
"EG_WAL_14588","Alexandria","Verified_Tier1",513,88,24,1000,0,"Low Risk",1,0,6
"EG_WAL_11200","Alexandria","Basic",162,88,20,5000,0,"Low Risk",1,0,6
"EG_WAL_11201","Cairo","Verified_Tier1",563,88,17,5000,0,"Low Risk",1,0,4
"EG_WAL_12793","Cairo","Basic",402,88,13,500,0,"Low Risk",1,0,3
"EG_WAL_13237","Asyut","Verified_Tier1",119,88,19,5000,0,"Low Risk",1,0,5
"EG_WAL_14755","Gharbia","Basic",81,88,12,500,0,"Low Risk",1,0,2
"EG_WAL_11319","Cairo","Basic",668,88,16,500,0,"Low Risk",1,0,4
"EG_WAL_14238","Alexandria","Basic",502,88,13,500,0,"Low Risk",1,0,3
"EG_WAL_14726","Asyut","Basic",484,88,17,500,0,"Low Risk",1,0,4
"EG_WAL_14302","Alexandria","Basic",281,88,9,2500,0,"Low Risk",1,0,2
"EG_WAL_10530","Gharbia","Basic",457,88,19,1000,0,"Low Risk",1,0,5
"EG_WAL_10749","Giza","Verified_Tier1",157,88,15,2500,0,"Low Risk",1,0,4
"EG_WAL_10918","Alexandria","Verified_Tier1",111,88,12,500,0,"Low Risk",1,0,2
"EG_WAL_11719","Cairo","Basic",184,87,17,0,0,"Low Risk",1,0,5
"EG_WAL_10451","Giza","Basic",465,87,12,1000,0,"Low Risk",1,0,2
"EG_WAL_10041","Giza","Basic",267,87,10,2500,0,"Low Risk",1,0,2
"EG_WAL_12321","Alexandria","Basic",357,87,18,2500,1,"Medium Risk",1,0,5
"EG_WAL_12415","Asyut","Verified_Tier1",650,87,14,500,1,"Medium Risk",1,0,3
"EG_WAL_12744","Giza","Basic",155,87,17,5000,4,"High Risk",1,0,5
"EG_WAL_11802","Cairo","Verified_Tier1",506,87,15,5000,0,"Low Risk",1,0,3
"EG_WAL_14203","Asyut","Verified_Tier1",282,87,14,2500,1,"Medium Risk",1,0,3
"EG_WAL_11166","Gharbia","Basic",520,87,14,500,1,"Medium Risk",1,0,3
"EG_WAL_10242","Asyut","Verified_Tier1",553,87,24,500,1,"Medium Risk",1,0,6
"EG_WAL_11905","Cairo","Basic",717,87,18,500,0,"Low Risk",1,0,5
"EG_WAL_11664","Asyut","Verified_Tier1",269,87,21,1000,0,"Low Risk",1,0,6
"EG_WAL_13024","Cairo","Basic",424,87,14,5000,0,"Low Risk",1,0,3
"EG_WAL_11471","Alexandria","Basic",678,87,14,1000,1,"Medium Risk",1,0,3
"EG_WAL_14794","Cairo","Basic",178,87,21,5000,0,"Low Risk",1,0,6
"EG_WAL_14124","Alexandria","Verified_Tier1",607,87,10,0,0,"Low Risk",1,0,2
"EG_WAL_11390","Cairo","Verified_Tier1",527,87,19,1000,1,"Medium Risk",1,0,5
"EG_WAL_14294","Cairo","Verified_Tier1",348,87,20,1000,2,"Medium Risk",1,0,6
"EG_WAL_14525","Giza","Basic",101,87,12,0,0,"Low Risk",1,0,2
"EG_WAL_11421","Giza","Basic",692,87,11,1000,1,"Medium Risk",1,0,2
"EG_WAL_12193","Giza","Basic",175,87,16,500,0,"Low Risk",1,0,4
"EG_WAL_14295","Cairo","Basic",246,87,15,0,1,"Medium Risk",1,0,4
"EG_WAL_12481","Gharbia","Basic",652,87,20,0,2,"Medium Risk",1,0,6
"EG_WAL_14563","Cairo","Basic",529,87,16,2500,0,"Low Risk",1,0,4
"EG_WAL_10511","Giza","Basic",448,87,21,2500,0,"Low Risk",1,0,6
"EG_WAL_12166","Giza","Basic",278,87,22,2500,0,"Low Risk",1,0,6
"EG_WAL_11302","Cairo","Verified_Tier1",333,87,13,1000,0,"Low Risk",1,0,3
"EG_WAL_13239","Giza","Basic",586,87,18,0,1,"Medium Risk",1,0,5
"EG_WAL_11965","Giza","Basic",157,87,17,500,2,"Medium Risk",1,0,4
"EG_WAL_14582","Alexandria","Basic",637,87,12,1000,0,"Low Risk",1,0,2
"EG_WAL_11449","Alexandria","Basic",373,87,15,5000,0,"Low Risk",1,0,3
"EG_WAL_13864","Cairo","Basic",195,87,16,5000,0,"Low Risk",1,0,4
"EG_WAL_14740","Alexandria","Basic",583,87,19,500,0,"Low Risk",1,0,5
"EG_WAL_10486","Cairo","Basic",453,87,14,1000,1,"Medium Risk",1,0,3
"EG_WAL_10637","Cairo","Verified_Tier1",649,87,14,1000,0,"Low Risk",1,0,3
"EG_WAL_10189","Cairo","Verified_Tier1",311,87,17,2500,1,"Medium Risk",1,0,4
"EG_WAL_14649","Cairo","Verified_Tier1",419,87,17,500,2,"Medium Risk",1,0,5
"EG_WAL_10969","Giza","Basic",567,87,21,0,0,"Low Risk",1,0,6
"EG_WAL_10283","Cairo","Basic",130,87,13,1000,0,"Low Risk",1,0,3
"EG_WAL_11477","Alexandria","Basic",130,87,20,0,0,"Low Risk",1,0,6
"EG_WAL_12195","Giza","Basic",343,87,18,0,3,"Medium Risk",1,0,5
"EG_WAL_11970","Cairo","Verified_Tier1",137,87,19,2500,1,"Medium Risk",1,0,5
"EG_WAL_12863","Giza","Basic",471,87,15,2500,0,"Low Risk",1,0,4
"EG_WAL_10966","Alexandria","Basic",288,87,16,2500,0,"Low Risk",1,0,4
"EG_WAL_12476","Cairo","Verified_Tier1",97,87,11,5000,0,"Low Risk",1,0,2
"EG_WAL_13654","Cairo","Merchant",48,87,15,500,0,"Low Risk",1,0,3
"EG_WAL_12441","Giza","Merchant",244,87,17,2500,0,"Low Risk",1,0,4
"EG_WAL_10477","Giza","Basic",641,87,19,2500,2,"Medium Risk",1,0,5
"EG_WAL_12792","Giza","Verified_Tier1",476,87,14,5000,0,"Low Risk",1,0,3
"EG_WAL_14368","Cairo","Basic",476,87,12,500,0,"Low Risk",1,0,2
"EG_WAL_13771","Asyut","Basic",377,87,19,500,2,"Medium Risk",1,0,5
"EG_WAL_14668","Alexandria","Verified_Tier1",376,87,18,500,0,"Low Risk",1,0,5
"EG_WAL_11858","Gharbia","Basic",451,87,19,0,0,"Low Risk",1,0,5
"EG_WAL_13359","Alexandria","Verified_Tier1",511,87,17,2500,1,"Medium Risk",1,0,4
"EG_WAL_14626","Cairo","Merchant",486,87,11,1000,0,"Low Risk",1,0,2
"EG_WAL_12229","Cairo","Basic",319,87,14,1000,0,"Low Risk",1,0,3
"EG_WAL_12880","Cairo","Verified_Tier1",394,87,11,2500,0,"Low Risk",1,0,2
"EG_WAL_12592","Giza","Verified_Tier1",505,86,14,0,0,"Low Risk",1,0,3
"EG_WAL_10436","Cairo","Verified_Tier1",634,86,10,0,0,"Low Risk",1,0,2
"EG_WAL_10881","Alexandria","Basic",707,86,20,500,0,"Low Risk",1,0,6
"EG_WAL_14604","Alexandria","Verified_Tier1",669,86,20,5000,0,"Low Risk",1,0,6
"EG_WAL_10797","Giza","Basic",515,86,10,500,0,"Low Risk",1,0,2
"EG_WAL_14465","Cairo","Verified_Tier1",613,86,12,5000,0,"Low Risk",1,0,2
"EG_WAL_13855","Cairo","Basic",325,86,21,1000,0,"Low Risk",1,0,6
"EG_WAL_13178","Gharbia","Basic",195,86,13,500,0,"Low Risk",1,0,3
"EG_WAL_10469","Asyut","Basic",71,86,13,500,0,"Low Risk",1,0,3
"EG_WAL_12991","Gharbia","Basic",371,86,11,1000,0,"Low Risk",1,0,2
"EG_WAL_14860","Giza","Merchant",282,86,16,2500,0,"Low Risk",1,0,4
"EG_WAL_14402","Cairo","Verified_Tier1",591,86,22,5000,0,"Low Risk",1,0,6
"EG_WAL_13625","Cairo","Verified_Tier1",702,86,15,2500,1,"Medium Risk",1,0,3
"EG_WAL_11917","Giza","Verified_Tier1",255,86,16,0,2,"Medium Risk",1,0,4
"EG_WAL_11123","Gharbia","Verified_Tier1",500,86,18,0,2,"Medium Risk",1,0,5
"EG_WAL_12570","Giza","Basic",139,86,8,2500,2,"Medium Risk",1,0,2
"EG_WAL_10493","Cairo","Basic",225,86,14,5000,0,"Low Risk",1,0,3
"EG_WAL_14764","Giza","Merchant",306,86,19,2500,0,"Low Risk",1,0,5
"EG_WAL_12513","Giza","Basic",485,86,17,500,0,"Low Risk",1,0,5
"EG_WAL_10932","Asyut","Basic",507,86,14,2500,3,"Medium Risk",1,0,3
"EG_WAL_14575","Cairo","Verified_Tier1",631,86,18,1000,0,"Low Risk",1,0,5
"EG_WAL_14041","Cairo","Basic",117,86,20,5000,0,"Low Risk",1,0,6
"EG_WAL_11722","Cairo","Verified_Tier1",529,86,14,500,0,"Low Risk",1,0,3
"EG_WAL_14040","Gharbia","Verified_Tier1",543,86,20,1000,2,"Medium Risk",1,0,6
"EG_WAL_10991","Alexandria","Basic",624,86,15,2500,2,"Medium Risk",1,0,4
"EG_WAL_10973","Cairo","Basic",31,86,21,2500,2,"Medium Risk",1,0,6
"EG_WAL_11931","Giza","Merchant",633,86,20,2500,0,"Low Risk",1,0,6
"EG_WAL_10177","Cairo","Basic",119,86,18,5000,0,"Low Risk",1,0,5
"EG_WAL_13800","Cairo","Verified_Tier1",625,86,15,5000,0,"Low Risk",1,0,4
"EG_WAL_12170","Alexandria","Basic",463,86,16,2500,0,"Low Risk",1,0,4
"EG_WAL_14137","Cairo","Basic",589,86,11,500,1,"Medium Risk",1,0,2
"EG_WAL_14666","Cairo","Basic",705,86,13,500,1,"Medium Risk",1,0,3
"EG_WAL_14389","Cairo","Basic",685,86,10,5000,0,"Low Risk",1,0,2
"EG_WAL_13027","Giza","Basic",603,86,20,1000,1,"Medium Risk",1,0,6
"EG_WAL_12779","Cairo","Basic",181,86,14,2500,2,"Medium Risk",1,0,3
"EG_WAL_14266","Giza","Verified_Tier1",122,86,14,2500,0,"Low Risk",1,0,3
"EG_WAL_10533","Giza","Basic",191,86,12,1000,2,"Medium Risk",1,0,2
"EG_WAL_13663","Cairo","Verified_Tier1",212,86,12,1000,0,"Low Risk",1,0,2
"EG_WAL_13690","Gharbia","Verified_Tier1",449,86,17,0,0,"Low Risk",1,0,4
"EG_WAL_12834","Cairo","Verified_Tier1",305,85,17,1000,0,"Low Risk",1,0,5
"EG_WAL_10979","Giza","Basic",705,85,15,5000,0,"Low Risk",1,0,4
"EG_WAL_13286","Cairo","Basic",692,85,16,5000,2,"Medium Risk",1,0,4
"EG_WAL_12631","Alexandria","Basic",336,85,15,2500,0,"Low Risk",1,0,4
"EG_WAL_14571","Alexandria","Verified_Tier1",414,85,26,1000,0,"Low Risk",1,0,6
"EG_WAL_10862","Giza","Merchant",527,85,13,500,1,"Medium Risk",1,0,3
"EG_WAL_11934","Alexandria","Basic",678,85,14,500,1,"Medium Risk",1,0,3
"EG_WAL_14044","Giza","Basic",619,85,13,5000,0,"Low Risk",1,0,3
"EG_WAL_13617","Gharbia","Verified_Tier1",172,85,11,2500,0,"Low Risk",1,0,2
"EG_WAL_14636","Cairo","Basic",244,85,13,5000,0,"Low Risk",1,0,3
"EG_WAL_11634","Asyut","Basic",334,85,26,2500,0,"Low Risk",1,0,6
"EG_WAL_12355","Cairo","Merchant",582,85,21,1000,0,"Low Risk",1,0,6
"EG_WAL_10693","Cairo","Verified_Tier1",561,85,15,1000,0,"Low Risk",1,0,3
"EG_WAL_11711","Cairo","Basic",212,85,9,500,0,"Low Risk",1,0,2
"EG_WAL_13245","Cairo","Basic",200,85,9,1000,2,"Medium Risk",1,0,2
"EG_WAL_13208","Giza","Basic",572,85,18,500,1,"Medium Risk",1,0,5
"EG_WAL_13599","Alexandria","Basic",608,85,23,2500,2,"Medium Risk",1,0,6
"EG_WAL_12399","Giza","Basic",134,85,11,5000,0,"Low Risk",1,0,2
"EG_WAL_10015","Cairo","Basic",221,85,19,500,0,"Low Risk",1,0,5
"EG_WAL_14248","Giza","Basic",378,85,13,1000,0,"Low Risk",1,0,3
"EG_WAL_13512","Asyut","Basic",605,85,13,1000,0,"Low Risk",1,0,2
"EG_WAL_13575","Cairo","Verified_Tier1",118,85,22,2500,0,"Low Risk",1,0,6
"EG_WAL_10199","Alexandria","Merchant",546,85,14,2500,0,"Low Risk",1,0,3
"EG_WAL_13363","Cairo","Basic",541,85,24,500,0,"Low Risk",1,0,6
"EG_WAL_10302","Giza","Verified_Tier1",657,85,16,0,1,"Medium Risk",1,0,4
"EG_WAL_13437","Giza","Basic",612,85,12,2500,0,"Low Risk",1,0,2
"EG_WAL_12268","Cairo","Verified_Tier1",167,85,17,2500,0,"Low Risk",1,0,4
"EG_WAL_12448","Cairo","Basic",379,85,15,2500,0,"Low Risk",1,0,4
"EG_WAL_10740","Giza","Basic",493,85,17,500,0,"Low Risk",1,0,4
"EG_WAL_13329","Alexandria","Merchant",508,85,13,2500,1,"Medium Risk",1,0,3
"EG_WAL_10142","Giza","Basic",651,85,12,1000,1,"Medium Risk",1,0,2
"EG_WAL_13353","Giza","Basic",666,85,18,5000,0,"Low Risk",1,0,5
"EG_WAL_13320","Giza","Verified_Tier1",109,85,13,2500,1,"Medium Risk",1,0,3
"EG_WAL_11189","Alexandria","Verified_Tier1",638,85,18,2500,0,"Low Risk",1,0,5
"EG_WAL_13746","Alexandria","Verified_Tier1",692,85,19,500,0,"Low Risk",1,0,5
"EG_WAL_10591","Giza","Basic",527,85,16,500,0,"Low Risk",1,0,4
"EG_WAL_14978","Cairo","Basic",377,85,15,1000,0,"Low Risk",1,0,3
"EG_WAL_14861","Gharbia","Basic",414,85,25,5000,0,"Low Risk",1,0,6
"EG_WAL_14678","Alexandria","Basic",602,85,15,0,0,"Low Risk",1,0,3
"EG_WAL_13484","Giza","Basic",474,85,15,5000,0,"Low Risk",1,0,3
"EG_WAL_13745","Cairo","Verified_Tier1",715,85,14,2500,1,"Medium Risk",1,0,3
"EG_WAL_14107","Cairo","Merchant",115,85,23,1000,1,"Medium Risk",1,0,6
"EG_WAL_14492","Giza","Basic",157,85,19,1000,0,"Low Risk",1,0,5
"EG_WAL_14608","Asyut","Basic",586,85,17,0,1,"Medium Risk",1,0,4
"EG_WAL_14798","Cairo","Basic",422,85,15,5000,0,"Low Risk",1,0,4
"EG_WAL_12493","Cairo","Basic",695,85,20,1000,1,"Medium Risk",1,0,6
"EG_WAL_14002","Alexandria","Verified_Tier1",120,85,10,2500,1,"Medium Risk",1,0,2
"EG_WAL_12712","Cairo","Basic",641,85,17,1000,0,"Low Risk",1,0,5
"EG_WAL_11514","Cairo","Basic",525,85,13,500,0,"Low Risk",1,0,3
"EG_WAL_11258","Cairo","Basic",358,85,15,500,0,"Low Risk",1,0,4
"EG_WAL_12081","Cairo","Verified_Tier1",510,85,13,500,0,"Low Risk",1,0,3
"EG_WAL_14052","Gharbia","Verified_Tier1",572,85,21,2500,1,"Medium Risk",1,0,6
"EG_WAL_12219","Cairo","Basic",646,85,17,500,1,"Medium Risk",1,0,5
"EG_WAL_12589","Alexandria","Verified_Tier1",643,84,16,500,2,"Medium Risk",1,0,4
"EG_WAL_14938","Alexandria","Basic",545,84,13,0,0,"Low Risk",1,0,3
"EG_WAL_14778","Cairo","Basic",348,84,13,2500,0,"Low Risk",1,0,3
"EG_WAL_13533","Cairo","Verified_Tier1",96,84,16,0,0,"Low Risk",1,0,4
"EG_WAL_10821","Cairo","Basic",247,84,6,500,0,"Low Risk",1,0,2
"EG_WAL_13509","Cairo","Basic",173,84,16,500,0,"Low Risk",1,0,4
"EG_WAL_13373","Alexandria","Verified_Tier1",247,84,18,500,0,"Low Risk",1,0,5
"EG_WAL_11530","Cairo","Basic",300,84,21,1000,0,"Low Risk",1,0,6
"EG_WAL_12452","Giza","Basic",613,84,13,0,1,"Medium Risk",1,0,3
"EG_WAL_10172","Giza","Basic",443,84,14,5000,0,"Low Risk",1,0,3
"EG_WAL_12655","Giza","Basic",49,84,16,5000,1,"Medium Risk",1,0,4
"EG_WAL_10520","Giza","Basic",551,84,22,5000,2,"Medium Risk",1,0,6
"EG_WAL_12692","Cairo","Basic",512,84,8,500,1,"Medium Risk",1,0,2
"EG_WAL_10572","Cairo","Verified_Tier1",649,84,14,500,1,"Medium Risk",1,0,3
"EG_WAL_14647","Cairo","Verified_Tier1",204,84,18,1000,0,"Low Risk",1,0,5
"EG_WAL_14901","Giza","Basic",322,84,22,2500,0,"Low Risk",1,0,6
"EG_WAL_12105","Cairo","Basic",708,84,16,500,1,"Medium Risk",1,0,4
"EG_WAL_14391","Giza","Verified_Tier1",675,84,16,1000,2,"Medium Risk",1,0,4
"EG_WAL_11456","Alexandria","Basic",621,84,26,1000,0,"Low Risk",1,0,6
"EG_WAL_11491","Cairo","Basic",261,84,14,2500,1,"Medium Risk",1,0,3
"EG_WAL_11575","Cairo","Basic",541,84,14,2500,0,"Low Risk",1,0,3
"EG_WAL_13944","Cairo","Verified_Tier1",180,84,17,2500,1,"Medium Risk",1,0,5
"EG_WAL_11967","Cairo","Basic",423,84,17,5000,0,"Low Risk",1,0,4
"EG_WAL_12705","Gharbia","Basic",498,84,12,5000,0,"Low Risk",1,0,2
"EG_WAL_10361","Giza","Verified_Tier1",432,84,17,5000,0,"Low Risk",1,0,5
"EG_WAL_12428","Cairo","Basic",549,84,14,5000,0,"Low Risk",1,0,3
"EG_WAL_10623","Giza","Verified_Tier1",354,84,18,2500,0,"Low Risk",1,0,5
"EG_WAL_12475","Gharbia","Basic",583,84,14,5000,0,"Low Risk",1,0,3
"EG_WAL_11492","Cairo","Basic",449,84,25,1000,0,"Low Risk",1,0,6
"EG_WAL_13187","Cairo","Merchant",647,84,15,5000,0,"Low Risk",1,0,4
"EG_WAL_14357","Giza","Basic",157,84,18,1000,0,"Low Risk",1,0,5
"EG_WAL_13773","Alexandria","Basic",73,84,22,5000,2,"Medium Risk",1,0,6
"EG_WAL_11263","Giza","Basic",150,84,23,0,0,"Low Risk",1,0,6
"EG_WAL_13042","Cairo","Basic",234,84,14,5000,1,"Medium Risk",1,0,3
"EG_WAL_13520","Cairo","Basic",591,84,18,1000,0,"Low Risk",1,0,5
"EG_WAL_10463","Giza","Basic",351,84,12,1000,0,"Low Risk",1,0,2
"EG_WAL_13362","Alexandria","Basic",595,84,14,1000,0,"Low Risk",1,0,3
"EG_WAL_14026","Cairo","Basic",278,84,21,1000,0,"Low Risk",1,0,6
"EG_WAL_11222","Giza","Verified_Tier1",101,84,16,0,0,"Low Risk",1,0,4
"EG_WAL_12416","Cairo","Verified_Tier1",648,84,10,2500,1,"Medium Risk",1,0,2
"EG_WAL_12797","Giza","Basic",353,84,17,1000,0,"Low Risk",1,0,4
"EG_WAL_13692","Alexandria","Basic",617,84,16,1000,1,"Medium Risk",1,0,4
"EG_WAL_14373","Cairo","Basic",333,84,14,0,0,"Low Risk",1,0,3
"EG_WAL_11411","Cairo","Verified_Tier1",175,84,24,1000,0,"Low Risk",1,0,6
"EG_WAL_11907","Cairo","Basic",637,84,15,5000,1,"Medium Risk",1,0,4
"EG_WAL_14245","Asyut","Basic",83,84,24,500,0,"Low Risk",1,0,6
"EG_WAL_12551","Cairo","Verified_Tier1",443,84,15,500,0,"Low Risk",1,0,4
"EG_WAL_14975","Giza","Merchant",608,84,14,1000,2,"Medium Risk",1,0,3
"EG_WAL_11048","Gharbia","Verified_Tier1",41,84,18,1000,0,"Low Risk",1,0,5
"EG_WAL_11025","Giza","Basic",272,84,15,2500,0,"Low Risk",1,0,4
"EG_WAL_10968","Giza","Basic",78,84,17,5000,0,"Low Risk",1,0,5
"EG_WAL_12618","Gharbia","Basic",72,84,20,0,0,"Low Risk",1,0,6
"EG_WAL_14007","Giza","Basic",349,84,11,5000,3,"Medium Risk",1,0,2
"EG_WAL_14501","Giza","Verified_Tier1",429,84,11,0,2,"Medium Risk",1,0,2
"EG_WAL_10375","Cairo","Verified_Tier1",609,84,11,1000,0,"Low Risk",1,0,2
"EG_WAL_13476","Asyut","Merchant",233,83,10,2500,0,"Low Risk",1,0,2
"EG_WAL_13529","Giza","Basic",46,83,15,5000,3,"Medium Risk",1,0,3
"EG_WAL_13576","Cairo","Basic",237,83,19,2500,0,"Low Risk",1,0,6
"EG_WAL_12865","Giza","Basic",251,83,6,0,0,"Low Risk",1,0,2
"EG_WAL_10112","Asyut","Basic",411,83,16,500,2,"Medium Risk",1,0,4
"EG_WAL_11418","Giza","Verified_Tier1",256,83,10,1000,1,"Medium Risk",1,0,2
"EG_WAL_12602","Alexandria","Verified_Tier1",599,83,22,1000,0,"Low Risk",1,0,6
"EG_WAL_11892","Gharbia","Verified_Tier1",405,83,11,2500,1,"Medium Risk",1,0,2
"EG_WAL_14133","Giza","Verified_Tier1",294,83,17,500,0,"Low Risk",1,0,5
"EG_WAL_11137","Giza","Verified_Tier1",359,83,20,500,1,"Medium Risk",1,0,6
"EG_WAL_13910","Cairo","Basic",125,83,19,1000,2,"Medium Risk",1,0,5
"EG_WAL_12913","Asyut","Basic",338,83,19,500,1,"Medium Risk",1,0,5
"EG_WAL_13331","Alexandria","Basic",416,83,12,5000,0,"Low Risk",1,0,2
"EG_WAL_13318","Gharbia","Basic",354,83,19,1000,1,"Medium Risk",1,0,6
"EG_WAL_14360","Cairo","Verified_Tier1",667,83,11,0,0,"Low Risk",1,0,2
"EG_WAL_11458","Cairo","Basic",301,83,19,1000,0,"Low Risk",1,0,5
"EG_WAL_12221","Giza","Basic",543,83,12,5000,0,"Low Risk",1,0,2
"EG_WAL_12805","Asyut","Verified_Tier1",223,83,20,2500,1,"Medium Risk",1,0,6
"EG_WAL_10076","Alexandria","Basic",37,83,16,2500,0,"Low Risk",1,0,4
"EG_WAL_11044","Gharbia","Verified_Tier1",169,83,14,0,0,"Low Risk",1,0,3
"EG_WAL_12335","Cairo","Verified_Tier1",618,83,21,1000,0,"Low Risk",1,0,6
"EG_WAL_10415","Giza","Verified_Tier1",584,83,24,5000,1,"Medium Risk",1,0,6
"EG_WAL_13210","Cairo","Verified_Tier1",109,83,26,1000,1,"Medium Risk",1,0,6
"EG_WAL_11300","Cairo","Basic",535,83,15,5000,0,"Low Risk",1,0,3
"EG_WAL_11958","Giza","Basic",676,83,12,5000,1,"Medium Risk",1,0,2
"EG_WAL_14511","Giza","Basic",612,83,24,500,0,"Low Risk",1,0,6
"EG_WAL_14025","Gharbia","Verified_Tier1",225,83,7,500,0,"Low Risk",1,0,2
"EG_WAL_12847","Cairo","Basic",578,83,17,500,1,"Medium Risk",1,0,5
"EG_WAL_11173","Cairo","Basic",144,83,18,1000,0,"Low Risk",1,0,5
"EG_WAL_11002","Gharbia","Verified_Tier1",385,83,12,1000,1,"Medium Risk",1,0,2
"EG_WAL_13386","Cairo","Basic",501,83,18,5000,0,"Low Risk",1,0,5
"EG_WAL_11683","Gharbia","Merchant",148,83,19,5000,0,"Low Risk",1,0,5
"EG_WAL_11337","Alexandria","Basic",452,83,12,5000,0,"Low Risk",1,0,2
"EG_WAL_14349","Giza","Basic",537,83,15,2500,1,"Medium Risk",1,0,4
"EG_WAL_13083","Giza","Basic",672,83,21,5000,0,"Low Risk",1,0,6
"EG_WAL_14429","Alexandria","Basic",682,83,20,500,0,"Low Risk",1,0,6
"EG_WAL_11619","Alexandria","Merchant",634,83,26,5000,2,"Medium Risk",1,0,6
"EG_WAL_13009","Cairo","Verified_Tier1",246,83,18,5000,2,"Medium Risk",1,0,5
"EG_WAL_11062","Alexandria","Basic",38,83,16,0,1,"Medium Risk",1,0,4
"EG_WAL_13171","Cairo","Verified_Tier1",697,83,16,500,0,"Low Risk",1,0,4
"EG_WAL_12372","Alexandria","Verified_Tier1",471,83,7,500,0,"Low Risk",1,0,2
"EG_WAL_12812","Alexandria","Basic",44,83,12,5000,0,"Low Risk",1,0,2
"EG_WAL_14285","Giza","Verified_Tier1",576,83,9,1000,0,"Low Risk",1,0,2
"EG_WAL_14725","Cairo","Basic",675,83,8,1000,0,"Low Risk",1,0,2
"EG_WAL_10355","Giza","Basic",697,83,18,0,0,"Low Risk",1,0,5
"EG_WAL_14300","Cairo","Basic",706,83,14,2500,1,"Medium Risk",1,0,3
"EG_WAL_11546","Gharbia","Verified_Tier1",147,83,12,500,0,"Low Risk",1,0,2
"EG_WAL_11298","Giza","Basic",570,82,11,0,1,"Medium Risk",1,0,2
"EG_WAL_13608","Asyut","Basic",456,82,15,1000,1,"Medium Risk",1,0,3
"EG_WAL_11354","Giza","Basic",418,82,13,0,0,"Low Risk",1,0,3
"EG_WAL_14490","Cairo","Verified_Tier1",285,82,13,5000,0,"Low Risk",1,0,3
"EG_WAL_13449","Cairo","Basic",657,82,15,1000,0,"Low Risk",1,0,3
"EG_WAL_10121","Gharbia","Verified_Tier1",209,82,8,0,0,"Low Risk",1,0,2
"EG_WAL_12889","Gharbia","Verified_Tier1",394,82,11,5000,0,"Low Risk",1,0,2
"EG_WAL_11623","Asyut","Verified_Tier1",495,82,11,1000,1,"Medium Risk",1,0,2
"EG_WAL_14082","Giza","Basic",221,82,11,500,1,"Medium Risk",1,0,2
"EG_WAL_11701","Giza","Verified_Tier1",461,82,17,500,1,"Medium Risk",1,0,5
"EG_WAL_11399","Alexandria","Verified_Tier1",413,82,16,5000,1,"Medium Risk",1,0,4
"EG_WAL_13729","Giza","Verified_Tier1",704,82,18,0,1,"Medium Risk",1,0,5
"EG_WAL_14198","Giza","Verified_Tier1",475,82,12,2500,0,"Low Risk",1,0,2
"EG_WAL_10333","Cairo","Basic",109,82,12,2500,0,"Low Risk",1,0,2
"EG_WAL_10519","Cairo","Verified_Tier1",670,82,12,0,0,"Low Risk",1,0,2
"EG_WAL_13558","Cairo","Verified_Tier1",88,82,19,5000,0,"Low Risk",1,0,5
"EG_WAL_14404","Asyut","Verified_Tier1",121,82,13,2500,1,"Medium Risk",1,0,3
"EG_WAL_14164","Giza","Verified_Tier1",555,82,21,1000,0,"Low Risk",1,0,6
"EG_WAL_14205","Giza","Verified_Tier1",122,82,14,1000,0,"Low Risk",1,0,3
"EG_WAL_14696","Giza","Basic",664,82,15,2500,0,"Low Risk",1,0,4
"EG_WAL_10395","Asyut","Basic",59,82,13,5000,0,"Low Risk",1,0,3
"EG_WAL_14700","Cairo","Verified_Tier1",435,82,10,500,1,"Medium Risk",1,0,2
"EG_WAL_10034","Asyut","Basic",660,82,18,5000,2,"Medium Risk",1,0,5
"EG_WAL_13105","Giza","Verified_Tier1",300,82,15,2500,0,"Low Risk",1,0,4
"EG_WAL_14752","Alexandria","Basic",261,82,14,500,0,"Low Risk",1,0,3
"EG_WAL_11691","Giza","Basic",176,82,10,2500,0,"Low Risk",1,0,2
"EG_WAL_12860","Gharbia","Basic",346,82,19,1000,0,"Low Risk",1,0,5
"EG_WAL_12917","Gharbia","Basic",42,82,18,2500,0,"Low Risk",1,0,5
"EG_WAL_11803","Cairo","Basic",469,82,18,500,0,"Low Risk",1,0,5
"EG_WAL_10754","Cairo","Basic",216,82,12,5000,0,"Low Risk",1,0,2
"EG_WAL_13141","Asyut","Basic",502,82,12,500,0,"Low Risk",1,0,2
"EG_WAL_11524","Giza","Basic",570,82,16,2500,1,"Medium Risk",1,0,4
"EG_WAL_10899","Cairo","Basic",71,82,17,5000,0,"Low Risk",1,0,4
"EG_WAL_11188","Cairo","Merchant",258,82,10,1000,1,"Medium Risk",1,0,2
"EG_WAL_14363","Giza","Basic",599,82,10,500,0,"Low Risk",1,0,2
"EG_WAL_13157","Cairo","Basic",576,82,24,5000,1,"Medium Risk",1,0,6
"EG_WAL_13876","Cairo","Verified_Tier1",648,82,16,5000,0,"Low Risk",1,0,4
"EG_WAL_14762","Alexandria","Verified_Tier1",411,82,12,500,0,"Low Risk",1,0,2
"EG_WAL_10556","Cairo","Basic",179,82,20,2500,0,"Low Risk",1,0,6
"EG_WAL_10521","Cairo","Basic",76,82,21,1000,0,"Low Risk",1,0,6
"EG_WAL_14981","Cairo","Basic",131,82,13,5000,2,"Medium Risk",1,0,3
"EG_WAL_14307","Giza","Basic",407,82,17,500,0,"Low Risk",1,0,5
"EG_WAL_11797","Cairo","Basic",444,82,15,1000,0,"Low Risk",1,0,3
"EG_WAL_11006","Alexandria","Basic",210,82,21,2500,0,"Low Risk",1,0,6
"EG_WAL_13829","Cairo","Basic",325,82,26,500,0,"Low Risk",1,0,6
"EG_WAL_10650","Cairo","Basic",95,82,22,0,1,"Medium Risk",1,0,6
"EG_WAL_11915","Alexandria","Basic",145,82,21,500,0,"Low Risk",1,0,6
"EG_WAL_13939","Giza","Verified_Tier1",234,82,22,0,0,"Low Risk",1,0,6
"EG_WAL_13182","Cairo","Verified_Tier1",488,82,23,1000,0,"Low Risk",1,0,6
"EG_WAL_12223","Cairo","Basic",72,82,12,500,0,"Low Risk",1,0,2
"EG_WAL_11661","Giza","Verified_Tier1",396,82,13,0,0,"Low Risk",1,0,3
"EG_WAL_11277","Asyut","Verified_Tier1",53,82,12,2500,0,"Low Risk",1,0,2
"EG_WAL_11662","Asyut","Basic",279,82,13,1000,0,"Low Risk",1,0,3
"EG_WAL_13763","Cairo","Basic",393,82,17,5000,0,"Low Risk",1,0,5
"EG_WAL_13733","Giza","Verified_Tier1",612,82,11,500,2,"Medium Risk",1,0,2
"EG_WAL_14253","Giza","Basic",389,82,22,5000,1,"Medium Risk",1,0,6
"EG_WAL_11420","Cairo","Verified_Tier1",570,82,18,0,1,"Medium Risk",1,0,5
"EG_WAL_14632","Gharbia","Verified_Tier1",638,82,18,0,0,"Low Risk",1,0,5
"EG_WAL_13248","Gharbia","Basic",329,82,18,2500,1,"Medium Risk",1,0,5
"EG_WAL_12243","Asyut","Basic",315,82,8,1000,0,"Low Risk",1,0,2
"EG_WAL_11204","Giza","Basic",702,82,18,500,1,"Medium Risk",1,0,5
"EG_WAL_13334","Gharbia","Basic",441,82,16,500,0,"Low Risk",1,0,4
"EG_WAL_14785","Cairo","Basic",226,82,13,5000,1,"Medium Risk",1,0,3
"EG_WAL_10139","Asyut","Basic",625,82,14,1000,0,"Low Risk",1,0,3
"EG_WAL_12533","Cairo","Merchant",704,82,17,1000,0,"Low Risk",1,0,5
"EG_WAL_11839","Cairo","Verified_Tier1",711,82,21,500,0,"Low Risk",1,0,6
"EG_WAL_13717","Cairo","Basic",463,81,9,0,0,"Low Risk",1,0,2
"EG_WAL_11264","Cairo","Verified_Tier1",635,81,19,2500,1,"Medium Risk",1,0,5
"EG_WAL_14757","Alexandria","Basic",425,81,8,5000,0,"Low Risk",1,0,2
"EG_WAL_14343","Gharbia","Basic",428,81,16,1000,2,"Medium Risk",1,0,4
"EG_WAL_13943","Cairo","Verified_Tier1",309,81,26,2500,0,"Low Risk",1,0,6
"EG_WAL_10844","Cairo","Basic",119,81,16,1000,0,"Low Risk",1,0,4
"EG_WAL_11705","Cairo","Verified_Tier1",251,81,9,5000,2,"Medium Risk",1,0,2
"EG_WAL_10300","Cairo","Basic",365,81,18,5000,0,"Low Risk",1,0,5
"EG_WAL_12418","Cairo","Basic",398,81,16,2500,0,"Low Risk",1,0,4
"EG_WAL_11389","Giza","Basic",45,81,16,500,1,"Medium Risk",1,0,4
"EG_WAL_11423","Cairo","Basic",462,81,10,2500,0,"Low Risk",1,0,2
"EG_WAL_10525","Giza","Basic",175,81,16,500,0,"Low Risk",1,0,4
"EG_WAL_10528","Cairo","Basic",708,81,16,0,0,"Low Risk",1,0,4
"EG_WAL_13989","Gharbia","Basic",151,81,15,2500,0,"Low Risk",1,0,4
"EG_WAL_10471","Asyut","Merchant",358,81,20,0,0,"Low Risk",1,0,6
"EG_WAL_10945","Cairo","Basic",569,81,15,500,0,"Low Risk",1,0,4
"EG_WAL_12490","Cairo","Basic",133,81,18,500,0,"Low Risk",1,0,5
"EG_WAL_13298","Cairo","Basic",296,81,11,1000,0,"Low Risk",1,0,2
"EG_WAL_14959","Alexandria","Verified_Tier1",496,81,11,2500,0,"Low Risk",1,0,2
"EG_WAL_12178","Alexandria","Basic",282,81,20,500,0,"Low Risk",1,0,6
"EG_WAL_12196","Giza","Basic",213,81,18,500,2,"Medium Risk",1,0,5
"EG_WAL_10925","Cairo","Basic",565,81,29,2500,0,"Low Risk",1,0,6
"EG_WAL_11439","Alexandria","Basic",559,81,18,1000,0,"Low Risk",1,0,5
"EG_WAL_12013","Cairo","Basic",238,81,15,2500,2,"Medium Risk",1,0,3
"EG_WAL_14712","Cairo","Basic",589,81,14,5000,0,"Low Risk",1,0,3
"EG_WAL_11410","Cairo","Basic",334,81,12,500,2,"Medium Risk",1,0,2
"EG_WAL_12168","Alexandria","Verified_Tier1",350,81,17,1000,0,"Low Risk",1,0,5
"EG_WAL_14444","Giza","Verified_Tier1",309,81,12,500,0,"Low Risk",1,0,2
"EG_WAL_13711","Alexandria","Verified_Tier1",485,81,14,500,2,"Medium Risk",1,0,3
"EG_WAL_13997","Cairo","Verified_Tier1",492,81,21,2500,0,"Low Risk",1,0,6
"EG_WAL_12747","Cairo","Verified_Tier1",118,81,17,5000,0,"Low Risk",1,0,5
"EG_WAL_13640","Cairo","Verified_Tier1",38,81,23,1000,0,"Low Risk",1,0,6
"EG_WAL_13562","Cairo","Verified_Tier1",124,81,14,2500,0,"Low Risk",1,0,3
"EG_WAL_10464","Asyut","Basic",304,81,12,1000,0,"Low Risk",1,0,2
"EG_WAL_10021","Cairo","Basic",38,81,17,500,2,"Medium Risk",1,0,4
"EG_WAL_10627","Alexandria","Basic",545,81,12,5000,0,"Low Risk",1,0,2
"EG_WAL_12869","Cairo","Basic",598,81,14,500,0,"Low Risk",1,0,3
"EG_WAL_12561","Alexandria","Verified_Tier1",683,81,14,5000,0,"Low Risk",1,0,3
"EG_WAL_12664","Giza","Basic",301,81,21,5000,0,"Low Risk",1,0,6
"EG_WAL_11988","Giza","Verified_Tier1",623,81,14,1000,0,"Low Risk",1,0,3
"EG_WAL_11869","Alexandria","Basic",81,81,14,0,0,"Low Risk",1,0,3
"EG_WAL_11764","Cairo","Basic",142,81,14,1000,4,"High Risk",1,1,3
"EG_WAL_11727","Asyut","Basic",327,81,14,2500,1,"Medium Risk",1,0,3
"EG_WAL_12519","Alexandria","Basic",407,81,21,1000,0,"Low Risk",1,0,6
"EG_WAL_11496","Giza","Verified_Tier1",138,81,14,1000,1,"Medium Risk",1,0,3
"EG_WAL_11469","Alexandria","Basic",694,81,14,2500,0,"Low Risk",1,0,3
"EG_WAL_13486","Cairo","Merchant",416,81,16,500,0,"Low Risk",1,0,4
"EG_WAL_10922","Gharbia","Verified_Tier1",691,81,14,500,0,"Low Risk",1,0,3
"EG_WAL_12660","Giza","Verified_Tier1",162,81,17,500,1,"Medium Risk",1,0,5
"EG_WAL_10157","Alexandria","Basic",554,81,14,5000,2,"Medium Risk",1,0,3
"EG_WAL_13751","Asyut","Verified_Tier1",282,81,13,2500,0,"Low Risk",1,0,3
"EG_WAL_14923","Gharbia","Basic",216,81,18,500,0,"Low Risk",1,0,5
"EG_WAL_11274","Giza","Verified_Tier1",159,81,13,0,0,"Low Risk",1,0,3
"EG_WAL_14452","Gharbia","Basic",365,81,13,500,0,"Low Risk",1,0,3
"EG_WAL_14466","Cairo","Verified_Tier1",488,80,7,2500,0,"Low Risk",1,0,2
"EG_WAL_10195","Cairo","Verified_Tier1",217,80,22,2500,0,"Low Risk",1,0,6
"EG_WAL_12621","Gharbia","Verified_Tier1",666,80,20,5000,0,"Low Risk",1,0,6
"EG_WAL_14061","Cairo","Basic",58,80,15,0,0,"Low Risk",1,0,4
"EG_WAL_10316","Giza","Basic",462,80,23,500,0,"Low Risk",1,0,6
"EG_WAL_13338","Giza","Basic",277,80,14,0,0,"Low Risk",1,0,3
"EG_WAL_14398","Cairo","Basic",284,80,18,2500,1,"Medium Risk",1,0,5
"EG_WAL_13517","Cairo","Basic",62,80,19,2500,0,"Low Risk",1,0,5
"EG_WAL_11992","Giza","Verified_Tier1",112,80,11,500,0,"Low Risk",1,0,2
"EG_WAL_14468","Asyut","Basic",370,80,21,500,0,"Low Risk",1,0,6
"EG_WAL_12312","Giza","Basic",578,80,11,500,0,"Low Risk",1,0,2
"EG_WAL_13090","Giza","Verified_Tier1",174,80,19,1000,0,"Low Risk",1,0,5
"EG_WAL_14512","Cairo","Verified_Tier1",464,80,15,1000,0,"Low Risk",1,0,4
"EG_WAL_12209","Asyut","Verified_Tier1",650,80,20,2500,0,"Low Risk",1,0,6
"EG_WAL_11101","Asyut","Basic",263,80,11,5000,1,"Medium Risk",1,0,2
"EG_WAL_11844","Asyut","Basic",694,80,11,1000,0,"Low Risk",1,0,2
"EG_WAL_11798","Cairo","Basic",264,80,24,2500,0,"Low Risk",1,0,6
"EG_WAL_12374","Alexandria","Verified_Tier1",193,80,20,1000,0,"Low Risk",1,0,6
"EG_WAL_12480","Cairo","Verified_Tier1",631,80,21,1000,0,"Low Risk",1,0,6
"EG_WAL_12696","Alexandria","Verified_Tier1",561,80,16,1000,0,"Low Risk",1,0,4
"EG_WAL_12749","Giza","Basic",657,80,9,0,0,"Low Risk",1,0,2
"EG_WAL_11112","Cairo","Basic",282,80,19,5000,0,"Low Risk",1,0,5
"EG_WAL_11393","Giza","Basic",630,80,16,2500,0,"Low Risk",1,0,4
"EG_WAL_11224","Giza","Basic",215,80,24,1000,1,"Medium Risk",1,0,6
"EG_WAL_10748","Asyut","Verified_Tier1",522,80,22,500,0,"Low Risk",1,0,6
"EG_WAL_12362","Cairo","Basic",191,80,18,2500,0,"Low Risk",1,0,5
"EG_WAL_12014","Giza","Verified_Tier1",634,80,20,5000,0,"Low Risk",1,0,6
"EG_WAL_11037","Alexandria","Merchant",326,80,12,500,1,"Medium Risk",1,0,2
"EG_WAL_10898","Cairo","Verified_Tier1",676,80,20,1000,0,"Low Risk",1,0,6
"EG_WAL_11369","Cairo","Verified_Tier1",42,80,15,5000,0,"Low Risk",1,0,4
"EG_WAL_10200","Giza","Verified_Tier1",488,80,19,500,2,"Medium Risk",1,0,6
"EG_WAL_14807","Asyut","Verified_Tier1",285,80,16,5000,0,"Low Risk",1,0,4
"EG_WAL_10915","Giza","Basic",594,80,14,1000,2,"Medium Risk",1,0,3
"EG_WAL_11448","Asyut","Verified_Tier1",231,80,15,2500,0,"Low Risk",1,0,3
"EG_WAL_14375","Giza","Verified_Tier1",356,80,15,1000,1,"Medium Risk",1,0,4
"EG_WAL_14116","Asyut","Basic",607,80,20,5000,0,"Low Risk",1,0,6
"EG_WAL_11847","Cairo","Merchant",650,80,11,2500,2,"Medium Risk",1,0,2
"EG_WAL_12147","Cairo","Verified_Tier1",713,80,15,2500,1,"Medium Risk",1,0,3
"EG_WAL_12584","Giza","Basic",102,80,15,500,0,"Low Risk",1,0,4
"EG_WAL_11658","Cairo","Verified_Tier1",36,80,11,500,0,"Low Risk",1,0,2
"EG_WAL_14568","Cairo","Verified_Tier1",559,80,22,2500,0,"Low Risk",1,0,6
"EG_WAL_12183","Cairo","Verified_Tier1",331,80,9,2500,0,"Low Risk",1,0,2
"EG_WAL_13784","Gharbia","Basic",264,80,15,500,0,"Low Risk",1,0,4
"EG_WAL_10475","Asyut","Verified_Tier1",604,80,15,1000,0,"Low Risk",1,0,4
"EG_WAL_11416","Cairo","Basic",340,80,9,5000,0,"Low Risk",1,0,2
"EG_WAL_12318","Giza","Basic",221,80,19,1000,0,"Low Risk",1,0,5
"EG_WAL_11866","Cairo","Verified_Tier1",627,80,15,1000,2,"Medium Risk",1,0,3
"EG_WAL_11353","Alexandria","Merchant",87,80,20,500,1,"Medium Risk",1,0,6
"EG_WAL_11703","Giza","Basic",250,80,18,5000,1,"Medium Risk",1,0,5
"EG_WAL_10848","Giza","Basic",485,80,19,500,0,"Low Risk",1,0,5
"EG_WAL_12409","Giza","Verified_Tier1",542,80,19,2500,1,"Medium Risk",1,0,5
"EG_WAL_11121","Asyut","Basic",704,80,19,1000,1,"Medium Risk",1,0,5
"EG_WAL_14691","Cairo","Basic",288,80,12,1000,0,"Low Risk",1,0,2
"EG_WAL_11737","Cairo","Basic",625,80,12,500,1,"Medium Risk",1,0,2
"EG_WAL_14451","Giza","Basic",466,80,14,0,1,"Medium Risk",1,0,3
"EG_WAL_13756","Cairo","Verified_Tier1",289,80,23,1000,0,"Low Risk",1,0,6
"EG_WAL_12228","Cairo","Verified_Tier1",94,80,9,500,0,"Low Risk",1,0,2
"EG_WAL_11438","Cairo","Basic",517,80,13,2500,0,"Low Risk",1,0,3
"EG_WAL_13680","Alexandria","Basic",514,80,13,5000,0,"Low Risk",1,0,3
"EG_WAL_12056","Giza","Verified_Tier1",326,80,32,500,0,"Low Risk",1,0,6
"EG_WAL_12427","Asyut","Verified_Tier1",551,80,10,5000,0,"Low Risk",1,0,2
"EG_WAL_13130","Gharbia","Merchant",41,80,13,2500,0,"Low Risk",1,0,3
"EG_WAL_12716","Giza","Merchant",422,80,14,1000,5,"High Risk",1,0,3
"EG_WAL_14258","Cairo","Basic",592,80,22,5000,0,"Low Risk",1,0,6
"EG_WAL_12396","Cairo","Basic",346,80,17,2500,0,"Low Risk",1,0,4
"EG_WAL_13965","Alexandria","Verified_Tier1",284,80,14,2500,0,"Low Risk",1,0,3
"EG_WAL_13931","Cairo","Verified_Tier1",385,80,14,1000,0,"Low Risk",1,0,3
"EG_WAL_14541","Giza","Basic",393,80,15,2500,1,"Medium Risk",1,0,4
"EG_WAL_10468","Cairo","Merchant",583,80,16,500,0,"Low Risk",1,0,4
"EG_WAL_13154","Giza","Basic",144,80,13,500,0,"Low Risk",1,0,3
"EG_WAL_14611","Cairo","Verified_Tier1",263,80,10,0,3,"Medium Risk",1,0,2
"EG_WAL_10143","Cairo","Basic",117,80,17,5000,0,"Low Risk",1,0,4
"EG_WAL_14190","Alexandria","Basic",641,79,14,1000,0,"Low Risk",1,0,3
"EG_WAL_13436","Cairo","Verified_Tier1",66,79,16,500,0,"Low Risk",1,0,4
"EG_WAL_14924","Cairo","Basic",272,79,19,0,1,"Medium Risk",1,0,5
"EG_WAL_14614","Cairo","Verified_Tier1",677,79,14,1000,2,"Medium Risk",1,0,3
"EG_WAL_14327","Asyut","Verified_Tier1",150,79,11,500,0,"Low Risk",1,0,2
"EG_WAL_14579","Giza","Basic",237,79,17,500,0,"Low Risk",1,0,4
"EG_WAL_10873","Giza","Basic",578,79,11,5000,0,"Low Risk",1,0,2
"EG_WAL_10738","Giza","Verified_Tier1",379,79,17,2500,0,"Low Risk",1,0,4
"EG_WAL_10418","Alexandria","Verified_Tier1",295,79,19,1000,6,"High Risk",1,1,5
"EG_WAL_11345","Giza","Verified_Tier1",372,79,18,500,0,"Low Risk",1,0,5
"EG_WAL_12788","Asyut","Basic",526,79,9,5000,0,"Low Risk",1,0,2
"EG_WAL_13683","Cairo","Basic",661,79,20,2500,0,"Low Risk",1,0,6
"EG_WAL_11718","Asyut","Verified_Tier1",509,79,20,1000,0,"Low Risk",1,0,6
"EG_WAL_10070","Alexandria","Basic",665,79,18,2500,0,"Low Risk",1,0,5
"EG_WAL_14729","Cairo","Verified_Tier1",37,79,12,1000,1,"Medium Risk",1,0,2
"EG_WAL_12999","Gharbia","Basic",237,79,12,1000,0,"Low Risk",1,0,2
"EG_WAL_12995","Gharbia","Basic",75,79,22,1000,0,"Low Risk",1,0,6
"EG_WAL_11246","Cairo","Basic",80,79,16,500,1,"Medium Risk",1,0,4
"EG_WAL_14385","Giza","Verified_Tier1",678,79,19,2500,2,"Medium Risk",1,0,6
"EG_WAL_14092","Giza","Verified_Tier1",485,79,9,2500,2,"Medium Risk",1,0,2
"EG_WAL_11740","Gharbia","Basic",181,79,18,500,0,"Low Risk",1,0,5
"EG_WAL_13252","Giza","Basic",535,79,17,500,0,"Low Risk",1,0,4
"EG_WAL_11921","Cairo","Verified_Tier1",347,79,18,1000,0,"Low Risk",1,0,5
"EG_WAL_11199","Cairo","Verified_Tier1",311,79,19,500,0,"Low Risk",1,0,5
"EG_WAL_13612","Cairo","Basic",442,79,18,2500,2,"Medium Risk",1,0,5
"EG_WAL_14181","Alexandria","Basic",626,79,17,5000,1,"Medium Risk",1,0,4
"EG_WAL_13918","Alexandria","Basic",380,79,12,500,0,"Low Risk",1,0,2
"EG_WAL_14885","Gharbia","Verified_Tier1",423,79,12,5000,0,"Low Risk",1,0,2
"EG_WAL_14426","Cairo","Verified_Tier1",408,79,16,2500,2,"Medium Risk",1,0,4
"EG_WAL_14128","Cairo","Merchant",582,79,22,1000,0,"Low Risk",1,0,6
"EG_WAL_13333","Cairo","Verified_Tier1",462,79,15,5000,0,"Low Risk",1,0,3
"EG_WAL_13203","Gharbia","Verified_Tier1",602,79,25,1000,0,"Low Risk",1,0,6
"EG_WAL_11269","Cairo","Basic",604,79,16,0,0,"Low Risk",1,0,4
"EG_WAL_10459","Cairo","Basic",526,79,13,1000,0,"Low Risk",1,0,3
"EG_WAL_11126","Cairo","Verified_Tier1",474,79,20,2500,0,"Low Risk",1,0,6
"EG_WAL_13453","Cairo","Basic",621,79,21,2500,0,"Low Risk",1,0,6
"EG_WAL_14781","Cairo","Verified_Tier1",149,79,19,500,1,"Medium Risk",1,0,5
"EG_WAL_14424","Cairo","Basic",372,79,19,1000,0,"Low Risk",1,0,6
"EG_WAL_11714","Cairo","Merchant",35,79,17,2500,0,"Low Risk",1,0,5
"EG_WAL_13417","Alexandria","Verified_Tier1",118,79,21,1000,0,"Low Risk",1,0,6
"EG_WAL_13897","Gharbia","Merchant",438,79,18,5000,0,"Low Risk",1,0,5
"EG_WAL_10480","Giza","Basic",452,79,12,1000,0,"Low Risk",1,0,2
"EG_WAL_10081","Giza","Basic",467,79,11,0,1,"Medium Risk",1,0,2
"EG_WAL_14523","Giza","Basic",256,79,9,1000,0,"Low Risk",1,0,2
"EG_WAL_14728","Alexandria","Verified_Tier1",519,79,5,500,0,"Low Risk",1,0,2
"EG_WAL_11792","Giza","Basic",414,79,15,0,0,"Low Risk",1,0,4
"EG_WAL_11364","Alexandria","Basic",55,79,17,1000,0,"Low Risk",1,0,4
"EG_WAL_14143","Gharbia","Verified_Tier1",97,79,18,2500,0,"Low Risk",1,0,5
"EG_WAL_14279","Cairo","Basic",239,79,14,5000,1,"Medium Risk",1,0,3
"EG_WAL_10593","Cairo","Basic",74,79,14,5000,0,"Low Risk",1,0,3
"EG_WAL_11253","Cairo","Basic",526,79,13,1000,0,"Low Risk",1,0,2
"EG_WAL_12919","Cairo","Verified_Tier1",105,79,17,500,1,"Medium Risk",1,0,5
"EG_WAL_10272","Gharbia","Basic",250,79,24,0,1,"Medium Risk",1,0,6
"EG_WAL_13360","Alexandria","Basic",663,79,12,2500,2,"Medium Risk",1,0,2
"EG_WAL_14859","Gharbia","Basic",530,79,15,5000,0,"Low Risk",1,0,3
"EG_WAL_10725","Gharbia","Basic",711,78,24,1000,0,"Low Risk",1,0,6
"EG_WAL_10308","Alexandria","Basic",715,78,14,2500,0,"Low Risk",1,0,3
"EG_WAL_12777","Cairo","Basic",299,78,13,2500,0,"Low Risk",1,0,3
"EG_WAL_10574","Gharbia","Basic",387,78,13,5000,0,"Low Risk",1,0,3
"EG_WAL_12467","Cairo","Basic",328,78,12,2500,0,"Low Risk",1,0,2
"EG_WAL_12504","Cairo","Basic",173,78,16,500,0,"Low Risk",1,0,4
"EG_WAL_14566","Cairo","Verified_Tier1",578,78,19,2500,0,"Low Risk",1,0,5
"EG_WAL_12348","Giza","Basic",626,78,15,0,0,"Low Risk",1,0,3
"EG_WAL_10203","Gharbia","Verified_Tier1",395,78,19,5000,0,"Low Risk",1,0,6
"EG_WAL_10893","Cairo","Basic",570,78,21,5000,0,"Low Risk",1,0,6
"EG_WAL_13674","Giza","Basic",600,78,9,500,1,"Medium Risk",1,0,2
"EG_WAL_14675","Gharbia","Basic",617,78,20,2500,0,"Low Risk",1,0,6
"EG_WAL_10618","Gharbia","Verified_Tier1",260,78,16,1000,0,"Low Risk",1,0,4
"EG_WAL_12784","Gharbia","Basic",447,78,7,2500,0,"Low Risk",1,0,2
"EG_WAL_13545","Cairo","Basic",258,78,19,1000,0,"Low Risk",1,0,5
"EG_WAL_14816","Asyut","Merchant",716,78,16,500,0,"Low Risk",1,0,4
"EG_WAL_10633","Giza","Basic",717,78,22,5000,0,"Low Risk",1,0,6
"EG_WAL_14155","Cairo","Basic",427,78,16,1000,0,"Low Risk",1,0,4
"EG_WAL_12689","Giza","Basic",405,78,16,1000,1,"Medium Risk",1,0,4
"EG_WAL_12278","Giza","Verified_Tier1",85,78,12,0,0,"Low Risk",1,0,2
"EG_WAL_12185","Asyut","Verified_Tier1",297,78,14,500,3,"Medium Risk",1,0,3
"EG_WAL_11596","Cairo","Basic",355,78,15,500,1,"Medium Risk",1,0,3
"EG_WAL_14526","Alexandria","Basic",272,78,12,2500,0,"Low Risk",1,0,2
"EG_WAL_12883","Cairo","Basic",380,78,15,0,1,"Medium Risk",1,0,4
"EG_WAL_13877","Gharbia","Basic",175,78,15,500,0,"Low Risk",1,0,4
"EG_WAL_10178","Asyut","Basic",645,78,16,500,0,"Low Risk",1,0,4
"EG_WAL_14077","Cairo","Basic",551,78,19,5000,0,"Low Risk",1,0,5
"EG_WAL_10555","Giza","Basic",264,78,19,500,1,"Medium Risk",1,0,6
"EG_WAL_13184","Giza","Basic",493,78,10,1000,0,"Low Risk",1,0,2
"EG_WAL_10176","Alexandria","Basic",288,78,20,2500,2,"Medium Risk",1,0,6
"EG_WAL_10115","Gharbia","Basic",47,78,17,2500,1,"Medium Risk",1,0,5
"EG_WAL_10414","Giza","Verified_Tier1",250,78,10,5000,0,"Low Risk",1,0,2
"EG_WAL_14487","Cairo","Basic",712,78,16,500,0,"Low Risk",1,0,4
"EG_WAL_11061","Asyut","Basic",687,78,17,2500,2,"Medium Risk",1,0,4
"EG_WAL_12634","Alexandria","Merchant",361,78,21,5000,0,"Low Risk",1,0,6
"EG_WAL_12023","Cairo","Verified_Tier1",481,78,12,5000,0,"Low Risk",1,0,2
"EG_WAL_13770","Giza","Verified_Tier1",700,78,18,1000,0,"Low Risk",1,0,5
"EG_WAL_10677","Cairo","Basic",576,78,13,1000,2,"Medium Risk",1,0,3
"EG_WAL_12695","Giza","Verified_Tier1",187,78,9,5000,0,"Low Risk",1,0,2
"EG_WAL_13156","Asyut","Basic",654,78,13,2500,2,"Medium Risk",1,0,3
"EG_WAL_14131","Cairo","Basic",536,78,15,1000,0,"Low Risk",1,0,4
"EG_WAL_12895","Gharbia","Verified_Tier1",147,78,11,500,0,"Low Risk",1,0,2
"EG_WAL_12671","Cairo","Merchant",131,78,16,5000,0,"Low Risk",1,0,4
"EG_WAL_14255","Alexandria","Basic",675,78,17,500,1,"Medium Risk",1,0,5
"EG_WAL_10227","Cairo","Basic",664,78,13,500,1,"Medium Risk",1,0,3
"EG_WAL_10531","Asyut","Basic",613,78,17,2500,1,"Medium Risk",1,0,4
"EG_WAL_14223","Gharbia","Verified_Tier1",118,78,24,500,0,"Low Risk",1,0,6
"EG_WAL_12037","Cairo","Verified_Tier1",157,78,19,5000,0,"Low Risk",1,0,6
"EG_WAL_11609","Giza","Verified_Tier1",303,78,12,5000,1,"Medium Risk",1,0,2
"EG_WAL_11099","Cairo","Basic",586,78,22,500,0,"Low Risk",1,0,6
"EG_WAL_10552","Giza","Basic",441,78,18,500,0,"Low Risk",1,0,5
"EG_WAL_14159","Giza","Verified_Tier1",484,78,16,0,1,"Medium Risk",1,0,4
"EG_WAL_13123","Giza","Verified_Tier1",635,78,16,1000,1,"Medium Risk",1,0,4
"EG_WAL_12206","Cairo","Basic",352,78,16,5000,1,"Medium Risk",1,0,4
"EG_WAL_13207","Alexandria","Verified_Tier1",232,78,15,5000,0,"Low Risk",1,0,4
"EG_WAL_13664","Giza","Basic",464,78,20,0,0,"Low Risk",1,0,6
"EG_WAL_11488","Cairo","Verified_Tier1",344,78,16,2500,0,"Low Risk",1,0,4
"EG_WAL_14858","Asyut","Basic",715,78,12,2500,0,"Low Risk",1,0,2
"EG_WAL_14324","Gharbia","Merchant",209,78,17,5000,0,"Low Risk",1,0,5
"EG_WAL_12276","Alexandria","Basic",400,78,16,1000,0,"Low Risk",1,0,4
"EG_WAL_13840","Giza","Verified_Tier1",410,77,19,500,0,"Low Risk",1,0,6
"EG_WAL_14766","Gharbia","Basic",43,77,18,500,0,"Low Risk",1,0,5
"EG_WAL_12748","Gharbia","Verified_Tier1",384,77,17,0,0,"Low Risk",1,0,5
"EG_WAL_12524","Gharbia","Basic",468,77,12,5000,0,"Low Risk",1,0,2
"EG_WAL_11857","Giza","Basic",76,77,11,0,0,"Low Risk",1,0,2
"EG_WAL_10547","Alexandria","Verified_Tier1",187,77,13,2500,0,"Low Risk",1,0,3
"EG_WAL_10942","Alexandria","Basic",487,77,16,0,1,"Medium Risk",1,0,4
"EG_WAL_12650","Cairo","Basic",593,77,12,500,3,"Medium Risk",1,0,2
"EG_WAL_12499","Giza","Basic",455,77,17,2500,0,"Low Risk",1,0,5
"EG_WAL_11578","Giza","Verified_Tier1",255,77,20,500,0,"Low Risk",1,0,6
"EG_WAL_11114","Giza","Verified_Tier1",91,77,18,500,0,"Low Risk",1,0,5
"EG_WAL_14018","Cairo","Basic",690,77,14,500,1,"Medium Risk",1,0,3
"EG_WAL_10801","Cairo","Basic",155,77,17,5000,0,"Low Risk",1,0,4
"EG_WAL_13828","Gharbia","Verified_Tier1",89,77,17,1000,0,"Low Risk",1,0,5
"EG_WAL_10268","Cairo","Verified_Tier1",406,77,14,5000,0,"Low Risk",1,0,3
"EG_WAL_10564","Cairo","Verified_Tier1",117,77,18,5000,1,"Medium Risk",1,0,5
"EG_WAL_10292","Gharbia","Verified_Tier1",134,77,15,2500,0,"Low Risk",1,0,4
"EG_WAL_11794","Cairo","Basic",147,77,16,1000,0,"Low Risk",1,0,4
"EG_WAL_13701","Alexandria","Verified_Tier1",499,77,20,1000,0,"Low Risk",1,0,6
"EG_WAL_10629","Cairo","Verified_Tier1",512,77,21,500,1,"Medium Risk",1,0,6
"EG_WAL_11117","Gharbia","Basic",609,77,17,2500,0,"Low Risk",1,0,5
"EG_WAL_14928","Alexandria","Basic",570,77,16,2500,0,"Low Risk",1,0,4
"EG_WAL_14086","Cairo","Verified_Tier1",537,77,15,1000,0,"Low Risk",1,0,4
"EG_WAL_14408","Cairo","Basic",169,77,18,500,0,"Low Risk",1,0,5
"EG_WAL_13953","Cairo","Verified_Tier1",201,77,13,500,2,"Medium Risk",1,0,3
"EG_WAL_14317","Cairo","Basic",503,77,14,1000,0,"Low Risk",1,0,3
"EG_WAL_12830","Giza","Basic",233,77,22,500,0,"Low Risk",1,0,6
"EG_WAL_14180","Giza","Basic",402,77,8,500,0,"Low Risk",1,0,2
"EG_WAL_13859","Gharbia","Basic",399,77,22,0,3,"Medium Risk",1,0,6
"EG_WAL_13401","Cairo","Verified_Tier1",477,77,18,2500,0,"Low Risk",1,0,5
"EG_WAL_12257","Giza","Basic",350,77,21,0,0,"Low Risk",1,0,6
"EG_WAL_12325","Asyut","Basic",268,77,11,1000,0,"Low Risk",1,0,2
"EG_WAL_14808","Cairo","Basic",508,77,18,2500,2,"Medium Risk",1,0,5
"EG_WAL_14622","Cairo","Basic",412,77,15,2500,0,"Low Risk",1,0,3
"EG_WAL_11093","Giza","Verified_Tier1",81,77,19,500,0,"Low Risk",1,0,5
"EG_WAL_12161","Giza","Merchant",245,77,11,500,0,"Low Risk",1,0,2
"EG_WAL_10779","Giza","Basic",50,77,23,500,0,"Low Risk",1,0,6
"EG_WAL_13349","Cairo","Basic",341,77,15,1000,0,"Low Risk",1,0,3
"EG_WAL_11280","Giza","Basic",385,76,21,2500,1,"Medium Risk",1,0,6
"EG_WAL_13188","Gharbia","Merchant",393,76,19,2500,0,"Low Risk",1,0,6
"EG_WAL_13647","Giza","Basic",308,76,8,500,0,"Low Risk",1,0,2
"EG_WAL_14505","Cairo","Verified_Tier1",242,76,15,2500,0,"Low Risk",1,0,4
"EG_WAL_14442","Cairo","Verified_Tier1",502,76,15,2500,0,"Low Risk",1,0,4
"EG_WAL_13695","Cairo","Basic",284,76,15,500,0,"Low Risk",1,0,3
"EG_WAL_11534","Giza","Verified_Tier1",195,76,11,500,0,"Low Risk",1,0,2
"EG_WAL_10165","Gharbia","Verified_Tier1",169,76,20,1000,0,"Low Risk",1,0,6
"EG_WAL_14631","Cairo","Basic",117,76,18,2500,1,"Medium Risk",1,0,5
"EG_WAL_10159","Alexandria","Verified_Tier1",71,76,18,500,0,"Low Risk",1,0,5
"EG_WAL_13372","Cairo","Verified_Tier1",412,76,11,5000,1,"Medium Risk",1,0,2
"EG_WAL_12607","Cairo","Verified_Tier1",381,76,15,1000,1,"Medium Risk",1,0,4
"EG_WAL_13467","Alexandria","Verified_Tier1",38,76,11,5000,0,"Low Risk",1,0,2
"EG_WAL_12018","Cairo","Basic",40,76,21,500,1,"Medium Risk",1,0,6
"EG_WAL_11919","Giza","Verified_Tier1",211,76,15,2500,1,"Medium Risk",1,0,4
"EG_WAL_14532","Cairo","Basic",681,76,14,500,1,"Medium Risk",1,0,3
"EG_WAL_11370","Asyut","Basic",589,76,12,2500,1,"Medium Risk",1,0,2
"EG_WAL_13787","Giza","Verified_Tier1",559,76,20,1000,0,"Low Risk",1,0,6
"EG_WAL_14268","Gharbia","Basic",297,76,13,500,0,"Low Risk",1,0,3
"EG_WAL_12531","Gharbia","Basic",586,76,19,500,0,"Low Risk",1,0,5
"EG_WAL_14066","Cairo","Basic",154,76,20,1000,0,"Low Risk",1,0,6
"EG_WAL_11860","Alexandria","Verified_Tier1",608,76,10,2500,0,"Low Risk",1,0,2
"EG_WAL_13079","Asyut","Basic",478,76,10,5000,0,"Low Risk",1,0,2
"EG_WAL_10905","Gharbia","Verified_Tier1",158,76,24,500,0,"Low Risk",1,0,6
"EG_WAL_14919","Cairo","Verified_Tier1",138,76,15,1000,1,"Medium Risk",1,0,4
"EG_WAL_14381","Cairo","Basic",717,76,22,500,3,"Medium Risk",1,0,6
"EG_WAL_13609","Asyut","Basic",526,76,12,2500,0,"Low Risk",1,0,2
"EG_WAL_14815","Asyut","Merchant",44,76,15,1000,0,"Low Risk",1,0,4
"EG_WAL_14434","Cairo","Basic",340,76,19,2500,1,"Medium Risk",1,0,6
"EG_WAL_10837","Cairo","Basic",554,76,10,1000,0,"Low Risk",1,0,2
"EG_WAL_14634","Cairo","Verified_Tier1",37,76,13,500,1,"Medium Risk",1,0,3
"EG_WAL_12936","Alexandria","Verified_Tier1",602,76,14,0,0,"Low Risk",1,0,3
"EG_WAL_11721","Cairo","Basic",264,76,16,500,0,"Low Risk",1,0,4
"EG_WAL_11356","Asyut","Basic",49,76,16,1000,0,"Low Risk",1,0,4
"EG_WAL_13682","Alexandria","Basic",252,76,13,1000,0,"Low Risk",1,0,3
"EG_WAL_12425","Asyut","Basic",524,76,19,5000,1,"Medium Risk",1,0,5
"EG_WAL_12287","Cairo","Basic",422,76,14,2500,0,"Low Risk",1,0,3
"EG_WAL_12144","Giza","Basic",491,76,18,2500,3,"Medium Risk",1,0,5
"EG_WAL_11545","Giza","Verified_Tier1",591,76,16,2500,0,"Low Risk",1,0,4
"EG_WAL_10931","Gharbia","Basic",657,76,12,1000,0,"Low Risk",1,0,2
"EG_WAL_11891","Giza","Basic",560,76,16,5000,0,"Low Risk",1,0,4
"EG_WAL_14768","Alexandria","Basic",493,76,16,0,0,"Low Risk",1,0,4
"EG_WAL_10951","Alexandria","Basic",300,76,17,500,0,"Low Risk",1,0,5
"EG_WAL_12406","Cairo","Basic",295,76,20,1000,0,"Low Risk",1,0,6
"EG_WAL_13571","Giza","Basic",110,76,13,500,1,"Medium Risk",1,0,3
"EG_WAL_10155","Cairo","Basic",193,76,14,500,0,"Low Risk",1,0,3
"EG_WAL_11163","Alexandria","Verified_Tier1",585,76,14,1000,0,"Low Risk",1,0,3
"EG_WAL_12042","Giza","Basic",104,76,12,2500,3,"Medium Risk",1,0,2
"EG_WAL_13820","Cairo","Verified_Tier1",173,76,19,500,0,"Low Risk",1,0,6
"EG_WAL_13544","Gharbia","Basic",669,76,13,500,2,"Medium Risk",1,0,3
"EG_WAL_12218","Gharbia","Basic",401,76,13,0,0,"Low Risk",1,0,3
"EG_WAL_13839","Alexandria","Basic",621,76,18,0,2,"Medium Risk",1,0,5
"EG_WAL_10789","Asyut","Basic",476,75,19,2500,0,"Low Risk",1,0,5
"EG_WAL_13134","Cairo","Basic",266,75,8,500,0,"Low Risk",1,0,2
"EG_WAL_11638","Asyut","Verified_Tier1",132,75,19,500,0,"Low Risk",1,0,5
"EG_WAL_10424","Cairo","Basic",121,75,20,2500,0,"Low Risk",1,0,6
"EG_WAL_13268","Giza","Merchant",600,75,24,2500,2,"Medium Risk",1,0,6
"EG_WAL_10131","Cairo","Verified_Tier1",261,75,17,2500,0,"Low Risk",1,0,5
"EG_WAL_11692","Cairo","Verified_Tier1",313,75,14,500,0,"Low Risk",1,0,3
"EG_WAL_10605","Giza","Merchant",103,75,17,5000,0,"Low Risk",1,0,5
"EG_WAL_10258","Giza","Verified_Tier1",210,75,17,5000,0,"Low Risk",1,0,5
"EG_WAL_14628","Giza","Basic",85,75,19,5000,0,"Low Risk",1,0,5
"EG_WAL_13815","Giza","Basic",704,75,13,1000,0,"Low Risk",1,0,3
"EG_WAL_13632","Giza","Verified_Tier1",481,75,13,500,0,"Low Risk",1,0,3
"EG_WAL_13220","Giza","Verified_Tier1",648,75,19,500,0,"Low Risk",1,0,5
"EG_WAL_14528","Giza","Basic",618,75,13,1000,0,"Low Risk",1,0,2
"EG_WAL_12496","Giza","Verified_Tier1",560,75,11,0,0,"Low Risk",1,0,2
"EG_WAL_14670","Cairo","Verified_Tier1",356,75,24,1000,0,"Low Risk",1,0,6
"EG_WAL_10335","Cairo","Verified_Tier1",490,75,18,5000,0,"Low Risk",1,0,5
"EG_WAL_10580","Giza","Basic",137,75,18,5000,1,"Medium Risk",1,0,5
"EG_WAL_13597","Giza","Basic",517,75,19,500,0,"Low Risk",1,0,6
"EG_WAL_13366","Cairo","Basic",318,75,21,2500,1,"Medium Risk",1,0,6
"EG_WAL_10826","Cairo","Basic",55,75,13,500,1,"Medium Risk",1,0,3
"EG_WAL_11511","Alexandria","Basic",82,75,11,1000,1,"Medium Risk",1,0,2
"EG_WAL_13801","Asyut","Verified_Tier1",143,75,12,1000,1,"Medium Risk",1,0,2
"EG_WAL_11158","Gharbia","Basic",687,75,16,500,0,"Low Risk",1,0,4
"EG_WAL_11059","Giza","Basic",462,75,12,2500,3,"Medium Risk",1,0,2
"EG_WAL_14956","Cairo","Verified_Tier1",430,75,14,5000,0,"Low Risk",1,0,3
"EG_WAL_10638","Cairo","Basic",502,75,19,1000,0,"Low Risk",1,0,6
"EG_WAL_14584","Alexandria","Verified_Tier1",652,75,17,5000,3,"Medium Risk",1,0,4
"EG_WAL_10747","Giza","Basic",343,75,13,0,0,"Low Risk",1,0,3
"EG_WAL_10664","Cairo","Merchant",644,75,20,0,0,"Low Risk",1,0,6
"EG_WAL_10086","Alexandria","Basic",708,75,24,2500,0,"Low Risk",1,0,6
"EG_WAL_14982","Alexandria","Verified_Tier1",510,75,17,5000,0,"Low Risk",1,0,4
"EG_WAL_13735","Giza","Basic",714,75,15,5000,1,"Medium Risk",1,0,3
"EG_WAL_10096","Giza","Verified_Tier1",115,75,19,500,1,"Medium Risk",1,0,5
"EG_WAL_14777","Cairo","Basic",81,75,19,5000,1,"Medium Risk",1,0,5
"EG_WAL_10667","Cairo","Basic",522,75,21,2500,0,"Low Risk",1,0,6
"EG_WAL_14051","Alexandria","Basic",229,75,14,5000,2,"Medium Risk",1,0,3
"EG_WAL_14064","Gharbia","Verified_Tier1",191,75,16,5000,0,"Low Risk",1,0,4
"EG_WAL_14896","Cairo","Merchant",42,75,25,1000,0,"Low Risk",1,0,6
"EG_WAL_10404","Cairo","Basic",707,75,16,1000,1,"Medium Risk",1,0,4
"EG_WAL_12921","Alexandria","Verified_Tier1",178,75,16,2500,1,"Medium Risk",1,0,4
"EG_WAL_13000","Alexandria","Basic",644,75,13,500,0,"Low Risk",1,0,3
"EG_WAL_10540","Asyut","Merchant",229,75,17,0,1,"Medium Risk",1,0,5
"EG_WAL_12231","Cairo","Merchant",496,75,15,1000,0,"Low Risk",1,0,3
"EG_WAL_13406","Gharbia","Basic",497,75,17,2500,1,"Medium Risk",1,0,5
"EG_WAL_14204","Cairo","Verified_Tier1",294,75,18,2500,0,"Low Risk",1,0,5
"EG_WAL_14278","Cairo","Basic",335,75,19,1000,2,"Medium Risk",1,0,5
"EG_WAL_12888","Gharbia","Verified_Tier1",539,75,16,2500,0,"Low Risk",1,0,4
"EG_WAL_11624","Cairo","Merchant",309,75,12,1000,0,"Low Risk",1,0,2
"EG_WAL_11896","Giza","Basic",210,75,16,2500,0,"Low Risk",1,0,4
"EG_WAL_11484","Cairo","Basic",535,75,13,500,0,"Low Risk",1,0,3
"EG_WAL_11058","Giza","Basic",678,75,18,5000,0,"Low Risk",1,0,5
"EG_WAL_11996","Asyut","Verified_Tier1",269,75,20,0,0,"Low Risk",1,0,6
"EG_WAL_10936","Cairo","Verified_Tier1",360,75,14,5000,0,"Low Risk",1,0,3
"EG_WAL_12746","Giza","Basic",540,75,20,500,0,"Low Risk",1,0,6
"EG_WAL_10773","Cairo","Basic",401,75,14,2500,0,"Low Risk",1,0,3
"EG_WAL_10455","Giza","Verified_Tier1",397,75,11,2500,0,"Low Risk",1,0,2
"EG_WAL_10397","Giza","Verified_Tier1",174,75,21,500,0,"Low Risk",1,0,6
"EG_WAL_13435","Cairo","Basic",139,75,26,5000,0,"Low Risk",1,0,6
"EG_WAL_10798","Alexandria","Basic",625,75,15,5000,1,"Medium Risk",1,0,4
"EG_WAL_13139","Cairo","Basic",109,75,15,1000,0,"Low Risk",1,0,4
"EG_WAL_14619","Gharbia","Verified_Tier1",111,75,14,2500,0,"Low Risk",1,0,3
"EG_WAL_14884","Cairo","Basic",157,74,16,2500,1,"Medium Risk",1,0,4
"EG_WAL_12878","Giza","Basic",263,74,14,500,3,"Medium Risk",1,0,3
"EG_WAL_11192","Cairo","Basic",676,74,20,2500,0,"Low Risk",1,0,6
"EG_WAL_12932","Cairo","Basic",385,74,13,5000,1,"Medium Risk",1,0,3
"EG_WAL_10703","Cairo","Basic",99,74,17,2500,0,"Low Risk",1,0,5
"EG_WAL_13913","Asyut","Basic",458,74,13,2500,0,"Low Risk",1,0,3
"EG_WAL_13921","Giza","Verified_Tier1",110,74,15,1000,0,"Low Risk",1,0,4
"EG_WAL_14186","Cairo","Verified_Tier1",443,74,15,500,0,"Low Risk",1,0,4
"EG_WAL_14797","Alexandria","Basic",482,74,15,5000,2,"Medium Risk",1,0,4
"EG_WAL_11475","Alexandria","Verified_Tier1",132,74,21,500,0,"Low Risk",1,0,6
"EG_WAL_12653","Cairo","Basic",95,74,14,5000,0,"Low Risk",1,0,3
"EG_WAL_10503","Gharbia","Basic",308,74,10,1000,0,"Low Risk",1,0,2
"EG_WAL_10441","Asyut","Basic",416,74,15,2500,0,"Low Risk",1,0,4
"EG_WAL_12622","Giza","Verified_Tier1",297,74,14,500,0,"Low Risk",1,0,3
"EG_WAL_12158","Giza","Basic",392,74,19,500,0,"Low Risk",1,0,5
"EG_WAL_10868","Gharbia","Basic",423,74,17,5000,0,"Low Risk",1,0,5
"EG_WAL_13917","Cairo","Basic",425,74,13,500,0,"Low Risk",1,0,3
"EG_WAL_10926","Cairo","Basic",397,74,15,2500,0,"Low Risk",1,0,4
"EG_WAL_14372","Cairo","Basic",386,74,14,5000,1,"Medium Risk",1,0,3
"EG_WAL_11395","Gharbia","Basic",201,74,12,1000,0,"Low Risk",1,0,2
"EG_WAL_14154","Cairo","Basic",361,74,11,5000,0,"Low Risk",1,0,2
"EG_WAL_12685","Cairo","Verified_Tier1",162,74,20,0,0,"Low Risk",1,0,6
"EG_WAL_10805","Alexandria","Verified_Tier1",287,74,18,500,1,"Medium Risk",1,0,5
"EG_WAL_14964","Giza","Basic",382,74,19,2500,1,"Medium Risk",1,0,5
"EG_WAL_10817","Cairo","Basic",524,74,16,1000,0,"Low Risk",1,0,4
"EG_WAL_14396","Cairo","Basic",602,74,16,500,0,"Low Risk",1,0,4
"EG_WAL_11308","Cairo","Verified_Tier1",178,74,18,2500,0,"Low Risk",1,0,5
"EG_WAL_11291","Cairo","Basic",701,74,18,2500,1,"Medium Risk",1,0,5
"EG_WAL_14021","Cairo","Basic",223,74,16,2500,1,"Medium Risk",1,0,4
"EG_WAL_11301","Asyut","Merchant",363,74,7,0,0,"Low Risk",1,0,2
"EG_WAL_12515","Asyut","Verified_Tier1",141,74,18,500,1,"Medium Risk",1,0,5
"EG_WAL_14687","Cairo","Basic",306,74,21,500,1,"Medium Risk",1,0,6
"EG_WAL_12302","Giza","Verified_Tier1",328,74,18,2500,0,"Low Risk",1,0,5
"EG_WAL_13053","Cairo","Verified_Tier1",527,74,13,1000,0,"Low Risk",1,0,3
"EG_WAL_10949","Giza","Basic",272,74,17,0,0,"Low Risk",1,0,5
"EG_WAL_11629","Giza","Basic",338,74,18,500,0,"Low Risk",1,0,5
"EG_WAL_11897","Cairo","Verified_Tier1",646,74,15,5000,0,"Low Risk",1,0,4
"EG_WAL_12414","Giza","Verified_Tier1",525,74,12,5000,1,"Medium Risk",1,0,2
"EG_WAL_12959","Gharbia","Basic",597,74,13,500,0,"Low Risk",1,0,3
"EG_WAL_10497","Cairo","Basic",175,74,17,2500,0,"Low Risk",1,0,4
"EG_WAL_11070","Cairo","Basic",711,74,11,5000,0,"Low Risk",1,0,2
"EG_WAL_11507","Giza","Verified_Tier1",349,74,19,5000,0,"Low Risk",1,0,5
"EG_WAL_10704","Cairo","Verified_Tier1",195,74,22,2500,0,"Low Risk",1,0,6
"EG_WAL_10858","Giza","Verified_Tier1",293,74,13,2500,0,"Low Risk",1,0,3
"EG_WAL_14274","Giza","Verified_Tier1",151,74,17,500,2,"Medium Risk",1,0,5
"EG_WAL_14304","Gharbia","Verified_Tier1",430,74,22,0,1,"Medium Risk",1,0,6
"EG_WAL_12523","Cairo","Basic",359,74,13,1000,0,"Low Risk",1,0,3
"EG_WAL_10719","Alexandria","Verified_Tier1",403,74,18,1000,0,"Low Risk",1,0,5
"EG_WAL_10166","Cairo","Basic",575,74,14,500,2,"Medium Risk",1,0,3
"EG_WAL_12739","Cairo","Basic",566,74,17,5000,1,"Medium Risk",1,0,5
"EG_WAL_13633","Cairo","Verified_Tier1",516,74,6,500,0,"Low Risk",1,0,2
"EG_WAL_12730","Alexandria","Verified_Tier1",177,74,16,5000,3,"Medium Risk",1,0,4
"EG_WAL_10804","Giza","Merchant",610,74,21,2500,0,"Low Risk",1,0,6
"EG_WAL_11409","Gharbia","Verified_Tier1",309,74,10,2500,0,"Low Risk",1,0,2
"EG_WAL_11889","Asyut","Merchant",174,74,23,5000,0,"Low Risk",1,0,6
"EG_WAL_13232","Cairo","Basic",193,74,10,1000,1,"Medium Risk",1,0,2
"EG_WAL_13246","Giza","Verified_Tier1",96,74,25,500,0,"Low Risk",1,0,6
"EG_WAL_14191","Gharbia","Verified_Tier1",336,73,16,5000,0,"Low Risk",1,0,4
"EG_WAL_12426","Cairo","Basic",486,73,14,1000,0,"Low Risk",1,0,3
"EG_WAL_14587","Cairo","Basic",215,73,17,2500,0,"Low Risk",1,0,4
"EG_WAL_13381","Giza","Basic",144,73,15,5000,1,"Medium Risk",1,0,3
"EG_WAL_14448","Cairo","Basic",123,73,14,2500,1,"Medium Risk",1,0,3
"EG_WAL_12871","Asyut","Basic",495,73,19,2500,0,"Low Risk",1,0,5
"EG_WAL_14659","Alexandria","Basic",332,73,28,500,0,"Low Risk",1,0,6
"EG_WAL_11179","Giza","Basic",240,73,18,500,4,"High Risk",1,1,5
"EG_WAL_11217","Alexandria","Basic",707,73,11,0,0,"Low Risk",1,0,2
"EG_WAL_10928","Giza","Basic",606,73,28,5000,3,"Medium Risk",1,0,6
"EG_WAL_10066","Cairo","Basic",681,73,22,1000,0,"Low Risk",1,0,6
"EG_WAL_12198","Giza","Basic",157,73,12,500,2,"Medium Risk",1,0,2
"EG_WAL_11953","Alexandria","Basic",271,73,11,500,0,"Low Risk",1,0,2
"EG_WAL_13699","Cairo","Verified_Tier1",346,73,13,5000,0,"Low Risk",1,0,3
"EG_WAL_14063","Cairo","Basic",337,73,14,5000,0,"Low Risk",1,0,3
"EG_WAL_10757","Giza","Basic",500,73,16,1000,0,"Low Risk",1,0,4
"EG_WAL_14141","Cairo","Verified_Tier1",103,73,6,5000,1,"Medium Risk",1,0,2
"EG_WAL_13415","Giza","Basic",355,73,27,5000,1,"Medium Risk",1,0,6
"EG_WAL_11066","Cairo","Basic",491,73,15,1000,5,"High Risk",1,0,4
"EG_WAL_10180","Cairo","Verified_Tier1",284,73,20,500,0,"Low Risk",1,0,6
"EG_WAL_11521","Asyut","Basic",642,73,12,5000,0,"Low Risk",1,0,2
"EG_WAL_13065","Cairo","Verified_Tier1",386,73,16,500,0,"Low Risk",1,0,4
"EG_WAL_11450","Giza","Basic",552,73,10,5000,0,"Low Risk",1,0,2
"EG_WAL_12001","Cairo","Basic",425,73,19,2500,2,"Medium Risk",1,0,6
"EG_WAL_12043","Cairo","Verified_Tier1",575,73,21,2500,1,"Medium Risk",1,0,6
"EG_WAL_11497","Giza","Merchant",531,73,18,500,1,"Medium Risk",1,0,5
"EG_WAL_13475","Gharbia","Basic",542,73,18,2500,0,"Low Risk",1,0,5
"EG_WAL_12184","Alexandria","Basic",577,73,13,500,0,"Low Risk",1,0,3
"EG_WAL_14977","Cairo","Basic",361,73,15,1000,0,"Low Risk",1,0,3
"EG_WAL_12545","Giza","Basic",60,73,19,5000,0,"Low Risk",1,0,5
"EG_WAL_11205","Alexandria","Basic",648,73,12,2500,0,"Low Risk",1,0,2
"EG_WAL_10687","Cairo","Basic",616,73,18,0,0,"Low Risk",1,0,5
"EG_WAL_10490","Giza","Verified_Tier1",233,73,19,5000,2,"Medium Risk",1,0,5
"EG_WAL_14796","Cairo","Basic",649,73,13,2500,0,"Low Risk",1,0,3
"EG_WAL_13322","Alexandria","Basic",141,73,11,500,1,"Medium Risk",1,0,2
"EG_WAL_12261","Giza","Verified_Tier1",570,73,18,2500,0,"Low Risk",1,0,5
"EG_WAL_10196","Alexandria","Basic",358,73,16,500,0,"Low Risk",1,0,4
"EG_WAL_11819","Cairo","Basic",383,73,13,500,0,"Low Risk",1,0,3
"EG_WAL_10368","Cairo","Verified_Tier1",497,73,18,1000,0,"Low Risk",1,0,5
"EG_WAL_11805","Alexandria","Basic",122,73,14,500,0,"Low Risk",1,0,3
"EG_WAL_11571","Cairo","Verified_Tier1",130,73,17,500,0,"Low Risk",1,0,5
"EG_WAL_14940","Cairo","Basic",351,73,19,1000,0,"Low Risk",1,0,5
"EG_WAL_11769","Cairo","Verified_Tier1",150,73,14,500,1,"Medium Risk",1,0,3
"EG_WAL_10515","Cairo","Basic",689,73,16,500,0,"Low Risk",1,0,4
"EG_WAL_11776","Alexandria","Verified_Tier1",551,73,17,0,0,"Low Risk",1,0,4
"EG_WAL_14013","Cairo","Basic",467,73,15,1000,1,"Medium Risk",1,0,4
"EG_WAL_10901","Cairo","Verified_Tier1",312,73,17,1000,3,"Medium Risk",1,0,4
"EG_WAL_12626","Cairo","Verified_Tier1",493,73,13,500,0,"Low Risk",1,0,3
"EG_WAL_14333","Giza","Verified_Tier1",475,73,11,1000,4,"High Risk",1,1,2
"EG_WAL_10685","Giza","Basic",608,73,13,500,1,"Medium Risk",1,0,3
"EG_WAL_12971","Cairo","Basic",501,73,9,5000,0,"Low Risk",1,0,2
"EG_WAL_10645","Gharbia","Verified_Tier1",449,73,11,500,1,"Medium Risk",1,0,2
"EG_WAL_11385","Cairo","Basic",229,73,22,1000,2,"Medium Risk",1,0,6
"EG_WAL_10238","Giza","Basic",386,73,14,1000,0,"Low Risk",1,0,3
"EG_WAL_10496","Giza","Verified_Tier1",43,73,6,2500,0,"Low Risk",1,0,2
"EG_WAL_11283","Cairo","Verified_Tier1",203,73,16,5000,4,"High Risk",1,1,4
"EG_WAL_13775","Asyut","Basic",406,73,15,5000,1,"Medium Risk",1,0,4
"EG_WAL_13744","Cairo","Verified_Tier1",548,73,17,2500,1,"Medium Risk",1,0,4
"EG_WAL_11940","Cairo","Basic",549,72,24,2500,0,"Low Risk",1,0,6
"EG_WAL_10327","Giza","Verified_Tier1",589,72,11,1000,0,"Low Risk",1,0,2
"EG_WAL_14593","Cairo","Verified_Tier1",189,72,18,5000,0,"Low Risk",1,0,5
"EG_WAL_11079","Asyut","Verified_Tier1",299,72,18,1000,0,"Low Risk",1,0,5
"EG_WAL_13159","Cairo","Verified_Tier1",365,72,17,0,0,"Low Risk",1,0,4
"EG_WAL_10202","Cairo","Basic",198,72,15,2500,3,"Medium Risk",1,0,4
"EG_WAL_13649","Asyut","Verified_Tier1",99,72,15,500,0,"Low Risk",1,0,3
"EG_WAL_13364","Asyut","Basic",503,72,15,2500,0,"Low Risk",1,0,3
"EG_WAL_13907","Cairo","Basic",676,72,16,0,0,"Low Risk",1,0,4
"EG_WAL_14610","Cairo","Verified_Tier1",377,72,16,5000,0,"Low Risk",1,0,4
"EG_WAL_14167","Cairo","Basic",71,72,19,2500,0,"Low Risk",1,0,5
"EG_WAL_14403","Cairo","Basic",705,72,14,2500,0,"Low Risk",1,0,3
"EG_WAL_10930","Cairo","Merchant",146,72,18,5000,2,"Medium Risk",1,0,5
"EG_WAL_11775","Cairo","Verified_Tier1",421,72,18,1000,0,"Low Risk",1,0,5
"EG_WAL_12826","Alexandria","Basic",460,72,15,1000,1,"Medium Risk",1,0,4
"EG_WAL_13868","Alexandria","Verified_Tier1",46,72,10,500,1,"Medium Risk",1,0,2
"EG_WAL_10563","Cairo","Basic",492,72,12,500,1,"Medium Risk",1,0,2
"EG_WAL_14179","Cairo","Verified_Tier1",436,72,21,500,0,"Low Risk",1,0,6
"EG_WAL_12408","Asyut","Verified_Tier1",362,72,22,500,0,"Low Risk",1,0,6
"EG_WAL_10440","Cairo","Basic",266,72,15,1000,2,"Medium Risk",1,0,4
"EG_WAL_12951","Alexandria","Basic",269,72,18,500,2,"Medium Risk",1,0,5
"EG_WAL_13025","Cairo","Basic",103,72,12,5000,0,"Low Risk",1,0,2
"EG_WAL_12463","Giza","Basic",195,72,14,1000,0,"Low Risk",1,0,3
"EG_WAL_12949","Asyut","Verified_Tier1",286,72,12,1000,1,"Medium Risk",1,0,2
"EG_WAL_13038","Cairo","Verified_Tier1",99,72,20,1000,1,"Medium Risk",1,0,6
"EG_WAL_12211","Gharbia","Basic",633,72,19,5000,1,"Medium Risk",1,0,5
"EG_WAL_12780","Cairo","Basic",652,72,9,5000,0,"Low Risk",1,0,2
"EG_WAL_14399","Cairo","Basic",114,72,21,500,0,"Low Risk",1,0,6
"EG_WAL_12331","Cairo","Basic",533,72,12,1000,0,"Low Risk",1,0,2
"EG_WAL_14431","Giza","Verified_Tier1",352,72,13,5000,0,"Low Risk",1,0,3
"EG_WAL_12171","Cairo","Verified_Tier1",51,72,12,1000,1,"Medium Risk",1,0,2
"EG_WAL_12824","Cairo","Basic",258,72,22,2500,0,"Low Risk",1,0,6
"EG_WAL_12910","Cairo","Basic",666,72,13,5000,1,"Medium Risk",1,0,3
"EG_WAL_12522","Cairo","Basic",134,72,16,500,1,"Medium Risk",1,0,4
"EG_WAL_14157","Gharbia","Basic",613,72,17,0,1,"Medium Risk",1,0,5
"EG_WAL_11297","Cairo","Verified_Tier1",261,72,9,1000,0,"Low Risk",1,0,2
"EG_WAL_14717","Asyut","Basic",556,72,21,2500,1,"Medium Risk",1,0,6
"EG_WAL_11273","Cairo","Basic",326,72,16,0,0,"Low Risk",1,0,5
"EG_WAL_10386","Cairo","Basic",387,72,9,500,0,"Low Risk",1,0,3
"EG_WAL_10590","Cairo","Verified_Tier1",703,72,14,2500,0,"Low Risk",1,0,4
"EG_WAL_14782","Giza","Verified_Tier1",72,72,16,500,1,"Medium Risk",1,0,5
"EG_WAL_13642","Giza","Verified_Tier1",106,72,27,5000,0,"Low Risk",1,0,7
"EG_WAL_10383","Gharbia","Basic",482,72,14,500,0,"Low Risk",1,0,4
"EG_WAL_12412","Giza","Basic",569,72,8,1000,1,"Medium Risk",1,0,3
"EG_WAL_11322","Gharbia","Basic",535,72,16,5000,2,"Medium Risk",1,0,5
"EG_WAL_13926","Giza","Basic",652,72,28,1000,0,"Low Risk",1,0,7
"EG_WAL_14478","Giza","Basic",397,72,13,0,1,"Medium Risk",1,0,4
"EG_WAL_14595","Giza","Basic",286,72,17,500,1,"Medium Risk",1,0,6
"EG_WAL_13892","Alexandria","Basic",84,72,13,5000,0,"Low Risk",1,0,4
"EG_WAL_11774","Alexandria","Verified_Tier1",331,72,15,1000,0,"Low Risk",1,0,4
"EG_WAL_11118","Cairo","Basic",566,71,17,1000,0,"Low Risk",1,0,6
"EG_WAL_11712","Alexandria","Basic",473,71,16,1000,0,"Low Risk",1,0,5
"EG_WAL_14321","Asyut","Basic",280,71,16,1000,1,"Medium Risk",1,0,5
"EG_WAL_14400","Cairo","Verified_Tier1",487,71,14,500,3,"Medium Risk",1,0,4
"EG_WAL_10046","Cairo","Basic",686,71,19,5000,0,"Low Risk",1,0,7
"EG_WAL_10185","Alexandria","Basic",618,71,22,5000,0,"Low Risk",1,0,7
"EG_WAL_10362","Giza","Verified_Tier1",443,71,13,2500,0,"Low Risk",1,0,4
"EG_WAL_11971","Gharbia","Basic",248,71,13,5000,0,"Low Risk",1,0,4
"EG_WAL_10224","Cairo","Basic",516,71,22,2500,1,"Medium Risk",1,0,7
"EG_WAL_14130","Cairo","Basic",122,71,19,5000,0,"Low Risk",1,0,6
"EG_WAL_10233","Giza","Basic",365,71,23,0,0,"Low Risk",1,0,7
"EG_WAL_10149","Cairo","Basic",465,71,11,5000,0,"Low Risk",1,0,3
"EG_WAL_10976","Giza","Verified_Tier1",305,71,20,2500,0,"Low Risk",1,0,7
"EG_WAL_12764","Cairo","Basic",635,71,19,500,0,"Low Risk",1,0,6
"EG_WAL_11330","Giza","Basic",422,71,15,2500,1,"Medium Risk",1,0,4
"EG_WAL_11028","Cairo","Basic",590,71,15,5000,0,"Low Risk",1,0,5
"EG_WAL_11627","Giza","Merchant",147,71,18,1000,0,"Low Risk",1,0,6
"EG_WAL_14406","Asyut","Basic",98,71,17,0,2,"Medium Risk",1,0,6
"EG_WAL_13743","Cairo","Verified_Tier1",69,71,16,5000,2,"Medium Risk",1,0,5
"EG_WAL_14272","Cairo","Verified_Tier1",558,71,18,1000,1,"Medium Risk",1,0,6
"EG_WAL_11688","Giza","Verified_Tier1",103,71,21,5000,1,"Medium Risk",1,0,7
"EG_WAL_11343","Alexandria","Verified_Tier1",60,71,10,1000,0,"Low Risk",1,0,3
"EG_WAL_10220","Alexandria","Verified_Tier1",525,71,15,1000,0,"Low Risk",1,0,5
"EG_WAL_13407","Asyut","Basic",101,71,23,500,0,"Low Risk",1,0,7
"EG_WAL_12859","Cairo","Verified_Tier1",138,71,17,2500,0,"Low Risk",1,0,6
"EG_WAL_13954","Cairo","Basic",523,71,19,0,1,"Medium Risk",1,0,6
"EG_WAL_11132","Cairo","Basic",381,71,16,1000,1,"Medium Risk",1,0,5
"EG_WAL_14068","Alexandria","Verified_Tier1",100,71,16,5000,2,"Medium Risk",1,0,5
"EG_WAL_10993","Giza","Basic",354,71,12,2500,0,"Low Risk",1,0,3
"EG_WAL_13255","Cairo","Basic",80,71,16,500,0,"Low Risk",1,0,5
"EG_WAL_12534","Alexandria","Merchant",479,71,16,5000,0,"Low Risk",1,0,5
"EG_WAL_14952","Giza","Verified_Tier1",49,71,6,1000,0,"Low Risk",1,0,3
"EG_WAL_10191","Gharbia","Basic",233,71,11,500,0,"Low Risk",1,0,3
"EG_WAL_13638","Cairo","Basic",636,71,14,1000,1,"Medium Risk",1,0,4
"EG_WAL_13179","Alexandria","Basic",626,71,16,500,1,"Medium Risk",1,0,5
"EG_WAL_13696","Asyut","Basic",505,71,14,500,0,"Low Risk",1,0,4
"EG_WAL_11088","Asyut","Basic",141,71,9,5000,0,"Low Risk",1,0,3
"EG_WAL_14048","Gharbia","Merchant",265,71,14,500,4,"High Risk",1,0,4
"EG_WAL_13934","Cairo","Basic",620,71,11,1000,0,"Low Risk",1,0,3
"EG_WAL_10013","Cairo","Basic",552,71,16,1000,1,"Medium Risk",1,0,5
"EG_WAL_10437","Gharbia","Basic",48,71,15,5000,1,"Medium Risk",1,0,5
"EG_WAL_12060","Cairo","Basic",612,71,17,1000,0,"Low Risk",1,0,5
"EG_WAL_12822","Giza","Basic",457,71,20,2500,3,"Medium Risk",1,0,7
"EG_WAL_13007","Cairo","Merchant",89,71,11,5000,0,"Low Risk",1,0,3
"EG_WAL_11725","Cairo","Basic",581,71,18,1000,0,"Low Risk",1,0,6
"EG_WAL_12934","Alexandria","Basic",609,70,14,1000,0,"Low Risk",1,0,4
"EG_WAL_12175","Gharbia","Verified_Tier1",108,70,22,500,1,"Medium Risk",1,0,7
"EG_WAL_11050","Gharbia","Verified_Tier1",366,70,21,500,0,"Low Risk",1,0,7
"EG_WAL_14073","Giza","Merchant",502,70,10,2500,0,"Low Risk",1,0,3
"EG_WAL_13710","Cairo","Basic",717,70,20,5000,1,"Medium Risk",1,0,7
"EG_WAL_13721","Gharbia","Basic",470,70,16,1000,0,"Low Risk",1,0,5
"EG_WAL_14737","Cairo","Basic",454,70,16,5000,0,"Low Risk",1,0,5
"EG_WAL_12274","Asyut","Verified_Tier1",445,70,17,2500,0,"Low Risk",1,0,5
"EG_WAL_11862","Cairo","Basic",138,70,18,2500,0,"Low Risk",1,0,6
"EG_WAL_10207","Alexandria","Verified_Tier1",668,70,21,5000,0,"Low Risk",1,0,7
"EG_WAL_10816","Giza","Basic",78,70,16,5000,0,"Low Risk",1,0,5
"EG_WAL_14127","Asyut","Basic",116,70,13,500,0,"Low Risk",1,0,4
"EG_WAL_12220","Alexandria","Verified_Tier1",629,70,20,2500,1,"Medium Risk",1,0,7
"EG_WAL_12538","Alexandria","Basic",314,70,15,2500,0,"Low Risk",1,0,5
"EG_WAL_14410","Cairo","Basic",595,70,15,2500,0,"Low Risk",1,0,5
"EG_WAL_10761","Cairo","Basic",589,70,20,5000,0,"Low Risk",1,0,7
"EG_WAL_12281","Cairo","Verified_Tier1",135,70,15,5000,0,"Low Risk",1,0,4
"EG_WAL_12562","Cairo","Basic",528,70,19,2500,0,"Low Risk",1,0,6
"EG_WAL_11400","Cairo","Verified_Tier1",719,70,15,500,0,"Low Risk",1,0,4
"EG_WAL_12091","Asyut","Basic",686,70,18,5000,1,"Medium Risk",1,0,6
"EG_WAL_12265","Giza","Basic",71,70,11,5000,0,"Low Risk",1,0,3
"EG_WAL_10265","Alexandria","Basic",336,70,16,1000,0,"Low Risk",1,0,5
"EG_WAL_11331","Alexandria","Verified_Tier1",114,70,16,5000,0,"Low Risk",1,0,5
"EG_WAL_10151","Cairo","Verified_Tier1",168,70,28,500,0,"Low Risk",1,0,7
"EG_WAL_13273","Giza","Verified_Tier1",496,70,13,1000,0,"Low Risk",1,0,4
"EG_WAL_12319","Giza","Verified_Tier1",243,70,15,1000,1,"Medium Risk",1,0,4
"EG_WAL_13272","Alexandria","Basic",96,70,13,1000,0,"Low Risk",1,0,4
"EG_WAL_11677","Giza","Verified_Tier1",202,70,20,500,1,"Medium Risk",1,0,7
"EG_WAL_10376","Gharbia","Verified_Tier1",536,70,18,0,0,"Low Risk",1,0,6
"EG_WAL_13243","Alexandria","Basic",81,70,14,2500,2,"Medium Risk",1,0,4
"EG_WAL_14908","Alexandria","Verified_Tier1",73,70,18,5000,1,"Medium Risk",1,0,6
"EG_WAL_11582","Giza","Verified_Tier1",425,70,17,2500,0,"Low Risk",1,0,5
"EG_WAL_13392","Gharbia","Merchant",682,70,18,1000,0,"Low Risk",1,0,6
"EG_WAL_13200","Giza","Basic",36,70,13,500,2,"Medium Risk",1,0,4
"EG_WAL_11011","Asyut","Basic",563,70,14,500,0,"Low Risk",1,0,4
"EG_WAL_10799","Asyut","Verified_Tier1",80,70,13,2500,0,"Low Risk",1,0,4
"EG_WAL_14110","Giza","Verified_Tier1",209,70,12,1000,2,"Medium Risk",1,0,3
"EG_WAL_14039","Giza","Verified_Tier1",305,70,18,500,0,"Low Risk",1,0,6
"EG_WAL_13958","Cairo","Verified_Tier1",705,70,20,0,0,"Low Risk",1,0,7
"EG_WAL_14386","Asyut","Basic",382,69,17,5000,0,"Low Risk",1,0,6
"EG_WAL_10694","Cairo","Basic",470,69,16,0,0,"Low Risk",1,0,5
"EG_WAL_11868","Cairo","Basic",421,69,12,5000,0,"Low Risk",1,0,3
"EG_WAL_10211","Alexandria","Basic",284,69,14,5000,1,"Medium Risk",1,0,4
"EG_WAL_12497","Gharbia","Basic",188,69,17,5000,1,"Medium Risk",1,0,6
"EG_WAL_11498","Cairo","Verified_Tier1",54,69,19,2500,0,"Low Risk",1,0,6
"EG_WAL_11729","Giza","Verified_Tier1",166,69,22,500,0,"Low Risk",1,0,7
"EG_WAL_14515","Giza","Verified_Tier1",337,69,20,0,0,"Low Risk",1,0,7
"EG_WAL_12458","Giza","Basic",359,69,9,500,1,"Medium Risk",1,0,3
"EG_WAL_11818","Giza","Basic",262,69,21,500,0,"Low Risk",1,0,7
"EG_WAL_13434","Alexandria","Verified_Tier1",501,69,17,0,1,"Medium Risk",1,0,6
"EG_WAL_11311","Gharbia","Basic",391,69,8,5000,1,"Medium Risk",1,0,3
"EG_WAL_14913","Cairo","Basic",191,69,9,5000,0,"Low Risk",1,0,3
"EG_WAL_10841","Alexandria","Verified_Tier1",467,69,12,2500,0,"Low Risk",1,0,3
"EG_WAL_12711","Giza","Basic",579,69,9,0,0,"Low Risk",1,0,3
"EG_WAL_12950","Gharbia","Merchant",218,69,17,5000,0,"Low Risk",1,0,6
"EG_WAL_13142","Giza","Verified_Tier1",700,69,12,0,0,"Low Risk",1,0,3
"EG_WAL_14162","Giza","Basic",257,69,16,0,0,"Low Risk",1,0,5
"EG_WAL_14518","Cairo","Verified_Tier1",271,69,13,500,0,"Low Risk",1,0,4
"EG_WAL_13463","Giza","Verified_Tier1",525,69,10,2500,0,"Low Risk",1,0,3
"EG_WAL_12619","Cairo","Basic",293,69,19,2500,1,"Medium Risk",1,0,6
"EG_WAL_13866","Giza","Verified_Tier1",424,69,7,2500,0,"Low Risk",1,0,3
"EG_WAL_14482","Giza","Basic",613,69,17,1000,3,"Medium Risk",1,0,5
"EG_WAL_11422","Cairo","Basic",108,69,11,0,0,"Low Risk",1,0,3
"EG_WAL_10476","Cairo","Basic",603,69,13,500,1,"Medium Risk",1,0,4
"EG_WAL_13150","Giza","Verified_Tier1",515,69,19,500,0,"Low Risk",1,0,6
"EG_WAL_12240","Alexandria","Basic",433,69,19,1000,0,"Low Risk",1,0,6
"EG_WAL_14493","Alexandria","Basic",264,69,10,500,1,"Medium Risk",1,0,3
"EG_WAL_14578","Asyut","Verified_Tier1",37,69,15,1000,0,"Low Risk",1,0,4
"EG_WAL_13514","Gharbia","Basic",298,69,14,500,2,"Medium Risk",1,0,4
"EG_WAL_13903","Cairo","Verified_Tier1",67,69,12,2500,0,"Low Risk",1,0,3
"EG_WAL_11617","Alexandria","Basic",704,69,10,1000,0,"Low Risk",1,0,3
"EG_WAL_12799","Cairo","Verified_Tier1",604,69,7,500,0,"Low Risk",1,0,3
"EG_WAL_14383","Giza","Basic",213,69,12,1000,0,"Low Risk",1,0,3
"EG_WAL_13153","Giza","Basic",584,69,21,1000,0,"Low Risk",1,0,7
"EG_WAL_12836","Asyut","Verified_Tier1",60,69,13,1000,0,"Low Risk",1,0,4
"EG_WAL_11653","Cairo","Merchant",673,69,23,5000,1,"Medium Risk",1,0,7
"EG_WAL_12273","Alexandria","Basic",455,69,16,5000,1,"Medium Risk",1,0,5
"EG_WAL_13994","Giza","Verified_Tier1",326,69,18,0,0,"Low Risk",1,0,6
"EG_WAL_10384","Alexandria","Basic",423,69,18,500,0,"Low Risk",1,0,6
"EG_WAL_12597","Giza","Verified_Tier1",471,69,7,1000,0,"Low Risk",1,0,3
"EG_WAL_12483","Cairo","Verified_Tier1",174,69,10,5000,0,"Low Risk",1,0,3
"EG_WAL_12083","Asyut","Basic",362,69,20,500,0,"Low Risk",1,0,7
"EG_WAL_11544","Asyut","Basic",468,69,11,500,0,"Low Risk",1,0,3
"EG_WAL_11989","Alexandria","Basic",210,69,20,500,1,"Medium Risk",1,0,7
"EG_WAL_12614","Cairo","Verified_Tier1",653,69,23,2500,0,"Low Risk",1,0,7
"EG_WAL_14866","Cairo","Merchant",687,69,15,0,0,"Low Risk",1,0,4
"EG_WAL_10297","Cairo","Basic",236,69,16,500,1,"Medium Risk",1,0,5
"EG_WAL_14182","Alexandria","Basic",680,69,22,2500,0,"Low Risk",1,0,7
"EG_WAL_12559","Giza","Basic",494,69,13,1000,0,"Low Risk",1,0,3
"EG_WAL_13816","Cairo","Basic",584,69,16,1000,2,"Medium Risk",1,0,5
"EG_WAL_12165","Asyut","Basic",215,68,7,5000,0,"Low Risk",1,0,3
"EG_WAL_13987","Giza","Verified_Tier1",699,68,18,2500,1,"Medium Risk",1,0,6
"EG_WAL_12528","Cairo","Basic",299,68,26,2500,0,"Low Risk",1,0,7
"EG_WAL_11887","Cairo","Verified_Tier1",49,68,10,500,0,"Low Risk",1,0,3
"EG_WAL_10835","Giza","Basic",288,68,18,0,2,"Medium Risk",1,0,6
"EG_WAL_13470","Cairo","Verified_Tier1",37,68,10,1000,0,"Low Risk",1,0,3
"EG_WAL_10849","Giza","Basic",638,68,18,1000,0,"Low Risk",1,0,6
"EG_WAL_10073","Gharbia","Merchant",498,68,18,2500,1,"Medium Risk",1,0,6
"EG_WAL_14421","Asyut","Basic",272,68,18,500,0,"Low Risk",1,0,6
"EG_WAL_14479","Giza","Merchant",588,68,24,5000,1,"Medium Risk",1,0,7
"EG_WAL_10718","Cairo","Basic",195,68,10,500,0,"Low Risk",1,0,3
"EG_WAL_11924","Alexandria","Basic",421,68,11,500,0,"Low Risk",1,0,3
"EG_WAL_10911","Cairo","Merchant",35,68,11,1000,1,"Medium Risk",1,0,3
"EG_WAL_11993","Cairo","Basic",332,68,11,5000,0,"Low Risk",1,0,3
"EG_WAL_12230","Alexandria","Verified_Tier1",405,68,18,5000,1,"Medium Risk",1,0,6
"EG_WAL_12205","Asyut","Basic",227,68,11,1000,1,"Medium Risk",1,0,3
"EG_WAL_10127","Gharbia","Basic",372,68,18,2500,0,"Low Risk",1,0,6
"EG_WAL_14863","Cairo","Verified_Tier1",136,68,11,500,0,"Low Risk",1,0,3
"EG_WAL_10113","Gharbia","Basic",68,68,18,5000,0,"Low Risk",1,0,6
"EG_WAL_10919","Cairo","Verified_Tier1",628,68,17,1000,0,"Low Risk",1,0,6
"EG_WAL_10762","Cairo","Verified_Tier1",380,68,19,5000,0,"Low Risk",1,0,6
"EG_WAL_13173","Cairo","Basic",457,68,12,500,0,"Low Risk",1,0,3
"EG_WAL_11621","Cairo","Basic",408,68,22,500,0,"Low Risk",1,0,7
"EG_WAL_10720","Asyut","Basic",402,68,17,0,0,"Low Risk",1,0,6
"EG_WAL_12031","Giza","Basic",109,68,12,500,0,"Low Risk",1,0,3
"EG_WAL_12136","Cairo","Basic",406,68,17,2500,0,"Low Risk",1,0,6
"EG_WAL_10562","Cairo","Verified_Tier1",97,68,13,0,1,"Medium Risk",1,0,4
"EG_WAL_10237","Cairo","Verified_Tier1",631,68,22,500,0,"Low Risk",1,0,7
"EG_WAL_13842","Giza","Verified_Tier1",675,68,13,5000,2,"Medium Risk",1,0,4
"EG_WAL_12968","Asyut","Basic",228,68,22,1000,0,"Low Risk",1,0,7
"EG_WAL_14680","Cairo","Basic",506,68,13,1000,1,"Medium Risk",1,0,4
"EG_WAL_11645","Alexandria","Verified_Tier1",668,68,19,0,0,"Low Risk",1,0,6
"EG_WAL_11632","Alexandria","Basic",129,68,13,500,0,"Low Risk",1,0,4
"EG_WAL_12140","Gharbia","Basic",348,68,13,0,1,"Medium Risk",1,0,4
"EG_WAL_13014","Giza","Basic",696,68,19,500,2,"Medium Risk",1,0,6
"EG_WAL_12722","Alexandria","Basic",225,68,13,5000,0,"Low Risk",1,0,4
"EG_WAL_10025","Alexandria","Basic",558,68,14,500,0,"Low Risk",1,0,4
"EG_WAL_14335","Cairo","Basic",115,68,21,1000,1,"Medium Risk",1,0,7
"EG_WAL_12320","Asyut","Basic",603,68,14,0,0,"Low Risk",1,0,4
"EG_WAL_12363","Giza","Basic",220,68,14,500,0,"Low Risk",1,0,4
"EG_WAL_12862","Asyut","Basic",464,68,14,500,0,"Low Risk",1,0,4
"EG_WAL_10904","Giza","Basic",102,68,21,5000,0,"Low Risk",1,0,7
"EG_WAL_14046","Cairo","Basic",682,68,21,2500,0,"Low Risk",1,0,7
"EG_WAL_13119","Cairo","Verified_Tier1",411,68,21,1000,0,"Low Risk",1,0,7
"EG_WAL_12933","Giza","Basic",302,68,17,2500,0,"Low Risk",1,0,5
"EG_WAL_14852","Alexandria","Basic",515,68,15,2500,2,"Medium Risk",1,0,4
"EG_WAL_13382","Cairo","Basic",247,68,15,0,0,"Low Risk",1,0,4
"EG_WAL_10653","Alexandria","Verified_Tier1",503,68,15,2500,1,"Medium Risk",1,0,4
"EG_WAL_13501","Gharbia","Basic",676,68,15,1000,2,"Medium Risk",1,0,4
"EG_WAL_13549","Giza","Basic",590,68,20,2500,0,"Low Risk",1,0,7
"EG_WAL_12795","Giza","Basic",122,68,20,1000,0,"Low Risk",1,0,7
"EG_WAL_13644","Alexandria","Basic",345,68,20,5000,3,"Medium Risk",1,0,7
"EG_WAL_14992","Cairo","Verified_Tier1",89,68,15,2500,0,"Low Risk",1,0,5
"EG_WAL_12906","Asyut","Verified_Tier1",497,68,15,2500,0,"Low Risk",1,0,5
"EG_WAL_14881","Giza","Basic",157,68,20,5000,1,"Medium Risk",1,0,7
"EG_WAL_14494","Alexandria","Verified_Tier1",582,68,20,2500,0,"Low Risk",1,0,7
"EG_WAL_13047","Cairo","Basic",354,68,15,2500,0,"Low Risk",1,0,5
"EG_WAL_10777","Alexandria","Basic",232,68,15,5000,0,"Low Risk",1,0,5
"EG_WAL_13947","Giza","Verified_Tier1",134,68,15,2500,0,"Low Risk",1,0,5
"EG_WAL_13891","Giza","Verified_Tier1",368,68,15,2500,0,"Low Risk",1,0,5
"EG_WAL_13974","Cairo","Merchant",452,68,20,0,2,"Medium Risk",1,0,7
"EG_WAL_13885","Asyut","Basic",388,68,16,1000,0,"Low Risk",1,0,5
"EG_WAL_12657","Gharbia","Basic",587,68,16,500,0,"Low Risk",1,0,5
"EG_WAL_13811","Giza","Basic",646,68,16,500,0,"Low Risk",1,0,5
"EG_WAL_14226","Cairo","Basic",664,68,16,5000,1,"Medium Risk",1,0,5
"EG_WAL_11980","Cairo","Verified_Tier1",716,68,16,2500,3,"Medium Risk",1,0,5
"EG_WAL_11941","Cairo","Verified_Tier1",408,67,10,1000,0,"Low Risk",1,0,3
"EG_WAL_12901","Alexandria","Verified_Tier1",136,67,14,5000,0,"Low Risk",1,0,4
"EG_WAL_13395","Asyut","Verified_Tier1",50,67,12,1000,1,"Medium Risk",1,0,3
"EG_WAL_14758","Giza","Basic",250,67,14,1000,0,"Low Risk",1,0,4
"EG_WAL_11694","Cairo","Merchant",664,67,13,1000,2,"Medium Risk",1,0,4
"EG_WAL_12536","Alexandria","Basic",282,67,13,2500,0,"Low Risk",1,0,4
"EG_WAL_10996","Asyut","Basic",563,67,10,2500,1,"Medium Risk",1,0,3
"EG_WAL_12568","Gharbia","Basic",82,67,16,500,1,"Medium Risk",1,0,5
"EG_WAL_12954","Asyut","Verified_Tier1",300,67,12,2500,2,"Medium Risk",1,0,3
"EG_WAL_13661","Giza","Verified_Tier1",77,67,9,0,0,"Low Risk",1,0,3
"EG_WAL_14483","Giza","Basic",447,67,18,5000,0,"Low Risk",1,0,6
"EG_WAL_10853","Gharbia","Verified_Tier1",562,67,10,1000,0,"Low Risk",1,0,3
"EG_WAL_10432","Giza","Verified_Tier1",546,67,16,500,0,"Low Risk",1,0,5
"EG_WAL_12829","Cairo","Basic",133,67,11,500,0,"Low Risk",1,0,3
"EG_WAL_14946","Giza","Basic",560,67,20,0,0,"Low Risk",1,0,7
"EG_WAL_13862","Cairo","Basic",33,67,18,500,0,"Low Risk",1,0,6
"EG_WAL_10303","Giza","Verified_Tier1",98,67,15,500,1,"Medium Risk",1,0,5
"EG_WAL_12852","Cairo","Verified_Tier1",130,67,22,5000,1,"Medium Risk",1,0,7
"EG_WAL_14682","Asyut","Basic",184,67,16,1000,0,"Low Risk",1,0,5
"EG_WAL_10541","Giza","Basic",284,67,19,500,0,"Low Risk",1,0,6
"EG_WAL_12169","Cairo","Verified_Tier1",419,67,12,5000,0,"Low Risk",1,0,3
"EG_WAL_13730","Cairo","Basic",532,67,17,1000,0,"Low Risk",1,0,5
"EG_WAL_11554","Cairo","Verified_Tier1",50,67,8,2500,1,"Medium Risk",1,0,3
"EG_WAL_11315","Giza","Verified_Tier1",385,67,23,2500,0,"Low Risk",1,0,7
"EG_WAL_12745","Alexandria","Basic",335,67,18,5000,0,"Low Risk",1,0,6
"EG_WAL_12394","Gharbia","Verified_Tier1",94,67,12,0,2,"Medium Risk",1,0,3
"EG_WAL_11249","Giza","Basic",160,67,20,5000,0,"Low Risk",1,0,7
"EG_WAL_12378","Giza","Merchant",577,67,24,1000,0,"Low Risk",1,0,7
"EG_WAL_13715","Cairo","Basic",598,67,9,5000,0,"Low Risk",1,0,3
"EG_WAL_13378","Cairo","Basic",71,67,18,1000,0,"Low Risk",1,0,6
"EG_WAL_11630","Alexandria","Basic",485,67,19,1000,0,"Low Risk",1,0,6
"EG_WAL_11997","Cairo","Basic",712,67,18,500,0,"Low Risk",1,0,6
"EG_WAL_14826","Alexandria","Verified_Tier1",222,67,17,5000,0,"Low Risk",1,0,6
"EG_WAL_14592","Giza","Basic",618,67,18,2500,0,"Low Risk",1,0,6
"EG_WAL_11407","Gharbia","Verified_Tier1",198,67,13,1000,0,"Low Risk",1,0,4
"EG_WAL_11351","Giza","Verified_Tier1",130,66,11,5000,1,"Medium Risk",1,0,3
"EG_WAL_12929","Cairo","Basic",405,66,13,500,0,"Low Risk",1,0,4
"EG_WAL_14674","Giza","Basic",407,66,22,500,3,"Medium Risk",1,0,7
"EG_WAL_14090","Alexandria","Basic",636,66,12,5000,3,"Medium Risk",1,0,3
"EG_WAL_10120","Gharbia","Verified_Tier1",139,66,17,500,0,"Low Risk",1,0,5
"EG_WAL_14667","Gharbia","Basic",554,66,15,1000,0,"Low Risk",1,0,4
"EG_WAL_11660","Giza","Basic",226,66,15,1000,1,"Medium Risk",1,0,5
"EG_WAL_11698","Asyut","Basic",134,66,9,1000,1,"Medium Risk",1,0,3
"EG_WAL_12252","Alexandria","Basic",693,66,15,2500,0,"Low Risk",1,0,4
"EG_WAL_10161","Giza","Basic",304,66,13,500,0,"Low Risk",1,0,4
"EG_WAL_13063","Giza","Basic",600,66,17,0,0,"Low Risk",1,0,6
"EG_WAL_13786","Giza","Verified_Tier1",220,66,26,1000,0,"Low Risk",1,0,7
"EG_WAL_14031","Cairo","Basic",495,66,14,5000,0,"Low Risk",1,0,4
"EG_WAL_13665","Giza","Basic",136,66,22,0,1,"Medium Risk",1,0,7
"EG_WAL_14888","Cairo","Verified_Tier1",424,66,16,5000,0,"Low Risk",1,0,5
"EG_WAL_14533","Cairo","Basic",718,66,13,0,0,"Low Risk",1,0,3
"EG_WAL_12924","Cairo","Basic",309,66,15,500,1,"Medium Risk",1,0,5
"EG_WAL_13148","Alexandria","Verified_Tier1",522,66,13,1000,0,"Low Risk",1,0,4
"EG_WAL_13429","Giza","Merchant",662,66,14,500,1,"Medium Risk",1,0,4
"EG_WAL_12502","Giza","Basic",76,66,13,5000,0,"Low Risk",1,0,4
"EG_WAL_14132","Alexandria","Basic",558,66,19,2500,0,"Low Risk",1,0,6
"EG_WAL_10810","Asyut","Basic",39,66,15,5000,1,"Medium Risk",1,0,5
"EG_WAL_13068","Cairo","Verified_Tier1",598,66,14,5000,0,"Low Risk",1,0,4
"EG_WAL_11334","Asyut","Verified_Tier1",640,66,11,5000,0,"Low Risk",1,0,3
"EG_WAL_10262","Cairo","Basic",134,66,13,1000,1,"Medium Risk",1,0,4
"EG_WAL_13126","Alexandria","Basic",103,66,15,500,0,"Low Risk",1,0,5
"EG_WAL_14308","Gharbia","Basic",297,66,10,1000,2,"Medium Risk",1,0,3
"EG_WAL_12068","Cairo","Verified_Tier1",654,66,14,2500,3,"Medium Risk",1,0,4
"EG_WAL_14477","Cairo","Basic",60,66,10,500,0,"Low Risk",1,0,3
"EG_WAL_12296","Cairo","Basic",197,66,21,500,2,"Medium Risk",1,0,7
"EG_WAL_14121","Giza","Basic",369,66,9,1000,1,"Medium Risk",1,0,3
"EG_WAL_10783","Cairo","Basic",95,66,11,1000,0,"Low Risk",1,0,3
"EG_WAL_10184","Cairo","Basic",623,66,17,1000,1,"Medium Risk",1,0,5
"EG_WAL_10863","Giza","Basic",278,66,15,1000,0,"Low Risk",1,0,5
"EG_WAL_10153","Giza","Verified_Tier1",215,66,18,1000,0,"Low Risk",1,0,6
"EG_WAL_11902","Alexandria","Basic",532,66,15,5000,0,"Low Risk",1,0,5
"EG_WAL_14106","Asyut","Verified_Tier1",162,66,9,500,0,"Low Risk",1,0,3
"EG_WAL_13028","Alexandria","Basic",366,66,17,0,0,"Low Risk",1,0,6
"EG_WAL_14336","Giza","Basic",256,66,14,1000,0,"Low Risk",1,0,4
"EG_WAL_10642","Cairo","Basic",170,66,15,500,0,"Low Risk",1,0,4
"EG_WAL_14889","Alexandria","Basic",140,66,14,2500,0,"Low Risk",1,0,4
"EG_WAL_13515","Asyut","Basic",297,66,10,5000,0,"Low Risk",1,0,3
"EG_WAL_14951","Cairo","Verified_Tier1",628,66,20,0,0,"Low Risk",1,0,7
"EG_WAL_13447","Alexandria","Verified_Tier1",511,66,12,1000,2,"Medium Risk",1,0,3
"EG_WAL_14513","Giza","Verified_Tier1",606,66,24,500,0,"Low Risk",1,0,7
"EG_WAL_10485","Asyut","Verified_Tier1",577,66,19,500,2,"Medium Risk",1,0,6
"EG_WAL_11918","Cairo","Verified_Tier1",259,66,21,2500,0,"Low Risk",1,0,7
"EG_WAL_13814","Cairo","Basic",554,66,14,2500,0,"Low Risk",1,0,4
"EG_WAL_14257","Giza","Verified_Tier1",37,66,20,0,0,"Low Risk",1,0,7
"EG_WAL_14246","Cairo","Verified_Tier1",432,66,12,2500,0,"Low Risk",1,0,3
"EG_WAL_13849","Cairo","Basic",655,66,13,500,1,"Medium Risk",1,0,4
"EG_WAL_13204","Alexandria","Basic",628,66,18,5000,0,"Low Risk",1,0,6
"EG_WAL_14744","Cairo","Basic",427,66,10,1000,0,"Low Risk",1,0,3
"EG_WAL_10124","Cairo","Basic",86,66,11,500,0,"Low Risk",1,0,3
"EG_WAL_14491","Alexandria","Verified_Tier1",110,66,12,500,0,"Low Risk",1,0,3
"EG_WAL_10808","Giza","Basic",218,66,19,5000,0,"Low Risk",1,0,6
"EG_WAL_10067","Gharbia","Basic",31,65,14,1000,1,"Medium Risk",1,0,4
"EG_WAL_12065","Alexandria","Basic",388,65,23,5000,0,"Low Risk",1,0,7
"EG_WAL_14271","Asyut","Basic",612,65,15,1000,0,"Low Risk",1,0,5
"EG_WAL_11991","Cairo","Basic",349,65,14,5000,0,"Low Risk",1,0,4
"EG_WAL_10164","Cairo","Verified_Tier1",339,65,14,2500,0,"Low Risk",1,0,4
"EG_WAL_13977","Giza","Basic",162,65,15,5000,1,"Medium Risk",1,0,5
"EG_WAL_10209","Cairo","Basic",445,65,14,5000,0,"Low Risk",1,0,4
"EG_WAL_13078","Cairo","Verified_Tier1",630,65,15,1000,1,"Medium Risk",1,0,5
"EG_WAL_13164","Cairo","Basic",714,65,21,2500,3,"Medium Risk",1,0,7
"EG_WAL_14767","Cairo","Basic",327,65,20,5000,0,"Low Risk",1,0,7
"EG_WAL_13061","Cairo","Basic",439,65,24,2500,0,"Low Risk",1,0,7
"EG_WAL_10774","Alexandria","Verified_Tier1",552,65,9,1000,1,"Medium Risk",1,0,3
"EG_WAL_14446","Cairo","Basic",550,65,13,5000,1,"Medium Risk",1,0,4
"EG_WAL_13556","Cairo","Basic",200,65,14,500,0,"Low Risk",1,0,4
"EG_WAL_11587","Giza","Verified_Tier1",436,65,14,0,0,"Low Risk",1,0,4
"EG_WAL_12247","Gharbia","Basic",482,65,12,500,0,"Low Risk",1,0,3
"EG_WAL_14011","Cairo","Basic",704,65,18,2500,0,"Low Risk",1,0,6
"EG_WAL_10617","Cairo","Basic",167,65,13,1000,3,"Medium Risk",1,0,3
"EG_WAL_13914","Asyut","Basic",264,65,11,0,1,"Medium Risk",1,0,3
"EG_WAL_10594","Gharbia","Verified_Tier1",343,65,14,1000,0,"Low Risk",1,0,4
"EG_WAL_10287","Giza","Basic",687,65,16,1000,1,"Medium Risk",1,0,5
"EG_WAL_13718","Giza","Basic",317,65,11,500,1,"Medium Risk",1,0,3
"EG_WAL_11457","Alexandria","Verified_Tier1",36,65,14,5000,0,"Low Risk",1,0,4
"EG_WAL_11946","Giza","Verified_Tier1",191,65,16,5000,1,"Medium Risk",1,0,5
"EG_WAL_13933","Cairo","Basic",650,65,13,500,0,"Low Risk",1,0,4
"EG_WAL_12422","Alexandria","Verified_Tier1",152,65,9,5000,0,"Low Risk",1,0,3
"EG_WAL_14993","Giza","Basic",511,65,11,5000,0,"Low Risk",1,0,3
"EG_WAL_13342","Giza","Basic",602,65,19,500,0,"Low Risk",1,0,6
"EG_WAL_11949","Giza","Basic",190,65,16,500,0,"Low Risk",1,0,5
"EG_WAL_12724","Cairo","Basic",693,65,18,500,0,"Low Risk",1,0,6
"EG_WAL_12141","Giza","Basic",398,65,13,500,0,"Low Risk",1,0,4
"EG_WAL_13197","Gharbia","Basic",699,65,13,5000,1,"Medium Risk",1,0,4
"EG_WAL_14275","Giza","Basic",39,65,22,1000,0,"Low Risk",1,0,7
"EG_WAL_11817","Alexandria","Verified_Tier1",486,65,17,5000,0,"Low Risk",1,0,6
"EG_WAL_13788","Cairo","Basic",708,65,13,2500,0,"Low Risk",1,0,4
"EG_WAL_14867","Cairo","Basic",593,65,17,500,0,"Low Risk",1,0,6
"EG_WAL_11555","Cairo","Verified_Tier1",200,65,15,1000,1,"Medium Risk",1,0,4
"EG_WAL_12765","Asyut","Basic",463,65,15,1000,0,"Low Risk",1,0,5
"EG_WAL_10321","Alexandria","Verified_Tier1",501,65,15,1000,0,"Low Risk",1,0,5
"EG_WAL_12455","Cairo","Basic",556,65,17,500,0,"Low Risk",1,0,5
"EG_WAL_13846","Asyut","Verified_Tier1",668,65,14,2500,0,"Low Risk",1,0,4
"EG_WAL_10912","Giza","Merchant",666,65,16,500,0,"Low Risk",1,0,5
"EG_WAL_14436","Cairo","Basic",504,65,20,2500,0,"Low Risk",1,0,7
"EG_WAL_13568","Alexandria","Basic",540,65,17,5000,0,"Low Risk",1,0,6
"EG_WAL_14779","Cairo","Verified_Tier1",210,65,12,500,1,"Medium Risk",1,0,3
"EG_WAL_14055","Cairo","Verified_Tier1",521,65,25,5000,0,"Low Risk",1,0,7
"EG_WAL_11138","Giza","Verified_Tier1",712,65,15,0,1,"Medium Risk",1,0,4
"EG_WAL_11586","Alexandria","Basic",428,65,17,500,0,"Low Risk",1,0,5
"EG_WAL_14615","Cairo","Basic",205,65,28,0,1,"Medium Risk",1,0,7
"EG_WAL_13650","Alexandria","Basic",247,65,15,5000,0,"Low Risk",1,0,4
"EG_WAL_14759","Asyut","Verified_Tier1",457,64,16,2500,0,"Low Risk",1,0,5
"EG_WAL_10312","Cairo","Basic",475,64,16,500,1,"Medium Risk",1,0,5
"EG_WAL_13026","Asyut","Merchant",216,64,17,500,0,"Low Risk",1,0,6
"EG_WAL_14890","Cairo","Basic",119,64,15,5000,0,"Low Risk",1,0,5
"EG_WAL_10651","Giza","Verified_Tier1",377,64,20,2500,1,"Medium Risk",1,0,7
"EG_WAL_12702","Cairo","Basic",671,64,24,500,0,"Low Risk",1,0,7
"EG_WAL_10646","Giza","Basic",270,64,17,0,0,"Low Risk",1,0,6
"EG_WAL_12401","Cairo","Verified_Tier1",409,64,11,2500,2,"Medium Risk",1,0,3
"EG_WAL_11348","Asyut","Basic",646,64,13,5000,1,"Medium Risk",1,0,4
"EG_WAL_14703","Giza","Basic",366,64,14,5000,2,"Medium Risk",1,0,4
"EG_WAL_11890","Cairo","Basic",237,64,19,2500,1,"Medium Risk",1,0,6
"EG_WAL_11743","Cairo","Basic",680,64,20,500,2,"Medium Risk",1,0,7
"EG_WAL_13707","Cairo","Basic",657,64,20,5000,0,"Low Risk",1,0,7
"EG_WAL_14170","Cairo","Verified_Tier1",307,64,19,1000,0,"Low Risk",1,0,6
"EG_WAL_14521","Giza","Verified_Tier1",583,64,20,0,1,"Medium Risk",1,0,7
"EG_WAL_11800","Asyut","Verified_Tier1",676,64,15,5000,0,"Low Risk",1,0,5
"EG_WAL_14997","Cairo","Basic",574,64,10,1000,0,"Low Risk",1,0,3
"EG_WAL_11553","Gharbia","Verified_Tier1",324,64,11,500,0,"Low Risk",1,0,3
"EG_WAL_13307","Cairo","Basic",171,64,15,1000,0,"Low Risk",1,0,4
"EG_WAL_13923","Cairo","Merchant",96,64,11,0,0,"Low Risk",1,0,3
"EG_WAL_11036","Cairo","Basic",543,64,9,5000,1,"Medium Risk",1,0,3
"EG_WAL_14415","Giza","Basic",669,64,9,0,0,"Low Risk",1,0,3
"EG_WAL_13170","Alexandria","Basic",533,64,14,500,1,"Medium Risk",1,0,4
"EG_WAL_12801","Asyut","Verified_Tier1",132,64,17,1000,0,"Low Risk",1,0,5
"EG_WAL_10606","Cairo","Basic",592,64,12,2500,0,"Low Risk",1,0,3
"EG_WAL_10100","Cairo","Basic",407,64,9,5000,1,"Medium Risk",1,0,3
"EG_WAL_10371","Cairo","Basic",329,64,22,1000,0,"Low Risk",1,0,7
"EG_WAL_10537","Cairo","Verified_Tier1",540,64,10,2500,0,"Low Risk",1,0,3
"EG_WAL_11043","Giza","Basic",417,64,8,2500,0,"Low Risk",1,0,3
"EG_WAL_12328","Giza","Basic",392,64,17,2500,0,"Low Risk",1,0,5
"EG_WAL_14334","Cairo","Basic",417,64,11,2500,4,"High Risk",1,1,3
"EG_WAL_12651","Cairo","Basic",117,64,16,1000,0,"Low Risk",1,0,5
"EG_WAL_10078","Cairo","Basic",489,64,12,0,0,"Low Risk",1,0,3
"EG_WAL_13281","Cairo","Basic",446,64,22,500,0,"Low Risk",1,0,7
"EG_WAL_10746","Cairo","Basic",218,64,26,5000,1,"Medium Risk",1,0,7
"EG_WAL_14236","Cairo","Basic",48,64,15,2500,0,"Low Risk",1,0,5
"EG_WAL_12277","Giza","Verified_Tier1",414,64,14,5000,0,"Low Risk",1,0,4
"EG_WAL_10655","Cairo","Basic",396,64,17,1000,0,"Low Risk",1,0,5
"EG_WAL_10319","Cairo","Basic",244,64,13,2500,2,"Medium Risk",1,0,4
"EG_WAL_14079","Cairo","Basic",292,64,19,1000,2,"Medium Risk",1,0,6
"EG_WAL_10696","Cairo","Basic",425,64,16,1000,1,"Medium Risk",1,0,5
"EG_WAL_11254","Alexandria","Verified_Tier1",432,64,15,5000,0,"Low Risk",1,0,5
"EG_WAL_14081","Cairo","Basic",478,64,17,1000,1,"Medium Risk",1,0,6
"EG_WAL_13652","Gharbia","Merchant",335,64,16,1000,1,"Medium Risk",1,0,5
"EG_WAL_14639","Gharbia","Basic",526,64,12,2500,0,"Low Risk",1,0,3
"EG_WAL_10099","Cairo","Verified_Tier1",475,64,13,2500,0,"Low Risk",1,0,4
"EG_WAL_11604","Cairo","Basic",709,64,22,2500,0,"Low Risk",1,0,7
"EG_WAL_13144","Cairo","Verified_Tier1",321,64,18,0,0,"Low Risk",1,0,6
"EG_WAL_13573","Asyut","Basic",614,64,7,5000,0,"Low Risk",1,0,3
"EG_WAL_12197","Gharbia","Verified_Tier1",693,64,17,500,0,"Low Risk",1,0,5
"EG_WAL_14240","Alexandria","Basic",326,64,14,1000,0,"Low Risk",1,0,4
"EG_WAL_13339","Alexandria","Basic",610,64,22,2500,0,"Low Risk",1,0,7
"EG_WAL_12943","Alexandria","Basic",118,64,18,0,0,"Low Risk",1,0,6
"EG_WAL_14574","Alexandria","Verified_Tier1",576,64,16,500,0,"Low Risk",1,0,5
"EG_WAL_11082","Giza","Basic",349,64,12,500,1,"Medium Risk",1,0,3
"EG_WAL_10389","Gharbia","Verified_Tier1",434,64,14,2500,0,"Low Risk",1,0,4
"EG_WAL_11984","Cairo","Basic",233,64,16,1000,0,"Low Risk",1,0,5
"EG_WAL_11478","Alexandria","Verified_Tier1",227,64,14,5000,0,"Low Risk",1,0,4
"EG_WAL_10063","Cairo","Verified_Tier1",296,64,7,500,0,"Low Risk",1,0,3
"EG_WAL_12047","Alexandria","Basic",452,64,22,5000,0,"Low Risk",1,0,7
"EG_WAL_12052","Cairo","Merchant",560,63,23,2500,4,"High Risk",1,1,7
"EG_WAL_10467","Gharbia","Basic",147,63,26,2500,1,"Medium Risk",1,0,7
"EG_WAL_14371","Cairo","Basic",489,63,18,5000,1,"Medium Risk",1,0,6
"EG_WAL_11968","Cairo","Basic",541,63,15,2500,0,"Low Risk",1,0,5
"EG_WAL_13620","Alexandria","Verified_Tier1",119,63,19,5000,0,"Low Risk",1,0,6
"EG_WAL_12669","Cairo","Basic",691,63,19,2500,0,"Low Risk",1,0,6
"EG_WAL_10010","Cairo","Basic",676,63,16,500,0,"Low Risk",1,0,5
"EG_WAL_11787","Giza","Verified_Tier1",193,63,7,1000,4,"High Risk",1,0,3
"EG_WAL_13209","Giza","Basic",491,63,20,1000,0,"Low Risk",1,0,7
"EG_WAL_13561","Gharbia","Verified_Tier1",402,63,13,0,1,"Medium Risk",1,0,4
"EG_WAL_14328","Cairo","Basic",634,63,15,500,0,"Low Risk",1,0,5
"EG_WAL_14027","Cairo","Basic",527,63,18,1000,1,"Medium Risk",1,0,6
"EG_WAL_14776","Cairo","Verified_Tier1",338,63,18,5000,0,"Low Risk",1,0,6
"EG_WAL_10550","Giza","Merchant",497,63,22,500,0,"Low Risk",1,0,7
"EG_WAL_14114","Giza","Basic",50,63,9,500,1,"Medium Risk",1,0,3
"EG_WAL_12470","Cairo","Verified_Tier1",383,63,19,500,0,"Low Risk",1,0,7
"EG_WAL_11316","Giza","Verified_Tier1",569,63,12,5000,0,"Low Risk",1,0,3
"EG_WAL_12484","Giza","Verified_Tier1",304,63,15,1000,2,"Medium Risk",1,0,5
"EG_WAL_10921","Giza","Verified_Tier1",233,63,11,5000,0,"Low Risk",1,0,3
"EG_WAL_13106","Alexandria","Basic",446,63,19,2500,0,"Low Risk",1,0,6
"EG_WAL_10818","Cairo","Verified_Tier1",718,63,20,0,2,"Medium Risk",1,0,7
"EG_WAL_10403","Gharbia","Basic",325,63,20,0,0,"Low Risk",1,0,7
"EG_WAL_12450","Cairo","Basic",135,63,21,1000,0,"Low Risk",1,0,7
"EG_WAL_11972","Cairo","Merchant",472,63,11,500,2,"Medium Risk",1,0,3
"EG_WAL_11022","Asyut","Verified_Tier1",365,63,12,1000,0,"Low Risk",1,0,3
"EG_WAL_11259","Giza","Basic",401,63,16,1000,4,"High Risk",1,1,5
"EG_WAL_12071","Giza","Verified_Tier1",633,63,14,2500,0,"Low Risk",1,0,4
"EG_WAL_12887","Giza","Verified_Tier1",125,63,11,5000,0,"Low Risk",1,0,3
"EG_WAL_12262","Gharbia","Basic",194,63,13,1000,0,"Low Risk",1,0,4
"EG_WAL_13221","Cairo","Verified_Tier1",493,63,16,2500,0,"Low Risk",1,0,5
"EG_WAL_14405","Alexandria","Verified_Tier1",629,63,11,2500,1,"Medium Risk",1,0,3
"EG_WAL_10060","Cairo","Basic",421,63,17,500,0,"Low Risk",1,0,5
"EG_WAL_12527","Asyut","Basic",167,63,14,2500,0,"Low Risk",1,0,4
"EG_WAL_12973","Alexandria","Basic",52,63,12,2500,1,"Medium Risk",1,0,3
"EG_WAL_11567","Cairo","Merchant",550,63,15,0,0,"Low Risk",1,0,4
"EG_WAL_14806","Cairo","Verified_Tier1",641,63,12,2500,0,"Low Risk",1,0,3
"EG_WAL_11594","Alexandria","Verified_Tier1",187,63,15,5000,0,"Low Risk",1,0,4
"EG_WAL_13893","Giza","Basic",362,63,15,500,0,"Low Risk",1,0,5
"EG_WAL_11937","Gharbia","Verified_Tier1",467,63,20,2500,0,"Low Risk",1,0,7
"EG_WAL_13539","Cairo","Basic",595,63,15,0,0,"Low Risk",1,0,4
"EG_WAL_14655","Cairo","Basic",261,63,8,500,0,"Low Risk",1,0,3
"EG_WAL_13790","Cairo","Basic",595,63,12,500,0,"Low Risk",1,0,3
"EG_WAL_10974","Cairo","Verified_Tier1",484,63,20,5000,0,"Low Risk",1,0,7
"EG_WAL_11583","Giza","Verified_Tier1",641,63,11,5000,0,"Low Risk",1,0,3
"EG_WAL_13851","Cairo","Basic",93,63,12,5000,0,"Low Risk",1,0,3
"EG_WAL_12203","Cairo","Merchant",300,63,8,5000,0,"Low Risk",1,0,3
"EG_WAL_13396","Gharbia","Verified_Tier1",688,63,15,1000,1,"Medium Risk",1,0,4
"EG_WAL_11548","Cairo","Merchant",424,63,11,500,1,"Medium Risk",1,0,3
"EG_WAL_13114","Cairo","Basic",635,63,18,2500,0,"Low Risk",1,0,6
"EG_WAL_12036","Cairo","Basic",700,63,17,2500,0,"Low Risk",1,0,6
"EG_WAL_10707","Gharbia","Basic",630,63,27,5000,0,"Low Risk",1,0,7
"EG_WAL_11566","Alexandria","Verified_Tier1",289,63,16,1000,0,"Low Risk",1,0,5
"EG_WAL_13694","Cairo","Basic",193,63,15,5000,0,"Low Risk",1,0,4
"EG_WAL_13459","Giza","Basic",456,63,21,1000,1,"Medium Risk",1,0,7
"EG_WAL_10084","Cairo","Basic",335,63,13,500,0,"Low Risk",1,0,4
"EG_WAL_14384","Gharbia","Verified_Tier1",124,63,18,500,0,"Low Risk",1,0,6
"EG_WAL_12417","Cairo","Basic",686,62,10,1000,0,"Low Risk",1,0,3
"EG_WAL_11335","Alexandria","Basic",376,62,16,1000,0,"Low Risk",1,0,5
"EG_WAL_12599","Cairo","Verified_Tier1",274,62,13,1000,0,"Low Risk",1,0,3
"EG_WAL_13720","Cairo","Merchant",528,62,15,2500,0,"Low Risk",1,0,4
"EG_WAL_14774","Cairo","Verified_Tier1",122,62,13,1000,0,"Low Risk",1,0,4
"EG_WAL_11985","Cairo","Basic",242,62,17,5000,0,"Low Risk",1,0,5
"EG_WAL_11225","Giza","Verified_Tier1",99,62,23,1000,0,"Low Risk",1,0,7
"EG_WAL_13804","Cairo","Basic",204,62,16,500,0,"Low Risk",1,0,5
"EG_WAL_11180","Asyut","Basic",581,62,10,2500,0,"Low Risk",1,0,3
"EG_WAL_14665","Alexandria","Basic",44,62,14,1000,0,"Low Risk",1,0,4
"EG_WAL_10204","Giza","Verified_Tier1",207,62,13,2500,0,"Low Risk",1,0,4
"EG_WAL_12937","Giza","Basic",152,62,25,1000,1,"Medium Risk",1,0,7
"EG_WAL_12087","Alexandria","Verified_Tier1",504,62,26,0,0,"Low Risk",1,0,7
"EG_WAL_13313","Cairo","Merchant",84,62,16,1000,5,"High Risk",1,1,5
"EG_WAL_14854","Giza","Verified_Tier1",439,62,18,500,0,"Low Risk",1,0,6
"EG_WAL_12385","Giza","Basic",133,62,13,5000,5,"High Risk",1,1,4
"EG_WAL_11020","Alexandria","Verified_Tier1",631,62,15,500,2,"Medium Risk",1,0,5
"EG_WAL_12254","Gharbia","Basic",567,62,14,1000,0,"Low Risk",1,0,4
"EG_WAL_10479","Giza","Basic",558,62,17,0,1,"Medium Risk",1,0,6
"EG_WAL_10033","Asyut","Verified_Tier1",576,62,18,5000,0,"Low Risk",1,0,6
"EG_WAL_11313","Gharbia","Basic",227,62,12,500,0,"Low Risk",1,0,3
"EG_WAL_11483","Cairo","Basic",150,62,15,1000,0,"Low Risk",1,0,4
"EG_WAL_14062","Alexandria","Basic",390,62,21,2500,0,"Low Risk",1,0,7
"EG_WAL_12930","Giza","Verified_Tier1",111,62,12,500,0,"Low Risk",1,0,3
"EG_WAL_14392","Giza","Basic",655,62,16,0,1,"Medium Risk",1,0,5
"EG_WAL_14356","Cairo","Basic",549,62,9,500,0,"Low Risk",1,0,3
"EG_WAL_13084","Alexandria","Basic",78,62,20,2500,0,"Low Risk",1,0,7
"EG_WAL_12393","Cairo","Basic",306,62,19,2500,0,"Low Risk",1,0,6
"EG_WAL_11281","Alexandria","Basic",168,62,15,1000,1,"Medium Risk",1,0,4
"EG_WAL_12365","Cairo","Basic",89,62,18,2500,2,"Medium Risk",1,0,6
"EG_WAL_13630","Alexandria","Basic",628,62,25,5000,0,"Low Risk",1,0,7
"EG_WAL_11466","Asyut","Verified_Tier1",163,62,12,5000,0,"Low Risk",1,0,3
"EG_WAL_12783","Alexandria","Merchant",101,62,16,500,0,"Low Risk",1,0,5
"EG_WAL_14585","Asyut","Verified_Tier1",483,62,10,0,1,"Medium Risk",1,0,3
"EG_WAL_14694","Giza","Verified_Tier1",493,62,15,1000,0,"Low Risk",1,0,4
"EG_WAL_14857","Asyut","Verified_Tier1",300,62,16,2500,0,"Low Risk",1,0,5
"EG_WAL_13772","Cairo","Basic",47,62,21,500,0,"Low Risk",1,0,7
"EG_WAL_11347","Cairo","Basic",159,62,11,0,0,"Low Risk",1,0,3
"EG_WAL_14418","Cairo","Verified_Tier1",34,62,12,2500,1,"Medium Risk",1,0,3
"EG_WAL_14252","Cairo","Verified_Tier1",311,62,16,5000,0,"Low Risk",1,0,5
"EG_WAL_14000","Giza","Basic",226,62,15,2500,0,"Low Risk",1,0,5
"EG_WAL_10023","Cairo","Basic",416,62,22,500,0,"Low Risk",1,0,7
"EG_WAL_13613","Alexandria","Basic",359,62,15,5000,0,"Low Risk",1,0,4
"EG_WAL_11349","Cairo","Verified_Tier1",568,62,14,0,1,"Medium Risk",1,0,4
"EG_WAL_13297","Cairo","Basic",629,62,19,2500,1,"Medium Risk",1,0,6
"EG_WAL_13425","Giza","Verified_Tier1",469,62,29,500,1,"Medium Risk",1,0,7
"EG_WAL_13704","Asyut","Verified_Tier1",47,62,19,2500,1,"Medium Risk",1,0,6
"EG_WAL_13559","Giza","Verified_Tier1",494,62,15,5000,0,"Low Risk",1,0,4
"EG_WAL_10668","Cairo","Verified_Tier1",297,62,11,2500,0,"Low Risk",1,0,3
"EG_WAL_12201","Cairo","Verified_Tier1",415,62,12,0,1,"Medium Risk",1,0,3
"EG_WAL_11751","Cairo","Basic",165,62,16,5000,0,"Low Risk",1,0,5
"EG_WAL_12583","Giza","Basic",410,62,12,1000,0,"Low Risk",1,0,3
"EG_WAL_10716","Gharbia","Merchant",268,62,19,1000,0,"Low Risk",1,0,6
"EG_WAL_11708","Giza","Basic",378,62,18,5000,0,"Low Risk",1,0,6
"EG_WAL_14795","Cairo","Basic",328,62,18,2500,0,"Low Risk",1,0,6
"EG_WAL_11047","Cairo","Basic",299,62,21,5000,0,"Low Risk",1,0,7
"EG_WAL_12443","Gharbia","Basic",487,62,23,1000,0,"Low Risk",1,0,7
"EG_WAL_11460","Cairo","Basic",453,62,11,1000,0,"Low Risk",1,0,3
"EG_WAL_13108","Giza","Basic",276,62,16,500,0,"Low Risk",1,0,5
"EG_WAL_12768","Giza","Verified_Tier1",415,62,15,0,0,"Low Risk",1,0,5
"EG_WAL_10071","Cairo","Basic",338,62,16,500,0,"Low Risk",1,0,5
"EG_WAL_10146","Giza","Verified_Tier1",713,62,22,1000,0,"Low Risk",1,0,7
"EG_WAL_13218","Alexandria","Verified_Tier1",76,62,17,500,0,"Low Risk",1,0,6
"EG_WAL_10126","Gharbia","Basic",261,62,19,2500,0,"Low Risk",1,0,6
"EG_WAL_10735","Gharbia","Basic",639,62,12,500,0,"Low Risk",1,0,3
"EG_WAL_10807","Asyut","Basic",259,61,16,2500,0,"Low Risk",1,0,5
"EG_WAL_11799","Cairo","Basic",109,61,18,1000,0,"Low Risk",1,0,6
"EG_WAL_10445","Asyut","Basic",581,61,12,1000,3,"Medium Risk",1,0,3
"EG_WAL_10040","Cairo","Verified_Tier1",148,61,23,1000,0,"Low Risk",1,0,7
"EG_WAL_13557","Giza","Basic",677,61,14,2500,0,"Low Risk",1,0,4
"EG_WAL_11588","Giza","Basic",509,61,24,0,0,"Low Risk",1,0,7
"EG_WAL_13850","Giza","Verified_Tier1",293,61,14,1000,0,"Low Risk",1,0,4
"EG_WAL_13300","Giza","Verified_Tier1",480,61,10,1000,0,"Low Risk",1,0,3
"EG_WAL_10939","Giza","Verified_Tier1",478,61,10,2500,1,"Medium Risk",1,0,3
"EG_WAL_14529","Cairo","Verified_Tier1",74,61,18,5000,1,"Medium Risk",1,0,6
"EG_WAL_12755","Cairo","Verified_Tier1",310,61,22,5000,0,"Low Risk",1,0,7
"EG_WAL_12384","Cairo","Basic",499,61,11,5000,0,"Low Risk",1,0,3
"EG_WAL_14720","Cairo","Basic",208,61,14,5000,0,"Low Risk",1,0,4
"EG_WAL_10551","Gharbia","Basic",438,61,17,500,0,"Low Risk",1,0,6
"EG_WAL_13759","Gharbia","Basic",337,61,5,0,0,"Low Risk",1,0,3
"EG_WAL_14433","Asyut","Verified_Tier1",281,61,22,500,0,"Low Risk",1,0,7
"EG_WAL_12377","Alexandria","Basic",695,61,16,2500,1,"Medium Risk",1,0,5
"EG_WAL_13687","Cairo","Basic",521,61,10,1000,0,"Low Risk",1,0,3
"EG_WAL_11161","Cairo","Verified_Tier1",645,61,21,5000,2,"Medium Risk",1,0,7
"EG_WAL_14536","Giza","Verified_Tier1",201,61,19,500,0,"Low Risk",1,0,6
"EG_WAL_12293","Giza","Basic",369,61,19,5000,0,"Low Risk",1,0,6
"EG_WAL_10003","Giza","Verified_Tier1",589,61,14,1000,0,"Low Risk",1,0,4
"EG_WAL_12821","Cairo","Verified_Tier1",380,61,20,1000,1,"Medium Risk",1,0,7
"EG_WAL_10008","Giza","Verified_Tier1",648,61,15,1000,0,"Low Risk",1,0,5
"EG_WAL_10554","Gharbia","Verified_Tier1",223,61,13,2500,0,"Low Risk",1,0,4
"EG_WAL_11672","Gharbia","Basic",550,61,10,1000,0,"Low Risk",1,0,3
"EG_WAL_14037","Alexandria","Verified_Tier1",308,61,19,5000,0,"Low Risk",1,0,6
"EG_WAL_11832","Giza","Basic",655,61,29,500,1,"Medium Risk",1,0,7
"EG_WAL_12314","Asyut","Basic",240,61,21,1000,2,"Medium Risk",1,0,7
"EG_WAL_10101","Giza","Basic",419,61,15,1000,0,"Low Risk",1,0,4
"EG_WAL_10236","Cairo","Verified_Tier1",329,61,15,2500,1,"Medium Risk",1,0,5
"EG_WAL_12150","Cairo","Verified_Tier1",206,61,15,500,2,"Medium Risk",1,0,4
"EG_WAL_10595","Giza","Basic",208,61,14,5000,1,"Medium Risk",1,0,4
"EG_WAL_11882","Giza","Basic",605,61,17,500,0,"Low Risk",1,0,5
"EG_WAL_13835","Cairo","Basic",261,61,21,5000,0,"Low Risk",1,0,7
"EG_WAL_14069","Gharbia","Verified_Tier1",495,61,15,1000,0,"Low Risk",1,0,5
"EG_WAL_12063","Giza","Basic",392,61,13,2500,0,"Low Risk",1,0,4
"EG_WAL_13021","Giza","Verified_Tier1",545,61,17,5000,0,"Low Risk",1,0,6
"EG_WAL_14902","Cairo","Basic",30,61,19,2500,0,"Low Risk",1,0,6
"EG_WAL_13922","Alexandria","Basic",65,61,23,500,2,"Medium Risk",1,0,7
"EG_WAL_12608","Alexandria","Verified_Tier1",574,61,19,2500,0,"Low Risk",1,0,6
"EG_WAL_12101","Giza","Verified_Tier1",147,61,19,500,0,"Low Risk",1,0,6
"EG_WAL_14058","Gharbia","Basic",672,61,23,5000,0,"Low Risk",1,0,7
"EG_WAL_12998","Cairo","Verified_Tier1",584,61,14,5000,1,"Medium Risk",1,0,4
"EG_WAL_10454","Cairo","Basic",213,61,22,2500,0,"Low Risk",1,0,7
"EG_WAL_12843","Asyut","Basic",282,61,13,5000,0,"Low Risk",1,0,4
"EG_WAL_11820","Cairo","Merchant",362,61,10,1000,0,"Low Risk",1,0,3
"EG_WAL_14101","Giza","Basic",633,61,17,5000,0,"Low Risk",1,0,5
"EG_WAL_12358","Giza","Basic",597,61,19,2500,0,"Low Risk",1,0,6
"EG_WAL_11377","Giza","Merchant",716,61,18,5000,0,"Low Risk",1,0,6
"EG_WAL_14071","Alexandria","Verified_Tier1",519,61,22,2500,0,"Low Risk",1,0,7
"EG_WAL_14873","Cairo","Verified_Tier1",304,61,25,2500,0,"Low Risk",1,0,7
"EG_WAL_13004","Giza","Verified_Tier1",216,60,16,0,2,"Medium Risk",1,0,5
"EG_WAL_13858","Giza","Basic",250,60,23,0,0,"Low Risk",1,0,7
"EG_WAL_11156","Cairo","Basic",552,60,21,500,2,"Medium Risk",1,0,7
"EG_WAL_14437","Alexandria","Basic",599,60,15,2500,1,"Medium Risk",1,0,5
"EG_WAL_11290","Cairo","Basic",221,60,19,1000,1,"Medium Risk",1,0,6
"EG_WAL_12126","Giza","Basic",665,60,24,5000,2,"Medium Risk",1,0,7
"EG_WAL_13176","Alexandria","Verified_Tier1",351,60,15,0,0,"Low Risk",1,0,5
"EG_WAL_12447","Cairo","Basic",159,60,17,2500,0,"Low Risk",1,0,5
"EG_WAL_10129","Giza","Basic",605,60,17,0,0,"Low Risk",1,0,6
"EG_WAL_12326","Gharbia","Verified_Tier1",561,60,17,0,0,"Low Risk",1,0,5
"EG_WAL_13986","Cairo","Basic",144,60,14,1000,0,"Low Risk",1,0,4
"EG_WAL_10504","Alexandria","Basic",238,60,29,2500,1,"Medium Risk",1,0,7
"EG_WAL_14168","Cairo","Basic",494,60,24,500,1,"Medium Risk",1,0,7
"EG_WAL_12810","Cairo","Basic",40,60,15,500,0,"Low Risk",1,0,5
"EG_WAL_10570","Giza","Basic",647,60,17,0,0,"Low Risk",1,0,6
"EG_WAL_12156","Cairo","Verified_Tier1",231,60,19,500,1,"Medium Risk",1,0,6
"EG_WAL_12632","Cairo","Verified_Tier1",275,60,26,1000,0,"Low Risk",1,0,7
"EG_WAL_12714","Cairo","Verified_Tier1",220,60,22,5000,0,"Low Risk",1,0,7
"EG_WAL_12242","Giza","Verified_Tier1",670,60,16,5000,1,"Medium Risk",1,0,5
"EG_WAL_10032","Cairo","Verified_Tier1",501,60,11,500,1,"Medium Risk",1,0,3
"EG_WAL_11000","Cairo","Basic",386,60,22,1000,0,"Low Risk",1,0,7
"EG_WAL_13410","Giza","Basic",287,60,21,500,0,"Low Risk",1,0,7
"EG_WAL_10961","Giza","Basic",326,60,17,1000,1,"Medium Risk",1,0,6
"EG_WAL_13041","Asyut","Verified_Tier1",227,60,17,0,0,"Low Risk",1,0,6
"EG_WAL_12988","Alexandria","Basic",409,60,11,0,1,"Medium Risk",1,0,3
"EG_WAL_14684","Alexandria","Verified_Tier1",703,60,22,1000,0,"Low Risk",1,0,7
"EG_WAL_13798","Cairo","Verified_Tier1",461,60,21,2500,7,"High Risk",1,0,7
"EG_WAL_11911","Gharbia","Basic",547,60,15,2500,0,"Low Risk",1,0,5
"EG_WAL_11413","Cairo","Basic",119,60,11,1000,0,"Low Risk",1,0,3
"EG_WAL_10309","Cairo","Verified_Tier1",199,60,17,5000,0,"Low Risk",1,0,6
"EG_WAL_12368","Cairo","Basic",316,60,11,1000,0,"Low Risk",1,0,3
"EG_WAL_14654","Cairo","Verified_Tier1",433,60,18,500,0,"Low Risk",1,0,6
"EG_WAL_12904","Giza","Basic",273,60,26,500,0,"Low Risk",1,0,7
"EG_WAL_14710","Giza","Basic",98,60,17,2500,0,"Low Risk",1,0,6
"EG_WAL_14147","Giza","Verified_Tier1",291,60,18,2500,0,"Low Risk",1,0,6
"EG_WAL_11067","Cairo","Basic",172,60,12,5000,1,"Medium Risk",1,0,3
"EG_WAL_12084","Giza","Basic",369,60,16,500,2,"Medium Risk",1,0,5
"EG_WAL_11128","Cairo","Verified_Tier1",605,60,21,2500,0,"Low Risk",1,0,7
"EG_WAL_11738","Cairo","Basic",310,60,12,500,0,"Low Risk",1,0,3
"EG_WAL_10174","Giza","Basic",42,60,13,500,4,"High Risk",1,1,4
"EG_WAL_11686","Asyut","Verified_Tier1",568,60,14,1000,2,"Medium Risk",1,0,4
"EG_WAL_13332","Cairo","Basic",593,60,13,2500,0,"Low Risk",1,0,4
"EG_WAL_13982","Cairo","Verified_Tier1",439,60,15,500,0,"Low Risk",1,0,5
"EG_WAL_13162","Cairo","Basic",151,60,23,1000,0,"Low Risk",1,0,7
"EG_WAL_12532","Cairo","Basic",493,60,15,1000,0,"Low Risk",1,0,5
"EG_WAL_10522","Asyut","Basic",408,60,18,2500,0,"Low Risk",1,0,6
"EG_WAL_14438","Asyut","Basic",521,60,14,5000,0,"Low Risk",1,0,4
"EG_WAL_10295","Giza","Verified_Tier1",458,60,16,0,0,"Low Risk",1,0,5
"EG_WAL_10610","Cairo","Basic",122,60,14,500,0,"Low Risk",1,0,4
"EG_WAL_12344","Asyut","Basic",576,60,27,1000,0,"Low Risk",1,0,7
"EG_WAL_10724","Giza","Verified_Tier1",620,60,17,0,0,"Low Risk",1,0,6
"EG_WAL_13319","Alexandria","Verified_Tier1",700,60,15,500,1,"Medium Risk",1,0,4
"EG_WAL_14259","Giza","Verified_Tier1",520,60,21,1000,0,"Low Risk",1,0,7
"EG_WAL_11935","Gharbia","Verified_Tier1",343,60,19,1000,0,"Low Risk",1,0,6
"EG_WAL_10601","Cairo","Basic",386,60,24,0,0,"Low Risk",1,0,7
"EG_WAL_12096","Giza","Basic",532,60,16,1000,1,"Medium Risk",1,0,5
"EG_WAL_10091","Alexandria","Basic",439,60,17,1000,1,"Medium Risk",1,0,6
"EG_WAL_12967","Giza","Verified_Tier1",290,60,21,2500,0,"Low Risk",1,0,7
"EG_WAL_12593","Giza","Verified_Tier1",304,60,14,500,0,"Low Risk",1,0,4
"EG_WAL_10201","Cairo","Verified_Tier1",359,60,15,5000,1,"Medium Risk",1,0,5
"EG_WAL_12652","Cairo","Basic",342,60,12,0,0,"Low Risk",1,0,3
"EG_WAL_14416","Giza","Basic",371,60,13,5000,0,"Low Risk",1,0,4
"EG_WAL_10665","Cairo","Verified_Tier1",580,60,8,0,4,"High Risk",1,0,3
"EG_WAL_11041","Alexandria","Verified_Tier1",623,59,21,5000,0,"Low Risk",1,0,7
"EG_WAL_14914","Cairo","Basic",282,59,14,1000,0,"Low Risk",1,0,4
"EG_WAL_11012","Asyut","Basic",95,59,18,5000,0,"Low Risk",1,0,6
"EG_WAL_10964","Cairo","Basic",344,59,11,500,1,"Medium Risk",1,0,3
"EG_WAL_13900","Giza","Basic",332,59,6,2500,1,"Medium Risk",1,0,3
"EG_WAL_12313","Alexandria","Basic",516,59,15,1000,0,"Low Risk",1,0,4
"EG_WAL_10763","Alexandria","Verified_Tier1",176,59,16,0,0,"Low Risk",1,0,5
"EG_WAL_10410","Cairo","Verified_Tier1",702,59,17,0,0,"Low Risk",1,0,6
"EG_WAL_14075","Giza","Verified_Tier1",523,59,16,5000,0,"Low Risk",1,0,5
"EG_WAL_12282","Giza","Basic",159,59,16,5000,0,"Low Risk",1,0,5
"EG_WAL_10670","Cairo","Verified_Tier1",149,59,13,5000,1,"Medium Risk",1,0,4
"EG_WAL_12405","Giza","Verified_Tier1",346,59,13,500,0,"Low Risk",1,0,4
"EG_WAL_14120","Cairo","Merchant",174,59,14,500,0,"Low Risk",1,0,4
"EG_WAL_10364","Asyut","Verified_Tier1",431,59,10,500,0,"Low Risk",1,0,3
"EG_WAL_12757","Gharbia","Basic",418,59,9,2500,0,"Low Risk",1,0,3
"EG_WAL_10002","Alexandria","Verified_Tier1",509,59,12,2500,1,"Medium Risk",1,0,3
"EG_WAL_14572","Cairo","Basic",225,59,17,0,2,"Medium Risk",1,0,5
"EG_WAL_14900","Cairo","Basic",149,59,10,5000,1,"Medium Risk",1,0,3
"EG_WAL_12731","Giza","Basic",394,59,13,1000,0,"Low Risk",1,0,4
"EG_WAL_14387","Cairo","Basic",294,59,19,2500,0,"Low Risk",1,0,7
"EG_WAL_12976","Gharbia","Verified_Tier1",325,59,15,1000,2,"Medium Risk",1,0,5
"EG_WAL_10273","Asyut","Verified_Tier1",624,59,19,2500,3,"Medium Risk",1,0,6
"EG_WAL_13604","Cairo","Verified_Tier1",224,59,21,0,1,"Medium Risk",1,0,7
"EG_WAL_13905","Giza","Verified_Tier1",224,59,13,500,1,"Medium Risk",1,0,4
"EG_WAL_10579","Cairo","Basic",492,59,19,2500,0,"Low Risk",1,0,6
"EG_WAL_12015","Giza","Basic",123,59,22,1000,0,"Low Risk",1,0,7
"EG_WAL_14544","Giza","Basic",164,59,23,500,0,"Low Risk",1,0,7
"EG_WAL_13017","Giza","Verified_Tier1",196,59,16,1000,0,"Low Risk",1,0,5
"EG_WAL_12492","Alexandria","Merchant",157,59,16,1000,0,"Low Risk",1,0,5
"EG_WAL_12303","Cairo","Basic",196,59,13,2500,2,"Medium Risk",1,0,4
"EG_WAL_12044","Gharbia","Merchant",225,59,17,2500,3,"Medium Risk",1,0,6
"EG_WAL_13614","Cairo","Basic",176,59,11,2500,0,"Low Risk",1,0,3
"EG_WAL_10986","Alexandria","Verified_Tier1",141,59,17,2500,1,"Medium Risk",1,0,6
"EG_WAL_12807","Cairo","Basic",432,59,19,0,0,"Low Risk",1,0,6
"EG_WAL_12024","Giza","Basic",249,59,20,5000,0,"Low Risk",1,0,7
"EG_WAL_10739","Cairo","Verified_Tier1",710,59,9,5000,0,"Low Risk",1,0,3
"EG_WAL_10423","Giza","Basic",562,59,23,2500,0,"Low Risk",1,0,7
"EG_WAL_12965","Alexandria","Verified_Tier1",198,59,17,1000,0,"Low Risk",1,0,5
"EG_WAL_13409","Cairo","Basic",502,59,20,500,0,"Low Risk",1,0,7
"EG_WAL_12376","Cairo","Basic",549,59,11,0,0,"Low Risk",1,0,3
"EG_WAL_12038","Cairo","Basic",572,59,17,1000,4,"High Risk",1,1,6
"EG_WAL_10427","Gharbia","Verified_Tier1",267,59,21,2500,0,"Low Risk",1,0,7
"EG_WAL_13166","Asyut","Basic",691,59,18,1000,1,"Medium Risk",1,0,6
"EG_WAL_13981","Gharbia","Basic",570,59,14,0,2,"Medium Risk",1,0,4
"EG_WAL_13794","Cairo","Basic",296,59,15,2500,0,"Low Risk",1,0,5
"EG_WAL_10775","Cairo","Basic",126,59,17,1000,0,"Low Risk",1,0,6
"EG_WAL_14531","Cairo","Basic",400,59,13,2500,1,"Medium Risk",1,0,3
"EG_WAL_10098","Cairo","Basic",404,59,19,2500,0,"Low Risk",1,0,6
"EG_WAL_12073","Gharbia","Basic",182,59,12,500,1,"Medium Risk",1,0,3
"EG_WAL_10758","Gharbia","Verified_Tier1",594,59,11,1000,0,"Low Risk",1,0,3
"EG_WAL_11046","Cairo","Verified_Tier1",420,59,21,5000,0,"Low Risk",1,0,7
"EG_WAL_13911","Cairo","Basic",442,58,14,0,1,"Medium Risk",1,0,4
"EG_WAL_12122","Asyut","Basic",382,58,13,2500,0,"Low Risk",1,0,4
"EG_WAL_10434","Cairo","Verified_Tier1",559,58,17,1000,0,"Low Risk",1,0,5
"EG_WAL_14144","Asyut","Merchant",106,58,25,0,1,"Medium Risk",1,0,7
"EG_WAL_10766","Alexandria","Verified_Tier1",211,58,15,500,0,"Low Risk",1,0,5
"EG_WAL_11830","Asyut","Basic",444,58,15,5000,0,"Low Risk",1,0,4
"EG_WAL_13265","Cairo","Basic",530,58,16,500,0,"Low Risk",1,0,5
"EG_WAL_11451","Giza","Verified_Tier1",429,58,14,500,0,"Low Risk",1,0,4
"EG_WAL_13818","Gharbia","Basic",285,58,16,5000,0,"Low Risk",1,0,5
"EG_WAL_11945","Giza","Basic",719,58,9,2500,0,"Low Risk",1,0,3
"EG_WAL_11550","Asyut","Basic",107,58,13,2500,4,"High Risk",1,0,4
"EG_WAL_13266","Giza","Basic",215,58,18,0,1,"Medium Risk",1,0,6
"EG_WAL_11097","Cairo","Verified_Tier1",403,58,17,1000,2,"Medium Risk",1,0,5
"EG_WAL_11468","Gharbia","Basic",433,58,16,1000,0,"Low Risk",1,0,5
"EG_WAL_11004","Gharbia","Basic",97,58,16,2500,1,"Medium Risk",1,0,5
"EG_WAL_10715","Asyut","Verified_Tier1",655,58,11,1000,1,"Medium Risk",1,0,3
"EG_WAL_14750","Cairo","Basic",515,58,11,500,0,"Low Risk",1,0,3
"EG_WAL_11736","Giza","Basic",339,58,19,5000,1,"Medium Risk",1,0,6
"EG_WAL_10261","Asyut","Basic",597,58,19,500,0,"Low Risk",1,0,6
"EG_WAL_14754","Gharbia","Merchant",579,58,19,500,0,"Low Risk",1,0,6
"EG_WAL_11716","Cairo","Merchant",156,58,9,2500,0,"Low Risk",1,0,3
"EG_WAL_14679","Giza","Verified_Tier1",453,58,15,500,0,"Low Risk",1,0,4
"EG_WAL_11813","Cairo","Basic",603,58,15,2500,2,"Medium Risk",1,0,4
"EG_WAL_12163","Gharbia","Basic",52,58,14,2500,0,"Low Risk",1,0,4
"EG_WAL_12977","Cairo","Basic",35,58,16,5000,1,"Medium Risk",1,0,5
"EG_WAL_12442","Alexandria","Basic",489,58,10,2500,0,"Low Risk",1,0,3
"EG_WAL_12573","Giza","Verified_Tier1",696,58,21,500,1,"Medium Risk",1,0,7
"EG_WAL_12370","Alexandria","Basic",91,58,18,500,3,"Medium Risk",1,0,6
"EG_WAL_12351","Asyut","Basic",470,58,18,5000,1,"Medium Risk",1,0,6
"EG_WAL_11999","Cairo","Merchant",541,58,15,500,0,"Low Risk",1,0,5
"EG_WAL_10279","Alexandria","Verified_Tier1",310,58,14,5000,1,"Medium Risk",1,0,4
"EG_WAL_14996","Cairo","Basic",146,58,13,1000,0,"Low Risk",1,0,4
"EG_WAL_11689","Alexandria","Basic",220,58,14,5000,0,"Low Risk",1,0,4
"EG_WAL_12928","Alexandria","Basic",267,58,19,2500,1,"Medium Risk",1,0,6
"EG_WAL_10573","Giza","Merchant",207,58,18,1000,1,"Medium Risk",1,0,6
"EG_WAL_12831","Alexandria","Verified_Tier1",82,58,13,5000,0,"Low Risk",1,0,4
"EG_WAL_12510","Cairo","Basic",114,58,18,5000,3,"Medium Risk",1,0,6
"EG_WAL_11443","Giza","Verified_Tier1",355,58,10,1000,0,"Low Risk",1,0,3
"EG_WAL_14374","Giza","Merchant",262,58,15,5000,0,"Low Risk",1,0,5
"EG_WAL_10690","Cairo","Basic",99,58,14,0,1,"Medium Risk",1,0,4
"EG_WAL_10305","Asyut","Basic",196,58,13,2500,0,"Low Risk",1,0,4
"EG_WAL_14023","Gharbia","Basic",365,58,15,5000,1,"Medium Risk",1,0,5
"EG_WAL_10399","Alexandria","Basic",87,58,13,0,0,"Low Risk",1,0,4
"EG_WAL_11608","Cairo","Basic",350,58,12,1000,0,"Low Risk",1,0,3
"EG_WAL_11670","Cairo","Basic",432,58,18,2500,1,"Medium Risk",1,0,6
"EG_WAL_13673","Cairo","Merchant",631,58,14,1000,1,"Medium Risk",1,0,4
"EG_WAL_11111","Cairo","Basic",503,58,25,0,0,"Low Risk",1,0,7
"EG_WAL_10128","Cairo","Basic",506,58,23,0,0,"Low Risk",1,0,7
"EG_WAL_12891","Alexandria","Basic",465,58,18,2500,0,"Low Risk",1,0,6
"EG_WAL_14600","Cairo","Basic",61,58,18,5000,0,"Low Risk",1,0,6
"EG_WAL_12640","Cairo","Merchant",492,57,11,2500,1,"Medium Risk",1,0,3
"EG_WAL_12543","Giza","Verified_Tier1",447,57,20,500,0,"Low Risk",1,0,7
"EG_WAL_10802","Giza","Basic",521,57,22,1000,0,"Low Risk",1,0,7
"EG_WAL_13030","Cairo","Basic",597,57,15,1000,0,"Low Risk",1,0,5
"EG_WAL_12814","Giza","Basic",440,57,16,5000,1,"Medium Risk",1,0,5
"EG_WAL_11527","Cairo","Basic",393,57,22,500,0,"Low Risk",1,0,7
"EG_WAL_11700","Asyut","Basic",488,57,17,5000,0,"Low Risk",1,0,6
"EG_WAL_13959","Cairo","Basic",688,57,18,500,0,"Low Risk",1,0,6
"EG_WAL_11461","Alexandria","Basic",553,57,19,1000,0,"Low Risk",1,0,6
"EG_WAL_12266","Giza","Basic",314,57,21,5000,1,"Medium Risk",1,0,7
"EG_WAL_10422","Cairo","Verified_Tier1",248,57,19,2500,0,"Low Risk",1,0,6
"EG_WAL_10745","Gharbia","Basic",689,57,22,1000,0,"Low Risk",1,0,7
"EG_WAL_11412","Cairo","Basic",545,57,21,500,0,"Low Risk",1,0,7
"EG_WAL_11060","Gharbia","Basic",129,57,14,5000,1,"Medium Risk",1,0,4
"EG_WAL_11157","Gharbia","Basic",383,57,14,5000,0,"Low Risk",1,0,4
"EG_WAL_10751","Asyut","Verified_Tier1",455,57,17,500,2,"Medium Risk",1,0,6
"EG_WAL_14145","Giza","Verified_Tier1",237,57,22,500,0,"Low Risk",1,0,7
"EG_WAL_10616","Cairo","Basic",33,57,19,0,0,"Low Risk",1,0,6
"EG_WAL_11761","Gharbia","Merchant",403,57,13,5000,0,"Low Risk",1,0,4
"EG_WAL_13996","Cairo","Basic",618,57,17,2500,0,"Low Risk",1,0,5
"EG_WAL_12069","Cairo","Basic",194,57,14,1000,0,"Low Risk",1,0,4
"EG_WAL_12085","Giza","Verified_Tier1",81,57,14,500,0,"Low Risk",1,0,4
"EG_WAL_13215","Cairo","Verified_Tier1",717,57,12,500,0,"Low Risk",1,0,3
"EG_WAL_12234","Alexandria","Basic",602,57,19,5000,0,"Low Risk",1,0,6
"EG_WAL_10607","Cairo","Basic",608,57,12,500,0,"Low Risk",1,0,3
"EG_WAL_12076","Cairo","Verified_Tier1",656,57,16,500,1,"Medium Risk",1,0,5
"EG_WAL_14095","Giza","Basic",624,57,21,5000,0,"Low Risk",1,0,7
"EG_WAL_14152","Alexandria","Basic",666,57,12,500,0,"Low Risk",1,0,3
"EG_WAL_11328","Alexandria","Basic",187,57,23,0,0,"Low Risk",1,0,7
"EG_WAL_13678","Gharbia","Basic",53,57,16,5000,0,"Low Risk",1,0,5
"EG_WAL_10011","Asyut","Verified_Tier1",472,57,23,2500,2,"Medium Risk",1,0,7
"EG_WAL_11644","Cairo","Basic",36,57,12,0,0,"Low Risk",1,0,3
"EG_WAL_14382","Giza","Basic",359,57,16,1000,0,"Low Risk",1,0,5
"EG_WAL_10706","Cairo","Merchant",243,57,17,1000,1,"Medium Risk",1,0,6
"EG_WAL_11270","Alexandria","Verified_Tier1",58,57,23,5000,3,"Medium Risk",1,0,7
"EG_WAL_11525","Cairo","Basic",655,57,13,2500,0,"Low Risk",1,0,4
"EG_WAL_12588","Cairo","Basic",439,57,20,500,0,"Low Risk",1,0,7
"EG_WAL_12330","Cairo","Verified_Tier1",231,57,17,2500,3,"Medium Risk",1,0,5
"EG_WAL_12116","Giza","Basic",442,57,11,5000,0,"Low Risk",1,0,3
"EG_WAL_12437","Cairo","Verified_Tier1",385,57,16,5000,1,"Medium Risk",1,0,5
"EG_WAL_11955","Asyut","Basic",347,57,9,5000,0,"Low Risk",1,0,3
"EG_WAL_14516","Giza","Basic",495,57,16,500,0,"Low Risk",1,0,5
"EG_WAL_12975","Cairo","Verified_Tier1",138,57,16,2500,0,"Low Risk",1,0,5
"EG_WAL_13672","Alexandria","Basic",498,57,24,1000,0,"Low Risk",1,0,7
"EG_WAL_11054","Asyut","Basic",103,57,18,2500,1,"Medium Risk",1,0,6
"EG_WAL_13289","Cairo","Verified_Tier1",258,57,11,2500,0,"Low Risk",1,0,3
"EG_WAL_12624","Cairo","Basic",45,57,15,500,0,"Low Risk",1,0,5
"EG_WAL_10194","Cairo","Basic",283,57,18,1000,0,"Low Risk",1,0,6
"EG_WAL_12867","Alexandria","Basic",557,56,12,5000,0,"Low Risk",1,0,3
"EG_WAL_12008","Cairo","Basic",565,56,17,1000,0,"Low Risk",1,0,5
"EG_WAL_13510","Cairo","Basic",617,56,17,500,0,"Low Risk",1,0,6
"EG_WAL_10876","Alexandria","Verified_Tier1",454,56,19,0,0,"Low Risk",1,0,6
"EG_WAL_14369","Cairo","Basic",615,56,12,2500,3,"Medium Risk",1,0,3
"EG_WAL_11784","Alexandria","Basic",40,56,20,1000,0,"Low Risk",1,0,7
"EG_WAL_10689","Cairo","Basic",95,56,20,5000,1,"Medium Risk",1,0,7
"EG_WAL_10972","Alexandria","Basic",620,56,8,5000,0,"Low Risk",1,0,3
"EG_WAL_13136","Alexandria","Verified_Tier1",587,56,12,500,1,"Medium Risk",1,0,3
"EG_WAL_14215","Gharbia","Basic",347,56,18,5000,0,"Low Risk",1,0,6
"EG_WAL_13834","Giza","Basic",397,56,20,0,0,"Low Risk",1,0,7
"EG_WAL_10959","Alexandria","Basic",511,56,16,500,0,"Low Risk",1,0,5
"EG_WAL_12957","Gharbia","Basic",143,56,12,5000,0,"Low Risk",1,0,3
"EG_WAL_10474","Giza","Basic",287,56,15,5000,1,"Medium Risk",1,0,5
"EG_WAL_12251","Asyut","Verified_Tier1",237,56,21,0,1,"Medium Risk",1,0,7
"EG_WAL_10782","Cairo","Verified_Tier1",75,56,22,5000,0,"Low Risk",1,0,7
"EG_WAL_14506","Alexandria","Basic",511,56,19,2500,0,"Low Risk",1,0,6
"EG_WAL_12676","Cairo","Basic",367,56,18,2500,0,"Low Risk",1,0,6
"EG_WAL_11535","Cairo","Verified_Tier1",88,56,15,1000,1,"Medium Risk",1,0,4
"EG_WAL_14067","Asyut","Basic",485,56,17,500,1,"Medium Risk",1,0,6
"EG_WAL_11499","Gharbia","Basic",216,56,20,500,0,"Low Risk",1,0,7
"EG_WAL_14552","Cairo","Basic",250,56,16,1000,0,"Low Risk",1,0,5
"EG_WAL_12182","Cairo","Verified_Tier1",345,56,15,1000,1,"Medium Risk",1,0,4
"EG_WAL_11856","Alexandria","Basic",128,56,15,1000,1,"Medium Risk",1,0,4
"EG_WAL_13120","Cairo","Verified_Tier1",630,56,19,5000,0,"Low Risk",1,0,6
"EG_WAL_10814","Gharbia","Basic",531,56,14,500,0,"Low Risk",1,0,4
"EG_WAL_13104","Cairo","Basic",199,56,10,1000,1,"Medium Risk",1,0,3
"EG_WAL_14171","Asyut","Basic",48,56,12,500,0,"Low Risk",1,0,3
"EG_WAL_14484","Cairo","Basic",649,56,15,5000,1,"Medium Risk",1,0,5
"EG_WAL_11260","Cairo","Basic",489,56,17,5000,1,"Medium Risk",1,0,6
"EG_WAL_14414","Giza","Basic",219,56,10,500,0,"Low Risk",1,0,3
"EG_WAL_11365","Cairo","Verified_Tier1",483,56,18,2500,0,"Low Risk",1,0,6
"EG_WAL_13719","Cairo","Basic",596,56,18,1000,0,"Low Risk",1,0,6
"EG_WAL_13183","Cairo","Verified_Tier1",218,56,18,5000,0,"Low Risk",1,0,6
"EG_WAL_10869","Asyut","Basic",531,56,16,500,0,"Low Risk",1,0,5
"EG_WAL_13088","Giza","Basic",463,56,16,1000,0,"Low Risk",1,0,5
"EG_WAL_11040","Giza","Basic",258,56,20,5000,0,"Low Risk",1,0,7
"EG_WAL_11245","Giza","Verified_Tier1",255,56,17,5000,2,"Medium Risk",1,0,6
"EG_WAL_10039","Giza","Basic",393,56,21,5000,3,"Medium Risk",1,0,7
"EG_WAL_13280","Giza","Basic",270,56,14,500,0,"Low Risk",1,0,4
"EG_WAL_11607","Gharbia","Merchant",53,56,21,0,0,"Low Risk",1,0,7
"EG_WAL_11473","Giza","Basic",466,56,17,1000,0,"Low Risk",1,0,5
"EG_WAL_12633","Cairo","Basic",318,56,16,500,0,"Low Risk",1,0,5
"EG_WAL_11734","Cairo","Basic",492,56,14,5000,0,"Low Risk",1,0,4
"EG_WAL_10379","Cairo","Verified_Tier1",84,56,15,500,0,"Low Risk",1,0,5
"EG_WAL_10435","Alexandria","Verified_Tier1",86,56,17,500,1,"Medium Risk",1,0,6
"EG_WAL_11221","Cairo","Verified_Tier1",454,56,16,1000,0,"Low Risk",1,0,5
"EG_WAL_14693","Giza","Verified_Tier1",124,56,16,500,0,"Low Risk",1,0,5
"EG_WAL_10378","Gharbia","Basic",354,56,17,1000,3,"Medium Risk",1,0,5
"EG_WAL_12996","Cairo","Basic",533,56,19,500,0,"Low Risk",1,0,6
"EG_WAL_12617","Cairo","Basic",253,56,19,2500,0,"Low Risk",1,0,6
"EG_WAL_12486","Giza","Merchant",208,56,19,5000,0,"Low Risk",1,0,7
"EG_WAL_14607","Cairo","Basic",347,56,16,500,1,"Medium Risk",1,0,5
"EG_WAL_11969","Cairo","Basic",74,56,12,500,1,"Medium Risk",1,0,3
"EG_WAL_13724","Cairo","Basic",467,56,13,500,0,"Low Risk",1,0,4
"EG_WAL_11865","Asyut","Basic",148,56,21,2500,0,"Low Risk",1,0,7
"EG_WAL_14721","Cairo","Verified_Tier1",603,56,12,2500,0,"Low Risk",1,0,3
"EG_WAL_13201","Giza","Basic",595,55,17,2500,1,"Medium Risk",1,0,6
"EG_WAL_12539","Alexandria","Basic",303,55,21,500,0,"Low Risk",1,0,7
"EG_WAL_11268","Giza","Basic",633,55,13,1000,3,"Medium Risk",1,0,4
"EG_WAL_14590","Giza","Basic",80,55,19,5000,1,"Medium Risk",1,0,6
"EG_WAL_13054","Alexandria","Merchant",89,55,20,1000,0,"Low Risk",1,0,7
"EG_WAL_13050","Cairo","Verified_Tier1",255,55,23,2500,1,"Medium Risk",1,0,7
"EG_WAL_11986","Alexandria","Basic",581,55,12,5000,0,"Low Risk",1,0,3
"EG_WAL_12703","Cairo","Verified_Tier1",52,55,16,1000,0,"Low Risk",1,0,5
"EG_WAL_12125","Alexandria","Basic",627,55,14,0,0,"Low Risk",1,0,4
"EG_WAL_11704","Giza","Basic",408,55,16,5000,0,"Low Risk",1,0,5
"EG_WAL_10122","Cairo","Basic",573,55,12,2500,0,"Low Risk",1,0,3
"EG_WAL_10251","Cairo","Basic",394,55,26,500,0,"Low Risk",1,0,7
"EG_WAL_11956","Giza","Basic",52,55,14,0,2,"Medium Risk",1,0,4
"EG_WAL_12687","Giza","Verified_Tier1",112,55,13,2500,1,"Medium Risk",1,0,4
"EG_WAL_12322","Giza","Merchant",410,55,13,1000,0,"Low Risk",1,0,4
"EG_WAL_14504","Giza","Basic",450,55,18,500,0,"Low Risk",1,0,6
"EG_WAL_13598","Cairo","Basic",160,55,10,500,1,"Medium Risk",1,0,3
"EG_WAL_14635","Asyut","Verified_Tier1",506,55,15,5000,0,"Low Risk",1,0,4
"EG_WAL_12909","Cairo","Basic",633,55,13,2500,0,"Low Risk",1,0,4
"EG_WAL_12350","Giza","Basic",652,55,15,500,2,"Medium Risk",1,0,4
"EG_WAL_11612","Giza","Basic",392,55,14,2500,1,"Medium Risk",1,0,4
"EG_WAL_11646","Cairo","Basic",121,55,9,0,5,"High Risk",1,0,3
"EG_WAL_14427","Cairo","Basic",623,55,18,5000,1,"Medium Risk",1,0,6
"EG_WAL_13836","Asyut","Merchant",520,55,16,5000,1,"Medium Risk",1,0,5
"EG_WAL_10889","Cairo","Basic",540,55,18,2500,0,"Low Risk",1,0,6
"EG_WAL_10679","Gharbia","Basic",546,55,18,500,2,"Medium Risk",1,0,6
"EG_WAL_12769","Alexandria","Basic",43,55,13,2500,0,"Low Risk",1,0,4
"EG_WAL_10674","Giza","Verified_Tier1",365,55,14,5000,1,"Medium Risk",1,0,4
"EG_WAL_14842","Cairo","Basic",359,55,14,5000,0,"Low Risk",1,0,4
"EG_WAL_14784","Giza","Basic",289,55,16,1000,0,"Low Risk",1,0,5
"EG_WAL_14498","Cairo","Basic",600,55,11,500,0,"Low Risk",1,0,3
"EG_WAL_14211","Giza","Basic",602,55,20,2500,0,"Low Risk",1,0,7
"EG_WAL_13426","Giza","Basic",293,55,12,5000,0,"Low Risk",1,0,3
"EG_WAL_11765","Cairo","Basic",234,55,10,1000,0,"Low Risk",1,0,3
"EG_WAL_11726","Giza","Basic",598,55,14,1000,1,"Medium Risk",1,0,4
"EG_WAL_13563","Giza","Basic",154,55,24,500,0,"Low Risk",1,0,7
"EG_WAL_10074","Alexandria","Basic",241,55,11,2500,0,"Low Risk",1,0,3
"EG_WAL_11081","Cairo","Basic",91,55,9,500,0,"Low Risk",1,0,3
"EG_WAL_14719","Asyut","Basic",490,55,15,2500,0,"Low Risk",1,0,5
"EG_WAL_10965","Cairo","Verified_Tier1",68,55,15,0,1,"Medium Risk",1,0,5
"EG_WAL_14633","Gharbia","Basic",685,55,26,0,0,"Low Risk",1,0,7
"EG_WAL_13679","Cairo","Verified_Tier1",653,55,10,1000,0,"Low Risk",1,0,3
"EG_WAL_11927","Giza","Basic",444,55,23,5000,0,"Low Risk",1,0,7
"EG_WAL_14799","Giza","Verified_Tier1",241,55,18,2500,1,"Medium Risk",1,0,6
"EG_WAL_10999","Giza","Verified_Tier1",401,55,13,5000,3,"Medium Risk",1,0,3
"EG_WAL_14480","Cairo","Basic",675,55,17,0,0,"Low Risk",1,0,5
"EG_WAL_13276","Gharbia","Basic",446,55,15,2500,0,"Low Risk",1,0,5
"EG_WAL_14577","Cairo","Verified_Tier1",281,55,19,0,2,"Medium Risk",1,0,6
"EG_WAL_11795","Cairo","Verified_Tier1",282,55,14,1000,1,"Medium Risk",1,0,4
"EG_WAL_10198","Gharbia","Basic",426,55,14,1000,0,"Low Risk",1,0,4
"EG_WAL_14845","Cairo","Basic",76,55,16,500,2,"Medium Risk",1,0,5
"EG_WAL_14948","Gharbia","Basic",697,55,12,0,0,"Low Risk",1,0,3
"EG_WAL_11827","Asyut","Basic",686,55,22,500,1,"Medium Risk",1,0,7
"EG_WAL_14009","Cairo","Basic",298,55,18,5000,0,"Low Risk",1,0,6
"EG_WAL_13591","Cairo","Verified_Tier1",551,54,13,2500,2,"Medium Risk",1,0,4
"EG_WAL_11739","Giza","Basic",352,54,29,2500,0,"Low Risk",1,0,7
"EG_WAL_10406","Cairo","Merchant",604,54,16,2500,0,"Low Risk",1,0,5
"EG_WAL_10733","Giza","Verified_Tier1",387,54,20,0,1,"Medium Risk",1,0,7
"EG_WAL_10215","Cairo","Basic",649,54,8,2500,1,"Medium Risk",1,0,3
"EG_WAL_11925","Cairo","Basic",125,54,11,5000,1,"Medium Risk",1,0,3
"EG_WAL_14560","Alexandria","Basic",410,54,16,2500,0,"Low Risk",1,0,5
"EG_WAL_11595","Giza","Basic",445,54,17,2500,0,"Low Risk",1,0,5
"EG_WAL_12808","Giza","Basic",693,54,20,500,0,"Low Risk",1,0,7
"EG_WAL_10374","Cairo","Basic",146,54,12,2500,0,"Low Risk",1,0,3
"EG_WAL_13610","Giza","Verified_Tier1",515,54,11,5000,1,"Medium Risk",1,0,3
"EG_WAL_12679","Giza","Verified_Tier1",78,54,25,1000,0,"Low Risk",1,0,7
"EG_WAL_12241","Cairo","Verified_Tier1",111,54,26,500,0,"Low Risk",1,0,7
"EG_WAL_13627","Gharbia","Basic",514,54,23,1000,0,"Low Risk",1,0,7
"EG_WAL_11547","Giza","Basic",512,54,22,2500,0,"Low Risk",1,0,7
"EG_WAL_12735","Alexandria","Basic",635,54,17,1000,0,"Low Risk",1,0,6
"EG_WAL_12131","Cairo","Merchant",120,54,18,2500,0,"Low Risk",1,0,6
"EG_WAL_13740","Asyut","Verified_Tier1",310,54,12,5000,3,"Medium Risk",1,0,3
"EG_WAL_14085","Cairo","Verified_Tier1",528,54,21,0,0,"Low Risk",1,0,7
"EG_WAL_11171","Asyut","Basic",639,54,18,1000,0,"Low Risk",1,0,6
"EG_WAL_14926","Giza","Basic",551,54,17,500,0,"Low Risk",1,0,6
"EG_WAL_13051","Giza","Merchant",93,54,14,2500,3,"Medium Risk",1,0,4
"EG_WAL_13757","Cairo","Basic",263,54,13,1000,0,"Low Risk",1,0,4
"EG_WAL_14361","Giza","Basic",188,54,19,2500,1,"Medium Risk",1,0,6
"EG_WAL_10230","Alexandria","Merchant",284,54,10,500,0,"Low Risk",1,0,3
"EG_WAL_10377","Cairo","Basic",575,54,15,1000,0,"Low Risk",1,0,5
"EG_WAL_13489","Giza","Verified_Tier1",354,54,10,500,0,"Low Risk",1,0,3
"EG_WAL_10600","Cairo","Verified_Tier1",719,54,17,500,2,"Medium Risk",1,0,6
"EG_WAL_10660","Cairo","Verified_Tier1",471,54,17,5000,1,"Medium Risk",1,0,5
"EG_WAL_13593","Giza","Verified_Tier1",382,54,16,1000,0,"Low Risk",1,0,5
"EG_WAL_10216","Cairo","Basic",55,54,24,500,0,"Low Risk",1,0,7
"EG_WAL_11278","Cairo","Basic",128,54,16,1000,3,"Medium Risk",1,0,5
"EG_WAL_11359","Giza","Verified_Tier1",67,54,16,2500,0,"Low Risk",1,0,5
"EG_WAL_14214","Giza","Verified_Tier1",675,54,24,5000,0,"Low Risk",1,0,7
"EG_WAL_12535","Gharbia","Basic",360,54,16,2500,1,"Medium Risk",1,0,5
"EG_WAL_13659","Asyut","Verified_Tier1",581,54,13,1000,0,"Low Risk",1,0,4
"EG_WAL_10430","Cairo","Basic",54,54,21,2500,0,"Low Risk",1,0,7
"EG_WAL_10661","Asyut","Basic",425,54,13,500,0,"Low Risk",1,0,4
"EG_WAL_13623","Gharbia","Basic",113,54,13,5000,0,"Low Risk",1,0,4
"EG_WAL_13048","Cairo","Verified_Tier1",471,54,18,0,0,"Low Risk",1,0,6
"EG_WAL_13085","Alexandria","Verified_Tier1",688,54,10,5000,0,"Low Risk",1,0,3
"EG_WAL_11242","Alexandria","Merchant",550,54,14,5000,0,"Low Risk",1,0,4
"EG_WAL_12177","Giza","Basic",205,54,16,1000,0,"Low Risk",1,0,5
"EG_WAL_10938","Cairo","Basic",521,54,19,2500,0,"Low Risk",1,0,6
"EG_WAL_10462","Alexandria","Basic",538,54,17,500,0,"Low Risk",1,0,6
"EG_WAL_10830","Cairo","Basic",152,54,13,2500,0,"Low Risk",1,0,4
"EG_WAL_11966","Cairo","Verified_Tier1",187,54,14,2500,0,"Low Risk",1,0,4
"EG_WAL_10512","Asyut","Basic",240,54,20,2500,0,"Low Risk",1,0,7
"EG_WAL_14732","Alexandria","Verified_Tier1",178,54,12,5000,0,"Low Risk",1,0,3
"EG_WAL_10218","Giza","Verified_Tier1",692,54,14,1000,0,"Low Risk",1,0,4
"EG_WAL_10582","Giza","Basic",46,54,13,2500,0,"Low Risk",1,0,4
"EG_WAL_11580","Cairo","Basic",243,54,16,5000,0,"Low Risk",1,0,5
"EG_WAL_11104","Asyut","Verified_Tier1",667,53,16,2500,0,"Low Risk",1,0,5
"EG_WAL_12659","Alexandria","Verified_Tier1",372,53,12,1000,1,"Medium Risk",1,0,3
"EG_WAL_12369","Alexandria","Verified_Tier1",198,53,15,2500,0,"Low Risk",1,0,5
"EG_WAL_11663","Giza","Verified_Tier1",624,53,16,5000,0,"Low Risk",1,0,5
"EG_WAL_10599","Cairo","Verified_Tier1",355,53,18,0,0,"Low Risk",1,0,6
"EG_WAL_10843","Asyut","Verified_Tier1",707,53,15,1000,0,"Low Risk",1,0,5
"EG_WAL_13225","Gharbia","Basic",648,53,18,5000,0,"Low Risk",1,0,6
"EG_WAL_12387","Giza","Basic",130,53,18,500,4,"High Risk",1,0,6
"EG_WAL_14108","Gharbia","Basic",505,53,16,5000,0,"Low Risk",1,0,5
"EG_WAL_12291","Cairo","Merchant",670,53,19,1000,0,"Low Risk",1,0,6
"EG_WAL_11537","Alexandria","Verified_Tier1",533,53,23,2500,0,"Low Risk",1,0,7
"EG_WAL_14723","Giza","Verified_Tier1",498,53,11,5000,1,"Medium Risk",1,0,3
"EG_WAL_10788","Giza","Basic",152,53,13,2500,0,"Low Risk",1,0,4
"EG_WAL_10681","Cairo","Basic",146,53,20,500,0,"Low Risk",1,0,7
"EG_WAL_13422","Alexandria","Basic",116,53,16,2500,0,"Low Risk",1,0,5
"EG_WAL_14283","Cairo","Verified_Tier1",109,53,9,500,1,"Medium Risk",1,0,3
"EG_WAL_14551","Cairo","Merchant",709,53,16,500,0,"Low Risk",1,0,5
"EG_WAL_13527","Alexandria","Verified_Tier1",641,53,15,5000,0,"Low Risk",1,0,4
"EG_WAL_11508","Giza","Basic",211,53,20,5000,0,"Low Risk",1,0,7
"EG_WAL_11108","Alexandria","Verified_Tier1",233,53,24,2500,0,"Low Risk",1,0,7
"EG_WAL_12217","Cairo","Merchant",623,53,11,0,0,"Low Risk",1,0,3
"EG_WAL_10978","Giza","Verified_Tier1",658,53,18,2500,1,"Medium Risk",1,0,6
"EG_WAL_10536","Gharbia","Basic",67,53,10,0,1,"Medium Risk",1,0,3
"EG_WAL_10278","Alexandria","Merchant",33,53,17,2500,0,"Low Risk",1,0,6
"EG_WAL_10350","Giza","Verified_Tier1",444,53,11,5000,1,"Medium Risk",1,0,3
"EG_WAL_12983","Gharbia","Basic",356,53,21,5000,0,"Low Risk",1,0,7
"EG_WAL_12297","Cairo","Verified_Tier1",586,53,13,0,1,"Medium Risk",1,0,4
"EG_WAL_12279","Cairo","Verified_Tier1",282,53,12,2500,0,"Low Risk",1,0,3
"EG_WAL_12896","Giza","Basic",511,53,18,500,0,"Low Risk",1,0,6
"EG_WAL_14862","Cairo","Verified_Tier1",89,53,11,500,2,"Medium Risk",1,0,3
"EG_WAL_13023","Cairo","Verified_Tier1",335,53,21,1000,0,"Low Risk",1,0,7
"EG_WAL_12565","Cairo","Verified_Tier1",168,53,15,5000,3,"Medium Risk",1,0,5
"EG_WAL_12762","Giza","Basic",550,53,16,2500,0,"Low Risk",1,0,5
"EG_WAL_11052","Asyut","Basic",135,53,21,5000,1,"Medium Risk",1,0,7
"EG_WAL_12835","Asyut","Basic",364,53,12,2500,0,"Low Risk",1,0,3
"EG_WAL_14276","Giza","Verified_Tier1",345,53,12,1000,1,"Medium Risk",1,0,3
"EG_WAL_10313","Asyut","Basic",323,53,16,500,0,"Low Risk",1,0,5
"EG_WAL_13990","Cairo","Basic",328,53,18,500,1,"Medium Risk",1,0,7
"EG_WAL_10102","Cairo","Basic",686,53,20,5000,2,"Medium Risk",1,0,8
"EG_WAL_11540","Alexandria","Basic",442,53,9,2500,0,"Low Risk",1,0,4
"EG_WAL_14844","Cairo","Verified_Tier1",646,53,18,5000,0,"Low Risk",1,0,7
"EG_WAL_11808","Cairo","Verified_Tier1",425,53,17,0,1,"Medium Risk",1,0,7
"EG_WAL_11697","Cairo","Basic",51,53,19,1000,0,"Low Risk",1,0,7
"EG_WAL_10584","Giza","Basic",356,53,17,500,1,"Medium Risk",1,0,7
"EG_WAL_14365","Alexandria","Verified_Tier1",205,53,12,500,0,"Low Risk",1,0,4
"EG_WAL_10443","Cairo","Basic",306,53,18,1000,0,"Low Risk",1,0,7
"EG_WAL_13312","Alexandria","Basic",425,53,12,500,0,"Low Risk",1,0,4
"EG_WAL_13211","Alexandria","Basic",552,52,24,1000,0,"Low Risk",1,0,8
"EG_WAL_10263","Giza","Verified_Tier1",229,52,16,1000,1,"Medium Risk",1,0,6
"EG_WAL_13760","Cairo","Basic",99,52,23,500,1,"Medium Risk",1,0,8
"EG_WAL_12292","Cairo","Basic",614,52,17,2500,3,"Medium Risk",1,0,6
"EG_WAL_12982","Alexandria","Basic",273,52,23,1000,1,"Medium Risk",1,0,8
"EG_WAL_14053","Giza","Basic",531,52,14,500,3,"Medium Risk",1,0,5
"EG_WAL_13734","Cairo","Basic",704,52,23,500,1,"Medium Risk",1,0,8
"EG_WAL_10103","Giza","Verified_Tier1",80,52,8,2500,0,"Low Risk",1,0,4
"EG_WAL_12894","Cairo","Verified_Tier1",441,52,16,5000,2,"Medium Risk",1,0,6
"EG_WAL_13651","Cairo","Verified_Tier1",394,52,14,0,0,"Low Risk",1,0,5
"EG_WAL_11367","Asyut","Basic",352,52,8,500,0,"Low Risk",1,0,4
"EG_WAL_14208","Cairo","Basic",167,52,17,2500,1,"Medium Risk",1,0,7
"EG_WAL_13356","Alexandria","Basic",161,52,14,500,0,"Low Risk",1,0,5
"EG_WAL_13285","Cairo","Verified_Tier1",262,52,14,5000,0,"Low Risk",1,0,5
"EG_WAL_10634","Cairo","Basic",339,52,15,500,0,"Low Risk",1,0,5
"EG_WAL_13955","Gharbia","Basic",340,52,11,1000,0,"Low Risk",1,0,4
"EG_WAL_11895","Alexandria","Verified_Tier1",579,52,16,1000,0,"Low Risk",1,0,6
"EG_WAL_12873","Giza","Merchant",613,52,6,5000,0,"Low Risk",1,0,4
"EG_WAL_13233","Cairo","Verified_Tier1",245,52,16,1000,0,"Low Risk",1,0,6
"EG_WAL_10332","Cairo","Verified_Tier1",503,52,11,500,2,"Medium Risk",1,0,4
"EG_WAL_11305","Gharbia","Basic",531,52,11,0,0,"Low Risk",1,0,4
"EG_WAL_11836","Cairo","Verified_Tier1",492,52,20,1000,0,"Low Risk",1,0,8
"EG_WAL_14910","Gharbia","Basic",73,52,22,2500,0,"Low Risk",1,0,8
"EG_WAL_13807","Cairo","Verified_Tier1",603,52,17,2500,0,"Low Risk",1,0,6
"EG_WAL_14323","Giza","Basic",419,52,11,500,0,"Low Risk",1,0,4
"EG_WAL_10729","Cairo","Basic",111,52,12,2500,1,"Medium Risk",1,0,4
"EG_WAL_13066","Cairo","Verified_Tier1",412,52,12,2500,0,"Low Risk",1,0,4
"EG_WAL_14612","Giza","Basic",73,52,19,0,1,"Medium Risk",1,0,7
"EG_WAL_14239","Cairo","Verified_Tier1",124,52,17,500,1,"Medium Risk",1,0,7
"EG_WAL_12160","Alexandria","Basic",385,52,22,500,1,"Medium Risk",1,0,8
"EG_WAL_10811","Gharbia","Basic",143,52,15,2500,1,"Medium Risk",1,0,6
"EG_WAL_10290","Cairo","Basic",662,52,21,2500,0,"Low Risk",1,0,8
"EG_WAL_11884","Cairo","Verified_Tier1",283,52,15,500,0,"Low Risk",1,0,5
"EG_WAL_11870","Gharbia","Basic",632,52,17,2500,0,"Low Risk",1,0,7
"EG_WAL_12402","Giza","Basic",139,52,15,2500,0,"Low Risk",1,0,6
"EG_WAL_11639","Asyut","Verified_Tier1",92,52,7,1000,0,"Low Risk",1,0,4
"EG_WAL_11182","Giza","Verified_Tier1",56,52,14,500,0,"Low Risk",1,0,5
"EG_WAL_12041","Giza","Basic",342,52,19,2500,0,"Low Risk",1,0,7
"EG_WAL_11091","Giza","Basic",491,52,21,500,1,"Medium Risk",1,0,8
"EG_WAL_10954","Giza","Verified_Tier1",328,52,14,5000,0,"Low Risk",1,0,5
"EG_WAL_10428","Cairo","Basic",401,52,22,2500,1,"Medium Risk",1,0,8
"EG_WAL_10861","Giza","Basic",60,52,14,2500,4,"High Risk",1,1,5
"EG_WAL_11735","Gharbia","Verified_Tier1",466,52,17,2500,1,"Medium Risk",1,0,7
"EG_WAL_10611","Alexandria","Verified_Tier1",717,52,14,5000,0,"Low Risk",1,0,5
"EG_WAL_13456","Giza","Verified_Tier1",609,52,13,2500,0,"Low Risk",1,0,4
"EG_WAL_14395","Gharbia","Basic",666,52,17,500,1,"Medium Risk",1,0,7
"EG_WAL_12629","Cairo","Basic",92,52,11,500,0,"Low Risk",1,0,4
"EG_WAL_11687","Giza","Basic",645,52,22,500,0,"Low Risk",1,0,8
"EG_WAL_12514","Giza","Verified_Tier1",326,52,13,5000,0,"Low Risk",1,0,5
"EG_WAL_14542","Cairo","Basic",208,52,10,5000,1,"Medium Risk",1,0,4
"EG_WAL_13490","Cairo","Verified_Tier1",709,52,16,1000,0,"Low Risk",1,0,6
"EG_WAL_11506","Giza","Verified_Tier1",256,52,16,1000,0,"Low Risk",1,0,6
"EG_WAL_11229","Giza","Basic",681,52,24,2500,0,"Low Risk",1,0,8
"EG_WAL_14598","Giza","Basic",37,52,13,2500,2,"Medium Risk",1,0,5
"EG_WAL_12771","Cairo","Verified_Tier1",375,52,16,2500,0,"Low Risk",1,0,6
"EG_WAL_12833","Cairo","Verified_Tier1",83,52,20,2500,0,"Low Risk",1,0,8
"EG_WAL_14979","Cairo","Verified_Tier1",262,52,13,500,0,"Low Risk",1,0,5
"EG_WAL_11074","Asyut","Basic",111,52,22,1000,0,"Low Risk",1,0,8
"EG_WAL_13394","Asyut","Verified_Tier1",668,52,10,5000,0,"Low Risk",1,0,4
"EG_WAL_10560","Alexandria","Basic",707,52,16,5000,0,"Low Risk",1,0,6
"EG_WAL_11942","Alexandria","Verified_Tier1",363,52,15,2500,0,"Low Risk",1,0,6
"EG_WAL_13385","Gharbia","Basic",557,52,21,500,0,"Low Risk",1,0,8
"EG_WAL_11763","Giza","Verified_Tier1",473,52,13,500,0,"Low Risk",1,0,5
"EG_WAL_11008","Cairo","Basic",463,52,11,2500,0,"Low Risk",1,0,4
"EG_WAL_11772","Gharbia","Basic",305,52,16,500,0,"Low Risk",1,0,6
"EG_WAL_10903","Giza","Basic",566,51,10,500,0,"Low Risk",1,0,4
"EG_WAL_10602","Cairo","Basic",445,51,19,2500,0,"Low Risk",1,0,7
"EG_WAL_10744","Cairo","Basic",330,51,16,5000,0,"Low Risk",1,0,6
"EG_WAL_12118","Cairo","Basic",373,51,17,2500,1,"Medium Risk",1,0,7
"EG_WAL_11143","Giza","Basic",483,51,17,1000,0,"Low Risk",1,0,7
"EG_WAL_14038","Alexandria","Verified_Tier1",469,51,12,500,0,"Low Risk",1,0,4
"EG_WAL_13856","Cairo","Basic",32,51,16,5000,0,"Low Risk",1,0,6
"EG_WAL_11476","Gharbia","Basic",596,51,14,2500,0,"Low Risk",1,0,5
"EG_WAL_14658","Cairo","Verified_Tier1",382,51,22,0,0,"Low Risk",1,0,8
"EG_WAL_13555","Giza","Merchant",371,51,13,2500,0,"Low Risk",1,0,5
"EG_WAL_10924","Giza","Verified_Tier1",132,51,16,5000,0,"Low Risk",1,0,6
"EG_WAL_12708","Cairo","Basic",42,51,8,2500,0,"Low Risk",1,0,4
"EG_WAL_11581","Cairo","Basic",96,51,16,2500,0,"Low Risk",1,0,6
"EG_WAL_14517","Gharbia","Basic",128,51,18,2500,0,"Low Risk",1,0,7
"EG_WAL_11408","Giza","Basic",359,51,9,1000,0,"Low Risk",1,0,4
"EG_WAL_13831","Gharbia","Basic",264,51,17,0,0,"Low Risk",1,0,6
"EG_WAL_14322","Alexandria","Basic",115,51,18,500,0,"Low Risk",1,0,7
"EG_WAL_12466","Cairo","Basic",658,51,13,1000,0,"Low Risk",1,0,5
"EG_WAL_14843","Cairo","Basic",689,51,8,0,0,"Low Risk",1,0,4
"EG_WAL_13708","Cairo","Basic",621,51,18,1000,0,"Low Risk",1,0,7
"EG_WAL_13468","Gharbia","Verified_Tier1",486,51,20,1000,1,"Medium Risk",1,0,8
"EG_WAL_10953","Asyut","Basic",609,51,15,5000,1,"Medium Risk",1,0,6
"EG_WAL_10130","Giza","Merchant",484,51,15,1000,1,"Medium Risk",1,0,5
"EG_WAL_14118","Cairo","Basic",78,51,16,1000,0,"Low Risk",1,0,6
"EG_WAL_10847","Asyut","Verified_Tier1",246,51,11,500,0,"Low Risk",1,0,4
"EG_WAL_11713","Giza","Verified_Tier1",652,51,22,1000,0,"Low Risk",1,0,8
"EG_WAL_10299","Cairo","Verified_Tier1",711,51,18,5000,0,"Low Risk",1,0,7
"EG_WAL_13074","Giza","Verified_Tier1",85,51,18,1000,0,"Low Risk",1,0,7
"EG_WAL_11397","Cairo","Basic",527,51,13,5000,0,"Low Risk",1,0,5
"EG_WAL_12940","Cairo","Basic",438,51,12,1000,0,"Low Risk",1,0,4
"EG_WAL_14151","Cairo","Verified_Tier1",103,51,16,500,0,"Low Risk",1,0,6
"EG_WAL_12269","Giza","Basic",216,51,18,500,1,"Medium Risk",1,0,7
"EG_WAL_13301","Asyut","Verified_Tier1",478,51,13,2500,0,"Low Risk",1,0,5
"EG_WAL_11481","Cairo","Basic",266,51,10,2500,1,"Medium Risk",1,0,4
"EG_WAL_12787","Cairo","Basic",384,51,15,1000,1,"Medium Risk",1,0,6
"EG_WAL_13681","Cairo","Basic",85,51,18,1000,0,"Low Risk",1,0,7
"EG_WAL_13702","Cairo","Basic",374,51,11,500,1,"Medium Risk",1,0,4
"EG_WAL_13554","Cairo","Verified_Tier1",152,51,15,2500,0,"Low Risk",1,0,5
"EG_WAL_11723","Cairo","Verified_Tier1",318,51,13,2500,1,"Medium Risk",1,0,5
"EG_WAL_10255","Giza","Basic",104,51,13,500,0,"Low Risk",1,0,5
"EG_WAL_11613","Cairo","Verified_Tier1",697,51,23,2500,0,"Low Risk",1,0,8
"EG_WAL_11388","Asyut","Basic",537,51,8,0,0,"Low Risk",1,0,4
"EG_WAL_13582","Cairo","Basic",106,51,11,5000,0,"Low Risk",1,0,4
"EG_WAL_11352","Giza","Verified_Tier1",562,51,12,0,1,"Medium Risk",1,0,4
"EG_WAL_10065","Giza","Basic",470,51,20,5000,0,"Low Risk",1,0,8
"EG_WAL_11256","Cairo","Verified_Tier1",239,51,12,1000,1,"Medium Risk",1,0,4
"EG_WAL_14922","Giza","Verified_Tier1",304,51,24,0,0,"Low Risk",1,0,8
"EG_WAL_14534","Giza","Merchant",121,51,8,1000,1,"Medium Risk",1,0,4
"EG_WAL_13587","Alexandria","Merchant",456,51,14,1000,1,"Medium Risk",1,0,5
"EG_WAL_13235","Cairo","Basic",598,51,18,5000,0,"Low Risk",1,0,7
"EG_WAL_13503","Cairo","Basic",397,51,24,500,0,"Low Risk",1,0,8
"EG_WAL_11702","Cairo","Basic",648,51,16,500,0,"Low Risk",1,0,6
"EG_WAL_12648","Giza","Basic",616,50,16,2500,0,"Low Risk",1,0,6
"EG_WAL_10796","Asyut","Verified_Tier1",72,50,16,5000,0,"Low Risk",1,0,6
"EG_WAL_13779","Gharbia","Verified_Tier1",597,50,14,2500,0,"Low Risk",1,0,5
"EG_WAL_14196","Cairo","Verified_Tier1",515,50,15,2500,1,"Medium Risk",1,0,6
"EG_WAL_13311","Alexandria","Verified_Tier1",526,50,25,500,2,"Medium Risk",1,0,8
"EG_WAL_14820","Cairo","Basic",643,50,12,2500,0,"Low Risk",1,0,4
"EG_WAL_13837","Cairo","Basic",648,50,14,0,0,"Low Risk",1,0,5
"EG_WAL_13287","Gharbia","Basic",481,50,15,500,0,"Low Risk",1,0,5
"EG_WAL_10585","Cairo","Basic",347,50,22,1000,0,"Low Risk",1,0,8
"EG_WAL_11357","Giza","Basic",284,50,13,500,0,"Low Risk",1,0,5
"EG_WAL_11846","Cairo","Basic",114,50,22,0,0,"Low Risk",1,0,8
"EG_WAL_10872","Giza","Verified_Tier1",394,50,17,0,0,"Low Risk",1,0,7
"EG_WAL_11244","Alexandria","Verified_Tier1",81,50,10,1000,1,"Medium Risk",1,0,4
"EG_WAL_14091","Cairo","Basic",64,50,26,500,0,"Low Risk",1,0,8
"EG_WAL_14292","Giza","Verified_Tier1",477,50,18,2500,0,"Low Risk",1,0,7
"EG_WAL_14280","Cairo","Merchant",493,50,16,0,1,"Medium Risk",1,0,6
"EG_WAL_12581","Gharbia","Basic",680,50,17,5000,1,"Medium Risk",1,0,7
"EG_WAL_13505","Giza","Basic",189,50,15,2500,0,"Low Risk",1,0,5
"EG_WAL_10589","Cairo","Basic",148,50,13,2500,0,"Low Risk",1,0,5
"EG_WAL_10852","Cairo","Basic",515,50,13,500,0,"Low Risk",1,0,5
"EG_WAL_10281","Cairo","Basic",639,50,12,500,0,"Low Risk",1,0,4
"EG_WAL_11510","Gharbia","Verified_Tier1",496,50,20,1000,3,"Medium Risk",1,0,8
"EG_WAL_10179","Cairo","Basic",279,50,18,1000,0,"Low Risk",1,0,7
"EG_WAL_13519","Cairo","Verified_Tier1",243,50,10,5000,0,"Low Risk",1,0,4
"EG_WAL_10709","Alexandria","Verified_Tier1",398,50,14,5000,0,"Low Risk",1,0,5
"EG_WAL_13560","Cairo","Verified_Tier1",289,50,12,500,1,"Medium Risk",1,0,4
"EG_WAL_11257","Giza","Verified_Tier1",644,50,12,2500,2,"Medium Risk",1,0,4
"EG_WAL_11187","Cairo","Basic",198,50,24,2500,0,"Low Risk",1,0,8
"EG_WAL_11812","Cairo","Basic",260,50,19,0,1,"Medium Risk",1,0,7
"EG_WAL_10947","Asyut","Basic",45,50,16,1000,1,"Medium Risk",1,0,6
"EG_WAL_14554","Giza","Merchant",354,50,19,2500,0,"Low Risk",1,0,7
"EG_WAL_11671","Gharbia","Basic",87,50,14,5000,0,"Low Risk",1,0,5
"EG_WAL_14883","Cairo","Basic",648,50,15,5000,0,"Low Risk",1,0,6
"EG_WAL_14353","Asyut","Basic",453,50,15,2500,0,"Low Risk",1,0,6
"EG_WAL_14690","Cairo","Verified_Tier1",478,50,16,1000,2,"Medium Risk",1,0,6
"EG_WAL_10833","Cairo","Verified_Tier1",685,50,15,0,1,"Medium Risk",1,0,6
"EG_WAL_12915","Alexandria","Basic",215,50,21,500,3,"Medium Risk",1,0,8
"EG_WAL_12844","Giza","Basic",324,50,19,500,1,"Medium Risk",1,0,7
"EG_WAL_12813","Cairo","Basic",326,50,15,0,0,"Low Risk",1,0,6
"EG_WAL_12978","Alexandria","Basic",579,50,16,2500,0,"Low Risk",1,0,6
"EG_WAL_12167","Cairo","Basic",163,50,14,2500,0,"Low Risk",1,0,5
"EG_WAL_10353","Cairo","Basic",236,50,16,1000,0,"Low Risk",1,0,6
"EG_WAL_10877","Alexandria","Basic",122,50,20,5000,0,"Low Risk",1,0,8
"EG_WAL_12046","Cairo","Basic",45,50,10,500,1,"Medium Risk",1,0,4
"EG_WAL_14805","Giza","Verified_Tier1",358,50,18,1000,0,"Low Risk",1,0,7
"EG_WAL_12342","Cairo","Basic",230,50,16,2500,0,"Low Risk",1,0,6
"EG_WAL_12740","Cairo","Basic",297,50,19,5000,0,"Low Risk",1,0,7
"EG_WAL_10252","Gharbia","Basic",397,50,13,5000,1,"Medium Risk",1,0,5
"EG_WAL_10079","Cairo","Basic",282,50,16,5000,0,"Low Risk",1,0,6
"EG_WAL_11464","Asyut","Basic",257,50,18,2500,0,"Low Risk",1,0,7
"EG_WAL_10346","Giza","Verified_Tier1",617,50,15,1000,0,"Low Risk",1,0,6
"EG_WAL_11145","Gharbia","Verified_Tier1",426,50,15,0,3,"Medium Risk",1,0,5
"EG_WAL_13796","Giza","Basic",150,50,23,500,1,"Medium Risk",1,0,8
"EG_WAL_11682","Giza","Basic",68,50,16,500,0,"Low Risk",1,0,6
"EG_WAL_12148","Giza","Basic",506,50,15,5000,0,"Low Risk",1,0,5
"EG_WAL_13137","Alexandria","Verified_Tier1",370,50,23,1000,0,"Low Risk",1,0,8
"EG_WAL_11472","Gharbia","Basic",633,50,8,0,1,"Medium Risk",1,0,4
"EG_WAL_10920","Gharbia","Verified_Tier1",31,50,17,1000,0,"Low Risk",1,0,7
"EG_WAL_14409","Giza","Verified_Tier1",709,50,15,0,0,"Low Risk",1,0,6
"EG_WAL_10222","Cairo","Verified_Tier1",266,50,15,1000,0,"Low Risk",1,0,6
"EG_WAL_11092","Giza","Basic",121,50,22,2500,0,"Low Risk",1,0,8
"EG_WAL_12491","Cairo","Verified_Tier1",104,49,15,5000,0,"Low Risk",1,0,6
"EG_WAL_14109","Giza","Basic",353,49,13,500,0,"Low Risk",1,0,5
"EG_WAL_10291","Cairo","Basic",255,49,17,500,0,"Low Risk",1,0,7
"EG_WAL_13482","Cairo","Merchant",368,49,21,1000,2,"Medium Risk",1,0,8
"EG_WAL_12294","Cairo","Verified_Tier1",594,49,13,500,2,"Medium Risk",1,0,5
"EG_WAL_13071","Giza","Basic",357,49,13,500,0,"Low Risk",1,0,5
"EG_WAL_14825","Cairo","Verified_Tier1",194,49,17,5000,0,"Low Risk",1,0,7
"EG_WAL_11095","Cairo","Basic",127,49,13,1000,0,"Low Risk",1,0,5
"EG_WAL_10708","Cairo","Merchant",364,49,13,0,0,"Low Risk",1,0,5
"EG_WAL_12153","Gharbia","Verified_Tier1",477,49,19,500,1,"Medium Risk",1,0,7
"EG_WAL_12102","Cairo","Verified_Tier1",514,49,21,500,0,"Low Risk",1,0,8
"EG_WAL_14735","Cairo","Basic",684,49,17,2500,0,"Low Risk",1,0,7
"EG_WAL_14734","Giza","Basic",54,49,13,500,0,"Low Risk",1,0,5
"EG_WAL_10156","Alexandria","Verified_Tier1",190,49,14,2500,2,"Medium Risk",1,0,5
"EG_WAL_13404","Alexandria","Verified_Tier1",196,49,17,1000,1,"Medium Risk",1,0,7
"EG_WAL_12000","Cairo","Basic",718,49,22,500,0,"Low Risk",1,0,8
"EG_WAL_10647","Alexandria","Basic",384,49,14,1000,0,"Low Risk",1,0,5
"EG_WAL_13442","Cairo","Basic",373,49,13,5000,0,"Low Risk",1,0,4
"EG_WAL_12137","Alexandria","Basic",413,49,17,2500,0,"Low Risk",1,0,7
"EG_WAL_11023","Asyut","Basic",217,49,14,0,0,"Low Risk",1,0,5
"EG_WAL_10534","Alexandria","Verified_Tier1",431,49,17,2500,1,"Medium Risk",1,0,7
"EG_WAL_12345","Alexandria","Verified_Tier1",666,49,12,5000,0,"Low Risk",1,0,4
"EG_WAL_11019","Cairo","Basic",314,49,17,500,0,"Low Risk",1,0,6
"EG_WAL_12361","Giza","Basic",646,49,14,500,2,"Medium Risk",1,0,5
"EG_WAL_14920","Asyut","Basic",64,49,22,5000,0,"Low Risk",1,0,8
"EG_WAL_13145","Cairo","Basic",660,49,12,1000,0,"Low Risk",1,0,4
"EG_WAL_12796","Cairo","Basic",350,49,21,500,0,"Low Risk",1,0,8
"EG_WAL_12707","Cairo","Basic",38,49,23,1000,0,"Low Risk",1,0,8
"EG_WAL_11948","Cairo","Verified_Tier1",133,49,21,500,0,"Low Risk",1,0,8
"EG_WAL_13780","Cairo","Verified_Tier1",60,49,12,500,0,"Low Risk",1,0,4
"EG_WAL_13691","Giza","Basic",278,49,17,500,1,"Medium Risk",1,0,6
"EG_WAL_13754","Cairo","Basic",473,49,14,5000,0,"Low Risk",1,0,5
"EG_WAL_13584","Giza","Basic",76,49,18,2500,1,"Medium Risk",1,0,7
"EG_WAL_14912","Giza","Basic",255,49,17,1000,0,"Low Risk",1,0,6
"EG_WAL_13291","Gharbia","Verified_Tier1",242,49,21,2500,0,"Low Risk",1,0,8
"EG_WAL_10614","Gharbia","Verified_Tier1",298,49,11,1000,0,"Low Risk",1,0,4
"EG_WAL_12457","Giza","Basic",549,49,11,5000,2,"Medium Risk",1,0,4
"EG_WAL_10110","Cairo","Basic",99,49,15,1000,0,"Low Risk",1,0,5
"EG_WAL_14609","Cairo","Basic",646,49,6,2500,0,"Low Risk",1,0,4
"EG_WAL_13316","Giza","Basic",446,49,15,5000,0,"Low Risk",1,0,5
"EG_WAL_14991","Giza","Basic",393,49,20,0,0,"Low Risk",1,0,8
"EG_WAL_13522","Cairo","Basic",521,49,20,500,0,"Low Risk",1,0,8
"EG_WAL_10494","Giza","Verified_Tier1",336,49,17,500,0,"Low Risk",1,0,6
"EG_WAL_10592","Cairo","Basic",515,49,15,1000,1,"Medium Risk",1,0,5
"EG_WAL_12214","Alexandria","Basic",86,49,18,500,1,"Medium Risk",1,0,7
"EG_WAL_11103","Asyut","Verified_Tier1",318,49,18,1000,0,"Low Risk",1,0,7
"EG_WAL_11096","Cairo","Basic",265,49,15,500,0,"Low Risk",1,0,5
"EG_WAL_14887","Alexandria","Verified_Tier1",684,49,19,5000,0,"Low Risk",1,0,7
"EG_WAL_10897","Gharbia","Verified_Tier1",583,49,11,2500,2,"Medium Risk",1,0,4
"EG_WAL_11286","Cairo","Verified_Tier1",684,49,16,500,2,"Medium Risk",1,0,6
"EG_WAL_14282","Cairo","Basic",245,49,10,1000,0,"Low Risk",1,0,4
"EG_WAL_14496","Giza","Basic",186,49,25,500,0,"Low Risk",1,0,8
"EG_WAL_13260","Cairo","Verified_Tier1",716,49,25,1000,0,"Low Risk",1,0,8
"EG_WAL_10036","Cairo","Verified_Tier1",532,49,15,0,0,"Low Risk",1,0,6
"EG_WAL_10097","Giza","Basic",585,49,16,500,2,"Medium Risk",1,0,6
"EG_WAL_13860","Gharbia","Basic",397,49,15,2500,1,"Medium Risk",1,0,6
"EG_WAL_12985","Asyut","Basic",620,49,18,5000,0,"Low Risk",1,0,7
"EG_WAL_11462","Cairo","Basic",50,49,16,500,1,"Medium Risk",1,0,6
"EG_WAL_13761","Alexandria","Basic",483,49,15,5000,0,"Low Risk",1,0,6
"EG_WAL_10728","Cairo","Verified_Tier1",329,49,16,500,0,"Low Risk",1,0,6
"EG_WAL_13212","Cairo","Basic",446,49,9,0,0,"Low Risk",1,0,4
"EG_WAL_14780","Cairo","Verified_Tier1",598,49,27,5000,0,"Low Risk",1,0,8
"EG_WAL_12941","Giza","Verified_Tier1",352,49,27,1000,1,"Medium Risk",1,0,8
"EG_WAL_14953","Alexandria","Merchant",298,49,8,2500,0,"Low Risk",1,0,4
"EG_WAL_13283","Gharbia","Verified_Tier1",416,49,18,1000,2,"Medium Risk",1,0,7
"EG_WAL_14043","Giza","Verified_Tier1",534,49,8,0,2,"Medium Risk",1,0,4
"EG_WAL_14112","Cairo","Basic",667,49,16,5000,0,"Low Risk",1,0,6
"EG_WAL_11834","Gharbia","Basic",684,49,13,500,0,"Low Risk",1,0,5
"EG_WAL_13172","Cairo","Basic",478,48,9,2500,0,"Low Risk",1,0,4
"EG_WAL_12993","Cairo","Basic",102,48,15,2500,1,"Medium Risk",1,0,6
"EG_WAL_10054","Giza","Basic",226,48,23,1000,0,"Low Risk",1,0,8
"EG_WAL_12431","Gharbia","Verified_Tier1",508,48,13,500,0,"Low Risk",1,0,5
"EG_WAL_14546","Cairo","Basic",48,48,16,5000,0,"Low Risk",1,0,6
"EG_WAL_11675","Cairo","Basic",239,48,16,2500,1,"Medium Risk",1,0,6
"EG_WAL_14642","Gharbia","Basic",507,48,19,0,0,"Low Risk",1,0,7
"EG_WAL_14545","Gharbia","Basic",309,48,16,5000,0,"Low Risk",1,0,6
"EG_WAL_10514","Cairo","Verified_Tier1",105,48,20,5000,0,"Low Risk",1,0,8
"EG_WAL_10760","Cairo","Basic",183,48,18,5000,2,"Medium Risk",1,0,7
"EG_WAL_14455","Cairo","Verified_Tier1",69,48,19,5000,2,"Medium Risk",1,0,8
"EG_WAL_10509","Alexandria","Basic",294,48,20,5000,0,"Low Risk",1,0,8
"EG_WAL_12449","Cairo","Basic",573,48,19,1000,1,"Medium Risk",1,0,8
"EG_WAL_11863","Giza","Basic",708,48,16,2500,0,"Low Risk",1,0,6
"EG_WAL_11119","Cairo","Verified_Tier1",170,48,12,500,1,"Medium Risk",1,0,4
"EG_WAL_13012","Cairo","Basic",385,48,12,5000,1,"Medium Risk",1,0,4
"EG_WAL_14111","Giza","Verified_Tier1",545,48,20,5000,0,"Low Risk",1,0,8
"EG_WAL_10405","Gharbia","Verified_Tier1",200,48,10,1000,0,"Low Risk",1,0,4
"EG_WAL_13973","Alexandria","Basic",565,48,15,1000,0,"Low Risk",1,0,6
"EG_WAL_10187","Giza","Basic",287,48,16,500,0,"Low Risk",1,0,6
"EG_WAL_14904","Asyut","Verified_Tier1",279,48,22,2500,1,"Medium Risk",1,0,8
"EG_WAL_13671","Cairo","Verified_Tier1",636,48,18,5000,0,"Low Risk",1,0,7
"EG_WAL_12897","Cairo","Basic",221,48,18,500,0,"Low Risk",1,0,7
"EG_WAL_13450","Giza","Basic",213,48,13,2500,2,"Medium Risk",1,0,4
"EG_WAL_11155","Alexandria","Basic",479,48,15,5000,0,"Low Risk",1,0,5
"EG_WAL_12595","Alexandria","Basic",106,48,16,5000,0,"Low Risk",1,0,6
"EG_WAL_11172","Giza","Basic",358,48,19,1000,0,"Low Risk",1,0,7
"EG_WAL_11886","Cairo","Basic",143,48,17,2500,1,"Medium Risk",1,0,6
"EG_WAL_10229","Giza","Verified_Tier1",218,48,11,2500,1,"Medium Risk",1,0,4
"EG_WAL_11601","Cairo","Verified_Tier1",258,48,14,5000,0,"Low Risk",1,0,5
"EG_WAL_12420","Cairo","Verified_Tier1",128,48,20,500,0,"Low Risk",1,0,8
"EG_WAL_12850","Alexandria","Basic",328,48,24,1000,1,"Medium Risk",1,0,8
"EG_WAL_10047","Giza","Basic",545,48,22,0,0,"Low Risk",1,0,8
"EG_WAL_10315","Alexandria","Basic",161,48,20,5000,2,"Medium Risk",1,0,8
"EG_WAL_10828","Alexandria","Basic",290,48,14,500,0,"Low Risk",1,0,5
"EG_WAL_11034","Cairo","Basic",128,48,14,2500,0,"Low Risk",1,0,5
"EG_WAL_12790","Alexandria","Basic",564,48,14,1000,0,"Low Risk",1,0,5
"EG_WAL_11512","Asyut","Basic",264,48,19,5000,1,"Medium Risk",1,0,7
"EG_WAL_11440","Asyut","Basic",102,48,13,0,2,"Medium Risk",1,0,5
"EG_WAL_11398","Giza","Verified_Tier1",500,48,19,5000,0,"Low Risk",1,0,8
"EG_WAL_11275","Cairo","Basic",322,48,16,2500,0,"Low Risk",1,0,6
"EG_WAL_14933","Giza","Basic",496,48,19,500,0,"Low Risk",1,0,7
"EG_WAL_14233","Asyut","Basic",395,48,22,2500,0,"Low Risk",1,0,8
"EG_WAL_13147","Alexandria","Merchant",46,48,18,1000,0,"Low Risk",1,0,7
"EG_WAL_11520","Cairo","Basic",444,48,9,1000,0,"Low Risk",1,0,4
"EG_WAL_14697","Giza","Basic",216,48,12,1000,0,"Low Risk",1,0,4
"EG_WAL_13778","Alexandria","Basic",246,48,22,1000,1,"Medium Risk",1,0,8
"EG_WAL_10648","Alexandria","Verified_Tier1",618,48,16,1000,0,"Low Risk",1,0,6
"EG_WAL_13306","Cairo","Basic",363,48,21,2500,1,"Medium Risk",1,0,8
"EG_WAL_14049","Cairo","Basic",157,48,13,1000,0,"Low Risk",1,0,5
"EG_WAL_14311","Asyut","Basic",599,48,13,5000,0,"Low Risk",1,0,5
"EG_WAL_14004","Cairo","Basic",37,48,13,1000,1,"Medium Risk",1,0,5
"EG_WAL_11021","Cairo","Basic",626,48,11,5000,2,"Medium Risk",1,0,4
"EG_WAL_12432","Asyut","Verified_Tier1",49,47,8,1000,1,"Medium Risk",1,0,4
"EG_WAL_13031","Giza","Verified_Tier1",652,47,16,5000,1,"Medium Risk",1,0,6
"EG_WAL_11564","Gharbia","Basic",170,47,17,2500,0,"Low Risk",1,0,7
"EG_WAL_14332","Giza","Basic",98,47,15,500,0,"Low Risk",1,0,6
"EG_WAL_14672","Alexandria","Verified_Tier1",518,47,14,2500,0,"Low Risk",1,0,5
"EG_WAL_14122","Alexandria","Basic",383,47,17,5000,0,"Low Risk",1,0,7
"EG_WAL_14637","Alexandria","Basic",714,47,14,500,0,"Low Risk",1,0,5
"EG_WAL_11495","Alexandria","Verified_Tier1",53,47,12,1000,0,"Low Risk",1,0,4
"EG_WAL_10505","Cairo","Basic",670,47,18,5000,1,"Medium Risk",1,0,7
"EG_WAL_10400","Cairo","Verified_Tier1",603,47,15,0,0,"Low Risk",1,0,6
"EG_WAL_10989","Gharbia","Verified_Tier1",468,47,20,500,0,"Low Risk",1,0,8
"EG_WAL_13588","Cairo","Verified_Tier1",239,47,17,0,0,"Low Risk",1,0,7
"EG_WAL_12186","Gharbia","Basic",199,47,17,500,1,"Medium Risk",1,0,6
"EG_WAL_12227","Giza","Verified_Tier1",424,47,13,2500,1,"Medium Risk",1,0,5
"EG_WAL_12315","Cairo","Basic",194,47,13,500,2,"Medium Risk",1,0,5
"EG_WAL_10396","Gharbia","Basic",78,47,12,5000,0,"Low Risk",1,0,4
"EG_WAL_11914","Giza","Basic",456,47,11,0,0,"Low Risk",1,0,4
"EG_WAL_10465","Cairo","Basic",240,47,15,0,1,"Medium Risk",1,0,6
"EG_WAL_11210","Giza","Verified_Tier1",695,47,21,1000,1,"Medium Risk",1,0,8
"EG_WAL_12433","Cairo","Basic",589,47,18,5000,1,"Medium Risk",1,0,7
"EG_WAL_10795","Gharbia","Basic",310,47,18,500,0,"Low Risk",1,0,7
"EG_WAL_12520","Alexandria","Basic",185,47,22,1000,0,"Low Risk",1,0,8
"EG_WAL_14229","Cairo","Verified_Tier1",128,47,20,5000,0,"Low Risk",1,0,8
"EG_WAL_10210","Giza","Verified_Tier1",384,47,13,1000,0,"Low Risk",1,0,5
"EG_WAL_11080","Alexandria","Basic",655,47,15,2500,1,"Medium Risk",1,0,5
"EG_WAL_12337","Cairo","Basic",431,47,15,500,0,"Low Risk",1,0,5
"EG_WAL_13460","Cairo","Basic",88,47,17,2500,0,"Low Risk",1,0,7
"EG_WAL_10916","Cairo","Verified_Tier1",607,47,16,5000,0,"Low Risk",1,0,6
"EG_WAL_10488","Asyut","Basic",417,47,16,1000,0,"Low Risk",1,0,6
"EG_WAL_12875","Giza","Basic",388,47,15,500,0,"Low Risk",1,0,6
"EG_WAL_13241","Giza","Basic",562,47,19,0,0,"Low Risk",1,0,7
"EG_WAL_10310","Giza","Basic",119,47,14,5000,0,"Low Risk",1,0,5
"EG_WAL_14683","Cairo","Basic",286,47,15,2500,0,"Low Risk",1,0,5
"EG_WAL_12020","Asyut","Basic",41,47,11,500,0,"Low Risk",1,0,4
"EG_WAL_10635","Giza","Verified_Tier1",508,47,13,500,0,"Low Risk",1,0,4
"EG_WAL_10320","Giza","Verified_Tier1",590,47,20,5000,0,"Low Risk",1,0,8
"EG_WAL_13601","Giza","Verified_Tier1",192,47,19,500,0,"Low Risk",1,0,8
"EG_WAL_12246","Cairo","Verified_Tier1",321,47,16,500,0,"Low Risk",1,0,6
"EG_WAL_11424","Asyut","Verified_Tier1",182,47,15,5000,0,"Low Risk",1,0,5
"EG_WAL_10507","Gharbia","Basic",317,47,7,1000,0,"Low Risk",1,0,4
"EG_WAL_11165","Gharbia","Merchant",655,47,14,1000,0,"Low Risk",1,0,5
"EG_WAL_12238","Cairo","Verified_Tier1",353,47,11,2500,0,"Low Risk",1,0,4
"EG_WAL_13645","Cairo","Basic",653,47,17,1000,0,"Low Risk",1,0,7
"EG_WAL_10914","Giza","Verified_Tier1",355,47,15,500,0,"Low Risk",1,0,6
"EG_WAL_10394","Cairo","Verified_Tier1",114,47,16,500,2,"Medium Risk",1,0,6
"EG_WAL_10492","Cairo","Basic",314,47,10,5000,0,"Low Risk",1,0,4
"EG_WAL_12397","Cairo","Basic",167,47,10,1000,0,"Low Risk",1,0,4
"EG_WAL_11405","Giza","Verified_Tier1",243,47,14,0,0,"Low Risk",1,0,5
"EG_WAL_12354","Alexandria","Merchant",349,47,17,0,1,"Medium Risk",1,0,6
"EG_WAL_11141","Cairo","Basic",315,47,20,500,1,"Medium Risk",1,0,8
"EG_WAL_12549","Cairo","Basic",157,47,12,2500,0,"Low Risk",1,0,4
"EG_WAL_11573","Gharbia","Verified_Tier1",687,47,16,1000,0,"Low Risk",1,0,6
"EG_WAL_12675","Cairo","Merchant",390,47,16,5000,0,"Low Risk",1,0,6
"EG_WAL_12672","Alexandria","Basic",339,46,18,5000,0,"Low Risk",1,0,7
"EG_WAL_13155","Giza","Basic",578,46,11,0,1,"Medium Risk",1,0,4
"EG_WAL_11197","Asyut","Basic",135,46,13,2500,0,"Low Risk",1,0,5
"EG_WAL_11874","Alexandria","Basic",267,46,11,0,0,"Low Risk",1,0,4
"EG_WAL_12005","Alexandria","Merchant",705,46,16,1000,1,"Medium Risk",1,0,6
"EG_WAL_12343","Cairo","Basic",569,46,11,5000,0,"Low Risk",1,0,4
"EG_WAL_12180","Cairo","Basic",135,46,12,1000,0,"Low Risk",1,0,4
"EG_WAL_11129","Cairo","Basic",60,46,20,0,1,"Medium Risk",1,0,8
"EG_WAL_12645","Cairo","Basic",259,46,22,5000,0,"Low Risk",1,0,8
"EG_WAL_13271","Cairo","Basic",672,46,9,5000,0,"Low Risk",1,0,4
"EG_WAL_10615","Asyut","Basic",405,46,17,5000,0,"Low Risk",1,0,7
"EG_WAL_14812","Cairo","Merchant",436,46,22,2500,1,"Medium Risk",1,0,8
"EG_WAL_11376","Giza","Merchant",234,46,13,1000,0,"Low Risk",1,0,5
"EG_WAL_14326","Cairo","Basic",612,46,11,1000,1,"Medium Risk",1,0,4
"EG_WAL_10267","Alexandria","Basic",712,46,9,500,0,"Low Risk",1,0,4
"EG_WAL_13532","Cairo","Verified_Tier1",587,46,15,1000,1,"Medium Risk",1,0,5
"EG_WAL_14874","Cairo","Merchant",275,46,21,500,0,"Low Risk",1,0,8
"EG_WAL_13901","Cairo","Verified_Tier1",493,46,17,2500,0,"Low Risk",1,0,6
"EG_WAL_14288","Cairo","Verified_Tier1",554,46,12,2500,4,"High Risk",1,1,4
"EG_WAL_13951","Gharbia","Basic",714,46,14,5000,0,"Low Risk",1,0,5
"EG_WAL_13132","Asyut","Verified_Tier1",61,46,9,1000,2,"Medium Risk",1,0,4
"EG_WAL_10024","Giza","Basic",122,46,14,5000,0,"Low Risk",1,0,5
"EG_WAL_12095","Alexandria","Basic",543,46,5,1000,1,"Medium Risk",1,0,4
"EG_WAL_13925","Cairo","Basic",696,46,12,5000,0,"Low Risk",1,0,4
"EG_WAL_12890","Cairo","Basic",382,46,17,0,1,"Medium Risk",1,0,7
"EG_WAL_11075","Giza","Basic",470,46,15,500,1,"Medium Risk",1,0,6
"EG_WAL_13223","Cairo","Basic",503,46,12,0,0,"Low Risk",1,0,4
"EG_WAL_14907","Cairo","Verified_Tier1",424,45,17,500,0,"Low Risk",0,0,7
"EG_WAL_14134","Giza","Verified_Tier1",655,45,25,5000,0,"Low Risk",0,0,8
"EG_WAL_14894","Cairo","Verified_Tier1",130,45,10,500,1,"Medium Risk",0,0,4
"EG_WAL_10231","Giza","Basic",97,45,20,0,1,"Medium Risk",0,0,8
"EG_WAL_13236","Cairo","Verified_Tier1",686,45,10,2500,0,"Low Risk",0,0,4
"EG_WAL_10087","Giza","Verified_Tier1",49,45,18,500,0,"Low Risk",0,0,7
"EG_WAL_13374","Gharbia","Verified_Tier1",116,45,11,500,0,"Low Risk",0,0,4
"EG_WAL_10275","Giza","Basic",336,45,20,5000,0,"Low Risk",0,0,8
"EG_WAL_11076","Cairo","Basic",201,45,16,500,1,"Medium Risk",0,0,6
"EG_WAL_11791","Alexandria","Basic",389,45,16,5000,0,"Low Risk",0,0,6
"EG_WAL_11231","Cairo","Basic",307,45,11,2500,2,"Medium Risk",0,0,4
"EG_WAL_11147","Alexandria","Verified_Tier1",55,45,15,5000,0,"Low Risk",0,0,5
"EG_WAL_12317","Cairo","Basic",366,45,17,1000,0,"Low Risk",0,0,6
"EG_WAL_13485","Giza","Verified_Tier1",165,45,20,0,0,"Low Risk",0,0,8
"EG_WAL_10565","Giza","Verified_Tier1",246,45,9,1000,0,"Low Risk",0,0,4
"EG_WAL_14753","Giza","Basic",36,45,20,5000,0,"Low Risk",0,0,8
"EG_WAL_12338","Cairo","Basic",205,45,17,1000,0,"Low Risk",0,0,6
"EG_WAL_10365","Cairo","Verified_Tier1",235,45,11,1000,0,"Low Risk",0,0,4
"EG_WAL_12786","Asyut","Verified_Tier1",103,45,19,1000,0,"Low Risk",0,0,7
"EG_WAL_13615","Cairo","Basic",288,45,15,1000,1,"Medium Risk",0,0,5
"EG_WAL_12305","Cairo","Basic",77,45,11,2500,0,"Low Risk",0,0,4
"EG_WAL_14379","Giza","Basic",58,45,19,2500,0,"Low Risk",0,0,7
"EG_WAL_14310","Cairo","Verified_Tier1",346,45,20,1000,0,"Low Risk",0,0,8
"EG_WAL_13354","Cairo","Basic",485,45,15,5000,1,"Medium Risk",0,0,5
"EG_WAL_13314","Cairo","Basic",336,45,15,2500,0,"Low Risk",0,0,5
"EG_WAL_11276","Cairo","Verified_Tier1",202,45,11,1000,0,"Low Risk",0,0,4
"EG_WAL_14731","Cairo","Verified_Tier1",562,45,14,1000,0,"Low Risk",0,0,5
"EG_WAL_11332","Cairo","Verified_Tier1",296,45,16,2500,1,"Medium Risk",0,0,6
"EG_WAL_11651","Cairo","Verified_Tier1",82,45,12,1000,0,"Low Risk",0,0,4
"EG_WAL_14115","Cairo","Verified_Tier1",134,45,14,5000,0,"Low Risk",0,0,5
"EG_WAL_14340","Giza","Basic",351,45,16,1000,3,"Medium Risk",0,0,6
"EG_WAL_14099","Cairo","Merchant",41,45,14,2500,0,"Low Risk",0,0,5
"EG_WAL_14338","Cairo","Verified_Tier1",655,45,16,1000,1,"Medium Risk",0,0,6
"EG_WAL_11626","Cairo","Verified_Tier1",647,45,6,500,0,"Low Risk",0,0,4
"EG_WAL_10328","Giza","Basic",80,45,12,500,1,"Medium Risk",0,0,4
"EG_WAL_13873","Gharbia","Basic",531,45,12,1000,1,"Medium Risk",0,0,4
"EG_WAL_13315","Alexandria","Merchant",452,45,14,1000,0,"Low Risk",0,0,5
"EG_WAL_13198","Cairo","Basic",682,45,14,5000,4,"High Risk",0,0,5
"EG_WAL_13705","Gharbia","Verified_Tier1",99,45,12,1000,1,"Medium Risk",0,0,4
"EG_WAL_14841","Asyut","Basic",134,45,18,1000,0,"Low Risk",0,0,7
"EG_WAL_13149","Giza","Verified_Tier1",360,45,19,2500,0,"Low Risk",0,0,7
"EG_WAL_12710","Alexandria","Verified_Tier1",238,45,14,5000,0,"Low Risk",0,0,5
"EG_WAL_14161","Cairo","Basic",342,45,17,2500,1,"Medium Risk",0,0,6
"EG_WAL_14837","Giza","Basic",521,45,19,2500,2,"Medium Risk",0,0,7
"EG_WAL_13983","Cairo","Basic",240,45,22,500,0,"Low Risk",0,0,8
"EG_WAL_10545","Cairo","Basic",418,45,16,500,0,"Low Risk",0,0,6
"EG_WAL_13871","Cairo","Verified_Tier1",572,45,18,5000,0,"Low Risk",0,0,7
"EG_WAL_14947","Alexandria","Basic",185,45,17,1000,1,"Medium Risk",0,0,6
"EG_WAL_11964","Giza","Basic",73,45,14,1000,0,"Low Risk",0,0,5
"EG_WAL_14072","Giza","Basic",250,45,18,500,1,"Medium Risk",0,0,7
"EG_WAL_11113","Giza","Basic",415,45,12,1000,0,"Low Risk",0,0,4
"EG_WAL_12488","Giza","Basic",443,45,17,5000,0,"Low Risk",0,0,6
"EG_WAL_11978","Gharbia","Basic",408,45,12,1000,0,"Low Risk",0,0,4
"EG_WAL_14440","Gharbia","Basic",376,45,19,5000,0,"Low Risk",0,0,8
"EG_WAL_10223","Cairo","Merchant",248,45,14,500,0,"Low Risk",0,0,5
"EG_WAL_14548","Alexandria","Verified_Tier1",400,45,13,1000,0,"Low Risk",0,0,5
"EG_WAL_12072","Cairo","Basic",484,45,19,1000,0,"Low Risk",0,0,7
"EG_WAL_11241","Alexandria","Verified_Tier1",280,45,16,1000,0,"Low Risk",0,0,6
"EG_WAL_11523","Cairo","Basic",492,45,21,500,0,"Low Risk",0,0,8
"EG_WAL_13824","Cairo","Verified_Tier1",198,45,19,5000,0,"Low Risk",0,0,8
"EG_WAL_13631","Cairo","Basic",133,45,13,5000,0,"Low Risk",0,0,5
"EG_WAL_13039","Giza","Basic",414,45,17,1000,0,"Low Risk",0,0,7
"EG_WAL_11565","Giza","Verified_Tier1",98,45,19,1000,2,"Medium Risk",0,0,7
"EG_WAL_14407","Cairo","Basic",66,45,13,2500,1,"Medium Risk",0,0,5
"EG_WAL_11880","Alexandria","Verified_Tier1",391,45,13,500,0,"Low Risk",0,0,5
"EG_WAL_11502","Cairo","Basic",367,45,16,0,0,"Low Risk",0,0,6
"EG_WAL_11762","Cairo","Verified_Tier1",38,45,16,5000,0,"Low Risk",0,0,6
"EG_WAL_13445","Giza","Basic",195,44,24,1000,0,"Low Risk",0,0,8
"EG_WAL_13579","Giza","Basic",322,44,23,500,0,"Low Risk",0,0,8
"EG_WAL_12012","Asyut","Basic",263,44,18,1000,1,"Medium Risk",0,0,7
"EG_WAL_11824","Giza","Basic",374,44,10,500,0,"Low Risk",0,0,4
"EG_WAL_14871","Cairo","Basic",118,44,15,2500,1,"Medium Risk",0,0,5
"EG_WAL_12435","Cairo","Basic",322,44,9,1000,2,"Medium Risk",0,0,4
"EG_WAL_13111","Cairo","Verified_Tier1",666,44,20,500,0,"Low Risk",0,0,8
"EG_WAL_14747","Cairo","Basic",625,44,18,2500,0,"Low Risk",0,0,7
"EG_WAL_14439","Cairo","Basic",604,44,24,5000,0,"Low Risk",0,0,8
"EG_WAL_12139","Gharbia","Verified_Tier1",656,44,11,1000,0,"Low Risk",0,0,4
"EG_WAL_12693","Giza","Verified_Tier1",140,44,9,1000,1,"Medium Risk",0,0,4
"EG_WAL_10057","Cairo","Verified_Tier1",41,44,19,500,0,"Low Risk",0,0,7
"EG_WAL_10840","Cairo","Basic",178,44,16,5000,0,"Low Risk",0,0,6
"EG_WAL_10351","Gharbia","Basic",275,44,14,2500,1,"Medium Risk",0,0,5
"EG_WAL_13089","Cairo","Basic",31,44,18,1000,2,"Medium Risk",0,0,7
"EG_WAL_10257","Alexandria","Basic",451,44,18,2500,2,"Medium Risk",0,0,7
"EG_WAL_10387","Cairo","Basic",473,44,20,1000,1,"Medium Risk",0,0,8
"EG_WAL_14749","Gharbia","Basic",105,44,15,2500,1,"Medium Risk",0,0,5
"EG_WAL_12007","Alexandria","Verified_Tier1",657,44,15,500,0,"Low Risk",0,0,6
"EG_WAL_13067","Asyut","Basic",187,44,19,5000,1,"Medium Risk",0,0,7
"EG_WAL_14076","Giza","Basic",111,44,15,500,0,"Low Risk",0,0,6
"EG_WAL_12108","Cairo","Basic",299,44,21,2500,0,"Low Risk",0,0,8
"EG_WAL_12339","Giza","Basic",574,44,15,500,0,"Low Risk",0,0,5
"EG_WAL_12699","Alexandria","Basic",151,44,13,500,1,"Medium Risk",0,0,5
"EG_WAL_10502","Cairo","Verified_Tier1",640,44,19,2500,0,"Low Risk",0,0,7
"EG_WAL_10266","Alexandria","Verified_Tier1",615,44,13,2500,0,"Low Risk",0,0,5
"EG_WAL_13725","Asyut","Basic",570,44,14,500,0,"Low Risk",0,0,5
"EG_WAL_11053","Alexandria","Verified_Tier1",61,44,15,1000,0,"Low Risk",0,0,6
"EG_WAL_11247","Cairo","Basic",215,44,31,0,0,"Low Risk",0,0,8
"EG_WAL_14699","Asyut","Basic",601,44,26,2500,0,"Low Risk",0,0,8
"EG_WAL_13949","Cairo","Verified_Tier1",526,44,19,5000,0,"Low Risk",0,0,7
"EG_WAL_13574","Gharbia","Verified_Tier1",291,44,17,2500,1,"Medium Risk",0,0,7
"EG_WAL_11519","Asyut","Basic",556,44,12,500,1,"Medium Risk",0,0,4
"EG_WAL_11203","Cairo","Basic",441,44,21,2500,0,"Low Risk",0,0,8
"EG_WAL_14216","Cairo","Basic",142,44,17,0,0,"Low Risk",0,0,7
"EG_WAL_12964","Gharbia","Basic",718,44,15,2500,0,"Low Risk",0,0,6
"EG_WAL_13847","Giza","Verified_Tier1",486,44,20,1000,0,"Low Risk",0,0,8
"EG_WAL_14701","Cairo","Basic",437,44,18,2500,0,"Low Risk",0,0,7
"EG_WAL_13646","Giza","Basic",194,44,24,500,0,"Low Risk",0,0,8
"EG_WAL_12555","Asyut","Verified_Tier1",165,44,14,1000,0,"Low Risk",0,0,5
"EG_WAL_14348","Gharbia","Verified_Tier1",441,44,15,500,0,"Low Risk",0,0,6
"EG_WAL_13290","Cairo","Basic",200,44,21,0,0,"Low Risk",0,0,8
"EG_WAL_11056","Alexandria","Verified_Tier1",98,44,7,500,0,"Low Risk",0,0,4
"EG_WAL_11647","Gharbia","Basic",219,44,18,2500,2,"Medium Risk",0,0,7
"EG_WAL_11146","Alexandria","Merchant",544,44,19,2500,0,"Low Risk",0,0,7
"EG_WAL_14967","Alexandria","Basic",325,44,14,1000,1,"Medium Risk",0,0,5
"EG_WAL_12453","Cairo","Verified_Tier1",461,44,12,2500,0,"Low Risk",0,0,4
"EG_WAL_13347","Cairo","Basic",315,44,21,500,0,"Low Risk",0,0,8
"EG_WAL_10158","Cairo","Basic",630,43,25,5000,2,"Medium Risk",0,0,8
"EG_WAL_13577","Giza","Merchant",242,43,11,5000,0,"Low Risk",0,0,4
"EG_WAL_11640","Giza","Verified_Tier1",716,43,23,5000,0,"Low Risk",0,0,8
"EG_WAL_12025","Cairo","Verified_Tier1",470,43,16,2500,0,"Low Risk",0,0,6
"EG_WAL_10031","Cairo","Verified_Tier1",647,43,13,1000,0,"Low Risk",0,0,5
"EG_WAL_14742","Cairo","Basic",633,43,11,1000,4,"High Risk",0,0,4
"EG_WAL_12772","Gharbia","Verified_Tier1",374,43,18,500,1,"Medium Risk",0,0,7
"EG_WAL_12625","Asyut","Verified_Tier1",363,43,13,0,0,"Low Risk",0,0,5
"EG_WAL_10854","Cairo","Basic",229,43,13,1000,0,"Low Risk",0,0,5
"EG_WAL_11750","Giza","Basic",67,43,16,1000,0,"Low Risk",0,0,6
"EG_WAL_10894","Alexandria","Basic",249,43,18,500,1,"Medium Risk",0,0,7
"EG_WAL_13384","Cairo","Basic",135,43,12,5000,0,"Low Risk",0,0,4
"EG_WAL_10516","Cairo","Basic",350,43,15,2500,0,"Low Risk",0,0,5
"EG_WAL_14378","Cairo","Verified_Tier1",363,43,14,500,0,"Low Risk",0,0,5
"EG_WAL_10711","Giza","Basic",706,43,8,5000,1,"Medium Risk",0,0,4
"EG_WAL_13618","Alexandria","Verified_Tier1",656,43,20,500,1,"Medium Risk",0,0,8
"EG_WAL_13328","Cairo","Verified_Tier1",582,43,13,5000,1,"Medium Risk",0,0,5
"EG_WAL_11306","Alexandria","Basic",422,43,14,2500,4,"High Risk",0,0,5
"EG_WAL_10596","Alexandria","Verified_Tier1",447,43,20,5000,0,"Low Risk",0,0,8
"EG_WAL_13689","Cairo","Basic",607,43,13,500,0,"Low Risk",0,0,5
"EG_WAL_13327","Giza","Verified_Tier1",103,43,13,1000,2,"Medium Risk",0,0,5
"EG_WAL_11392","Cairo","Basic",580,43,15,2500,0,"Low Risk",0,0,6
"EG_WAL_12635","Alexandria","Basic",556,43,18,2500,0,"Low Risk",0,0,7
"EG_WAL_14499","Giza","Basic",53,43,14,500,0,"Low Risk",0,0,5
"EG_WAL_12574","Cairo","Basic",713,43,15,5000,0,"Low Risk",0,0,6
"EG_WAL_11538","Cairo","Basic",152,43,17,0,2,"Medium Risk",0,0,7
"EG_WAL_12662","Cairo","Basic",90,43,10,1000,0,"Low Risk",0,0,4
"EG_WAL_14423","Alexandria","Basic",656,43,11,500,0,"Low Risk",0,0,4
"EG_WAL_13013","Cairo","Basic",655,43,13,2500,1,"Medium Risk",0,0,5
"EG_WAL_11215","Cairo","Verified_Tier1",587,43,11,1000,0,"Low Risk",0,0,4
"EG_WAL_10815","Giza","Basic",114,43,16,2500,0,"Low Risk",0,0,6
"EG_WAL_13143","Giza","Verified_Tier1",141,43,12,1000,0,"Low Risk",0,0,4
"EG_WAL_10460","Cairo","Verified_Tier1",628,43,14,1000,0,"Low Risk",0,0,5
"EG_WAL_13962","Cairo","Basic",396,43,17,0,0,"Low Risk",0,0,7
"EG_WAL_13594","Giza","Verified_Tier1",186,43,14,1000,1,"Medium Risk",0,0,5
"EG_WAL_13971","Giza","Basic",219,43,20,5000,0,"Low Risk",0,0,8
"EG_WAL_13969","Cairo","Verified_Tier1",507,43,17,5000,1,"Medium Risk",0,0,7
"EG_WAL_10860","Alexandria","Basic",331,43,16,2500,0,"Low Risk",0,0,6
"EG_WAL_12284","Cairo","Basic",405,43,18,500,0,"Low Risk",0,0,7
"EG_WAL_12750","Cairo","Verified_Tier1",381,43,18,5000,0,"Low Risk",0,0,7
"EG_WAL_13523","Cairo","Verified_Tier1",422,43,14,1000,2,"Medium Risk",0,0,5
"EG_WAL_13421","Giza","Verified_Tier1",416,43,18,5000,1,"Medium Risk",0,0,7
"EG_WAL_13267","Giza","Basic",508,43,16,2500,0,"Low Risk",0,0,6
"EG_WAL_11635","Cairo","Verified_Tier1",383,43,19,2500,1,"Medium Risk",0,0,8
"EG_WAL_13540","Cairo","Merchant",167,42,18,1000,1,"Medium Risk",0,0,7
"EG_WAL_10186","Gharbia","Basic",514,42,26,2500,1,"Medium Risk",0,0,8
"EG_WAL_13845","Alexandria","Verified_Tier1",175,42,25,1000,0,"Low Risk",0,0,8
"EG_WAL_10927","Giza","Basic",241,42,11,5000,1,"Medium Risk",0,0,4
"EG_WAL_12773","Giza","Verified_Tier1",429,42,11,5000,0,"Low Risk",0,0,4
"EG_WAL_10608","Giza","Merchant",538,42,11,2500,0,"Low Risk",0,0,4
"EG_WAL_13277","Giza","Basic",129,42,23,0,2,"Medium Risk",0,0,8
"EG_WAL_14864","Cairo","Basic",249,42,12,1000,0,"Low Risk",0,0,4
"EG_WAL_13937","Cairo","Verified_Tier1",560,42,12,5000,0,"Low Risk",0,0,4
"EG_WAL_10568","Asyut","Verified_Tier1",380,42,12,5000,0,"Low Risk",0,0,4
"EG_WAL_12609","Cairo","Basic",181,42,12,500,0,"Low Risk",0,0,4
"EG_WAL_12446","Cairo","Basic",307,42,12,1000,0,"Low Risk",0,0,4
"EG_WAL_14893","Cairo","Basic",253,42,22,500,0,"Low Risk",0,0,8
"EG_WAL_11016","Cairo","Verified_Tier1",644,42,22,500,2,"Medium Risk",0,0,8
"EG_WAL_12923","Cairo","Verified_Tier1",240,42,13,2500,0,"Low Risk",0,0,5
"EG_WAL_10631","Gharbia","Basic",353,42,21,500,0,"Low Risk",0,0,8
"EG_WAL_11341","Giza","Verified_Tier1",144,42,13,0,0,"Low Risk",0,0,5
"EG_WAL_10045","Alexandria","Basic",663,42,14,1000,0,"Low Risk",0,0,5
"EG_WAL_11975","Asyut","Basic",257,42,14,500,1,"Medium Risk",0,0,5
"EG_WAL_12444","Giza","Verified_Tier1",72,42,14,500,2,"Medium Risk",0,0,5
"EG_WAL_13263","Cairo","Basic",158,42,14,5000,0,"Low Risk",0,0,5
"EG_WAL_13553","Giza","Basic",207,42,14,1000,0,"Low Risk",0,0,5
"EG_WAL_13774","Alexandria","Verified_Tier1",184,42,14,2500,0,"Low Risk",0,0,5
"EG_WAL_14125","Alexandria","Merchant",666,42,14,0,1,"Medium Risk",0,0,5
"EG_WAL_14616","Gharbia","Basic",683,42,14,2500,0,"Low Risk",0,0,5
"EG_WAL_11987","Giza","Basic",352,42,20,2500,0,"Low Risk",0,0,8
"EG_WAL_12691","Giza","Verified_Tier1",300,42,32,2500,0,"Low Risk",0,0,8
"EG_WAL_11833","Alexandria","Basic",313,42,15,500,0,"Low Risk",0,0,5
"EG_WAL_13466","Giza","Basic",294,42,20,2500,1,"Medium Risk",0,0,8
"EG_WAL_12366","Cairo","Basic",254,42,15,500,1,"Medium Risk",0,0,6
"EG_WAL_14509","Asyut","Basic",377,42,15,0,1,"Medium Risk",0,0,6
"EG_WAL_12594","Cairo","Basic",117,42,15,2500,0,"Low Risk",0,0,6
"EG_WAL_14243","Giza","Merchant",251,42,15,2500,0,"Low Risk",0,0,6
"EG_WAL_13256","Alexandria","Verified_Tier1",289,42,20,1000,2,"Medium Risk",0,0,8
"EG_WAL_12966","Alexandria","Basic",368,42,15,500,0,"Low Risk",0,0,6
"EG_WAL_14263","Cairo","Basic",278,42,16,1000,1,"Medium Risk",0,0,6
"EG_WAL_11804","Cairo","Merchant",599,42,16,500,0,"Low Risk",0,0,6
"EG_WAL_10244","Cairo","Verified_Tier1",341,42,19,0,1,"Medium Risk",0,0,8
"EG_WAL_12067","Cairo","Verified_Tier1",355,42,16,500,1,"Medium Risk",0,0,6
"EG_WAL_11543","Cairo","Basic",303,42,16,2500,1,"Medium Risk",0,0,6
"EG_WAL_11358","Cairo","Basic",346,42,16,1000,2,"Medium Risk",0,0,6
"EG_WAL_10337","Alexandria","Basic",481,42,19,5000,0,"Low Risk",0,0,7
"EG_WAL_13388","Cairo","Basic",255,42,19,2500,0,"Low Risk",0,0,7
"EG_WAL_10444","Gharbia","Verified_Tier1",256,42,17,500,0,"Low Risk",0,0,6
"EG_WAL_13667","Cairo","Basic",115,42,17,0,1,"Medium Risk",0,0,6
"EG_WAL_12461","Gharbia","Basic",143,42,17,2500,0,"Low Risk",0,0,6
"EG_WAL_10717","Asyut","Basic",162,42,17,500,0,"Low Risk",0,0,7
"EG_WAL_13451","Alexandria","Basic",574,42,17,500,2,"Medium Risk",0,0,7
"EG_WAL_13129","Gharbia","Basic",248,42,19,2500,1,"Medium Risk",0,0,7
"EG_WAL_11929","Cairo","Basic",662,42,18,0,0,"Low Risk",0,0,7
"EG_WAL_11122","Gharbia","Merchant",340,42,18,5000,0,"Low Risk",0,0,7
"EG_WAL_12798","Asyut","Basic",413,42,18,1000,2,"Medium Risk",0,0,7
"EG_WAL_13052","Cairo","Basic",589,42,18,2500,0,"Low Risk",0,0,7
"EG_WAL_12948","Cairo","Basic",175,41,15,0,1,"Medium Risk",0,0,6
"EG_WAL_12646","Asyut","Verified_Tier1",278,41,15,5000,1,"Medium Risk",0,0,6
"EG_WAL_13240","Giza","Verified_Tier1",286,41,19,0,0,"Low Risk",0,0,7
"EG_WAL_11633","Alexandria","Basic",290,41,18,0,0,"Low Risk",0,0,7
"EG_WAL_14218","Alexandria","Basic",483,41,15,1000,0,"Low Risk",0,0,6
"EG_WAL_10052","Asyut","Verified_Tier1",150,41,11,1000,0,"Low Risk",0,0,4
"EG_WAL_12525","Cairo","Basic",161,41,14,0,0,"Low Risk",0,0,5
"EG_WAL_13103","Giza","Basic",75,41,16,5000,1,"Medium Risk",0,0,6
"EG_WAL_12938","Asyut","Basic",378,41,21,0,1,"Medium Risk",0,0,8
"EG_WAL_12989","Gharbia","Basic",394,41,14,500,1,"Medium Risk",0,0,5
"EG_WAL_14877","Alexandria","Basic",307,41,17,1000,2,"Medium Risk",0,0,6
"EG_WAL_10891","Gharbia","Basic",245,41,14,1000,0,"Low Risk",0,0,5
"EG_WAL_14289","Gharbia","Verified_Tier1",231,41,21,500,0,"Low Risk",0,0,8
"EG_WAL_12952","Alexandria","Basic",532,41,21,500,2,"Medium Risk",0,0,8
"EG_WAL_10752","Giza","Basic",588,41,18,500,0,"Low Risk",0,0,7
"EG_WAL_13081","Gharbia","Merchant",701,41,18,500,0,"Low Risk",0,0,7
"EG_WAL_10659","Giza","Verified_Tier1",473,41,13,5000,0,"Low Risk",0,0,5
"EG_WAL_14652","Giza","Basic",47,41,17,1000,0,"Low Risk",0,0,7
"EG_WAL_14955","Alexandria","Verified_Tier1",584,41,17,1000,2,"Medium Risk",0,0,6
"EG_WAL_10452","Giza","Basic",713,41,18,0,0,"Low Risk",0,0,7
"EG_WAL_11656","Giza","Basic",141,41,21,2500,0,"Low Risk",0,0,8
"EG_WAL_13508","Gharbia","Basic",570,41,21,0,0,"Low Risk",0,0,8
"EG_WAL_11489","Giza","Verified_Tier1",647,41,17,2500,1,"Medium Risk",0,0,7
"EG_WAL_13043","Giza","Basic",597,41,14,5000,1,"Medium Risk",0,0,5
"EG_WAL_10116","Gharbia","Verified_Tier1",381,41,16,2500,0,"Low Risk",0,0,6
"EG_WAL_12992","Giza","Basic",250,41,13,2500,0,"Low Risk",0,0,5
"EG_WAL_12503","Asyut","Basic",554,41,19,0,1,"Medium Risk",0,0,8
"EG_WAL_10857","Giza","Basic",277,41,13,1000,0,"Low Risk",0,0,5
"EG_WAL_14194","Giza","Basic",233,41,13,1000,0,"Low Risk",0,0,5
"EG_WAL_12946","Giza","Basic",568,41,22,2500,1,"Medium Risk",0,0,8
"EG_WAL_13102","Asyut","Basic",322,41,20,0,0,"Low Risk",0,0,8
"EG_WAL_11220","Asyut","Basic",687,41,10,1000,0,"Low Risk",0,0,4
"EG_WAL_12753","Cairo","Verified_Tier1",286,41,14,1000,1,"Medium Risk",0,0,5
"EG_WAL_12040","Gharbia","Basic",556,41,20,5000,0,"Low Risk",0,0,8
"EG_WAL_11888","Alexandria","Basic",557,41,20,2500,0,"Low Risk",0,0,8
"EG_WAL_10205","Cairo","Verified_Tier1",684,41,16,500,0,"Low Risk",0,0,6
"EG_WAL_11752","Cairo","Basic",450,41,17,2500,1,"Medium Risk",0,0,7
"EG_WAL_11982","Giza","Basic",386,41,17,5000,0,"Low Risk",0,0,7
"EG_WAL_14814","Alexandria","Basic",646,41,10,1000,0,"Low Risk",0,0,4
"EG_WAL_10624","Giza","Verified_Tier1",306,41,22,2500,0,"Low Risk",0,0,8
"EG_WAL_10438","Alexandria","Verified_Tier1",413,41,16,0,0,"Low Risk",0,0,6
"EG_WAL_13904","Gharbia","Basic",168,41,18,1000,0,"Low Risk",0,0,7
"EG_WAL_10349","Giza","Basic",73,41,17,2500,1,"Medium Risk",0,0,7
"EG_WAL_10370","Cairo","Verified_Tier1",394,41,19,5000,0,"Low Risk",0,0,7
"EG_WAL_10620","Cairo","Basic",558,41,20,5000,0,"Low Risk",0,0,8
"EG_WAL_11465","Cairo","Basic",317,41,16,5000,0,"Low Risk",0,0,6
"EG_WAL_13495","Cairo","Basic",652,41,18,2500,0,"Low Risk",0,0,7
"EG_WAL_10171","Cairo","Basic",439,41,15,2500,0,"Low Risk",0,0,6
"EG_WAL_10482","Giza","Basic",402,41,12,5000,0,"Low Risk",0,0,4
"EG_WAL_14973","Alexandria","Basic",494,41,21,2500,0,"Low Risk",0,0,8
"EG_WAL_14790","Cairo","Verified_Tier1",531,41,11,2500,1,"Medium Risk",0,0,4
"EG_WAL_14618","Cairo","Verified_Tier1",621,41,11,1000,0,"Low Risk",0,0,4
"EG_WAL_12727","Cairo","Basic",646,41,9,1000,0,"Low Risk",0,0,4
"EG_WAL_11007","Gharbia","Basic",495,41,11,2500,0,"Low Risk",0,0,4
"EG_WAL_11959","Alexandria","Verified_Tier1",147,41,14,500,0,"Low Risk",0,0,5
"EG_WAL_10145","Cairo","Verified_Tier1",571,41,18,2500,0,"Low Risk",0,0,7
"EG_WAL_14088","Gharbia","Basic",91,40,10,5000,2,"Medium Risk",0,0,4
"EG_WAL_10147","Giza","Verified_Tier1",338,40,8,5000,1,"Medium Risk",0,0,4
"EG_WAL_14990","Asyut","Merchant",642,40,19,500,0,"Low Risk",0,0,7
"EG_WAL_11513","Cairo","Basic",462,40,22,1000,0,"Low Risk",0,0,8
"EG_WAL_14394","Asyut","Basic",168,40,18,2500,0,"Low Risk",0,0,7
"EG_WAL_10401","Asyut","Basic",508,40,12,2500,1,"Medium Risk",0,0,4
"EG_WAL_10280","Gharbia","Basic",244,40,10,500,1,"Medium Risk",0,0,4
"EG_WAL_13960","Giza","Verified_Tier1",695,40,17,0,1,"Medium Risk",0,0,7
"EG_WAL_13889","Giza","Basic",638,40,10,1000,0,"Low Risk",0,0,4
"EG_WAL_13402","Asyut","Verified_Tier1",541,40,18,2500,0,"Low Risk",0,0,7
"EG_WAL_13993","Cairo","Basic",530,40,12,2500,0,"Low Risk",0,0,4
"EG_WAL_12649","Giza","Basic",186,40,15,500,0,"Low Risk",0,0,6
"EG_WAL_12758","Alexandria","Basic",646,40,18,5000,0,"Low Risk",0,0,7
"EG_WAL_13703","Gharbia","Verified_Tier1",474,40,11,2500,1,"Medium Risk",0,0,4
"EG_WAL_11055","Cairo","Basic",200,40,19,2500,1,"Medium Risk",0,0,7
"EG_WAL_13431","Asyut","Verified_Tier1",202,40,15,0,0,"Low Risk",0,0,5
"EG_WAL_12751","Alexandria","Verified_Tier1",718,40,18,5000,0,"Low Risk",0,0,7
"EG_WAL_13789","Asyut","Basic",612,40,11,500,2,"Medium Risk",0,0,4
"EG_WAL_14994","Cairo","Verified_Tier1",279,40,19,500,0,"Low Risk",0,0,7
"EG_WAL_13169","Giza","Merchant",92,40,14,1000,2,"Medium Risk",0,0,5
"EG_WAL_13186","Cairo","Basic",31,40,14,0,0,"Low Risk",0,0,5
"EG_WAL_14135","Cairo","Basic",321,40,15,500,0,"Low Risk",0,0,6
"EG_WAL_11086","Giza","Basic",561,40,11,2500,0,"Low Risk",0,0,4
"EG_WAL_13504","Gharbia","Basic",374,40,16,0,0,"Low Risk",0,0,6
"EG_WAL_11177","Cairo","Verified_Tier1",304,40,18,5000,1,"Medium Risk",0,0,7
"EG_WAL_11196","Asyut","Basic",674,40,18,0,0,"Low Risk",0,0,7
"EG_WAL_11361","Cairo","Basic",566,40,15,2500,0,"Low Risk",0,0,5
"EG_WAL_10498","Asyut","Basic",86,40,13,5000,0,"Low Risk",0,0,5
"EG_WAL_13581","Gharbia","Merchant",362,40,15,5000,0,"Low Risk",0,0,5
"EG_WAL_14761","Asyut","Basic",392,40,16,1000,0,"Low Risk",0,0,6
"EG_WAL_12494","Giza","Basic",597,40,16,5000,0,"Low Risk",0,0,6
"EG_WAL_13585","Cairo","Basic",651,40,10,1000,0,"Low Risk",0,0,4
"EG_WAL_10958","Cairo","Basic",104,40,8,0,1,"Medium Risk",0,0,4
"EG_WAL_10812","Cairo","Verified_Tier1",105,40,9,2500,0,"Low Risk",0,0,4
"EG_WAL_10825","Asyut","Verified_Tier1",265,40,14,500,3,"Medium Risk",0,0,5
"EG_WAL_13595","Giza","Verified_Tier1",290,40,19,500,1,"Medium Risk",0,0,8
"EG_WAL_14153","Cairo","Basic",283,40,17,0,1,"Medium Risk",0,0,7
"EG_WAL_10001","Asyut","Verified_Tier1",100,40,21,1000,0,"Low Risk",0,0,8
"EG_WAL_11939","Cairo","Basic",221,40,9,1000,2,"Medium Risk",0,0,4
"EG_WAL_13006","Asyut","Basic",697,40,14,0,0,"Low Risk",0,0,5
"EG_WAL_12188","Alexandria","Basic",484,40,21,2500,0,"Low Risk",0,0,8
"EG_WAL_11430","Giza","Verified_Tier1",634,40,16,500,1,"Medium Risk",0,0,6
"EG_WAL_14802","Asyut","Basic",623,40,17,2500,1,"Medium Risk",0,0,7
"EG_WAL_12194","Cairo","Verified_Tier1",454,40,17,2500,2,"Medium Risk",0,0,6
"EG_WAL_13854","Alexandria","Basic",70,40,14,2500,1,"Medium Risk",0,0,5
"EG_WAL_12918","Giza","Verified_Tier1",328,40,16,2500,0,"Low Risk",0,0,6
"EG_WAL_10082","Cairo","Verified_Tier1",690,40,12,5000,1,"Medium Risk",0,0,4
"EG_WAL_12670","Giza","Basic",160,40,14,1000,0,"Low Risk",0,0,5
"EG_WAL_13375","Alexandria","Basic",111,40,24,1000,0,"Low Risk",0,0,8
"EG_WAL_12767","Cairo","Verified_Tier1",318,40,14,1000,0,"Low Risk",0,0,5
"EG_WAL_11107","Alexandria","Merchant",143,40,10,0,0,"Low Risk",0,0,4
"EG_WAL_12070","Alexandria","Verified_Tier1",602,40,21,1000,1,"Medium Risk",0,0,8
"EG_WAL_13531","Alexandria","Basic",255,40,11,500,0,"Low Risk",0,0,4
"EG_WAL_10776","Cairo","Verified_Tier1",471,40,23,1000,0,"Low Risk",0,0,8
"EG_WAL_10913","Giza","Verified_Tier1",343,40,22,5000,0,"Low Risk",0,0,8
"EG_WAL_11533","Cairo","Basic",243,40,24,500,1,"Medium Risk",0,0,8
"EG_WAL_14029","Cairo","Basic",694,40,18,2500,0,"Low Risk",0,0,7
"EG_WAL_13722","Asyut","Basic",332,40,20,2500,0,"Low Risk",0,0,8
"EG_WAL_14681","Cairo","Verified_Tier1",411,40,11,500,0,"Low Risk",0,0,4
"EG_WAL_12298","Cairo","Basic",481,40,17,1000,0,"Low Risk",0,0,7
"EG_WAL_14319","Giza","Basic",263,40,15,1000,1,"Medium Risk",0,0,6
"EG_WAL_14561","Cairo","Verified_Tier1",43,40,16,5000,2,"Medium Risk",0,0,6
"EG_WAL_11998","Cairo","Basic",324,40,17,1000,3,"Medium Risk",0,0,7
"EG_WAL_14309","Alexandria","Basic",327,40,17,0,1,"Medium Risk",0,0,7
"EG_WAL_11018","Asyut","Verified_Tier1",68,39,12,500,1,"Medium Risk",0,0,4
"EG_WAL_12658","Cairo","Basic",102,39,14,5000,0,"Low Risk",0,0,5
"EG_WAL_14932","Asyut","Merchant",75,39,21,1000,0,"Low Risk",0,0,8
"EG_WAL_13379","Alexandria","Basic",41,39,19,0,0,"Low Risk",0,0,7
"EG_WAL_11618","Giza","Verified_Tier1",145,39,16,2500,1,"Medium Risk",0,0,6
"EG_WAL_13195","Giza","Verified_Tier1",501,39,19,5000,0,"Low Risk",0,0,8
"EG_WAL_13035","Cairo","Verified_Tier1",294,39,18,5000,0,"Low Risk",0,0,7
"EG_WAL_11631","Cairo","Basic",504,39,9,0,0,"Low Risk",0,0,4
"EG_WAL_12920","Cairo","Verified_Tier1",80,39,10,500,0,"Low Risk",0,0,4
"EG_WAL_12723","Giza","Basic",446,39,18,1000,1,"Medium Risk",0,0,7
"EG_WAL_14522","Gharbia","Verified_Tier1",680,39,18,1000,0,"Low Risk",0,0,7
"EG_WAL_10680","Gharbia","Basic",552,39,11,2500,1,"Medium Risk",0,0,4
"EG_WAL_12742","Cairo","Basic",40,39,11,2500,0,"Low Risk",0,0,4
"EG_WAL_13898","Giza","Basic",532,39,15,1000,0,"Low Risk",0,0,6
"EG_WAL_13675","Cairo","Verified_Tier1",432,39,20,5000,0,"Low Risk",0,0,8
"EG_WAL_14788","Giza","Verified_Tier1",365,39,11,500,0,"Low Risk",0,0,4
"EG_WAL_11133","Cairo","Verified_Tier1",651,39,18,500,2,"Medium Risk",0,0,7
"EG_WAL_11414","Giza","Basic",482,39,11,5000,0,"Low Risk",0,0,4
"EG_WAL_10330","Cairo","Basic",718,39,11,500,0,"Low Risk",0,0,4
"EG_WAL_12553","Asyut","Verified_Tier1",282,39,19,2500,0,"Low Risk",0,0,7
"EG_WAL_10125","Giza","Basic",209,39,18,5000,0,"Low Risk",0,0,7
"EG_WAL_12392","Giza","Basic",708,39,23,500,0,"Low Risk",0,0,8
"EG_WAL_14751","Giza","Basic",117,39,16,5000,3,"Medium Risk",0,0,6
"EG_WAL_14960","Giza","Basic",289,39,16,1000,0,"Low Risk",0,0,6
"EG_WAL_12667","Alexandria","Basic",657,39,15,1000,2,"Medium Risk",0,0,6
"EG_WAL_13541","Gharbia","Basic",502,39,11,0,1,"Medium Risk",0,0,4
"EG_WAL_13551","Cairo","Verified_Tier1",287,39,23,1000,0,"Low Risk",0,0,8
"EG_WAL_14823","Cairo","Basic",74,39,11,500,0,"Low Risk",0,0,4
"EG_WAL_11434","Cairo","Basic",618,39,12,1000,0,"Low Risk",0,0,4
"EG_WAL_10523","Gharbia","Basic",125,39,23,2500,2,"Medium Risk",0,0,8
"EG_WAL_14708","Gharbia","Verified_Tier1",199,39,18,5000,1,"Medium Risk",0,0,7
"EG_WAL_12542","Gharbia","Basic",299,39,15,500,0,"Low Risk",0,0,6
"EG_WAL_12548","Giza","Basic",215,39,23,1000,0,"Low Risk",0,0,8
"EG_WAL_10902","Cairo","Basic",87,39,12,500,2,"Medium Risk",0,0,4
"EG_WAL_12596","Cairo","Basic",106,39,12,2500,1,"Medium Risk",0,0,4
"EG_WAL_14709","Giza","Basic",68,39,15,1000,0,"Low Risk",0,0,5
"EG_WAL_14715","Cairo","Basic",306,39,15,2500,0,"Low Risk",0,0,5
"EG_WAL_12055","Alexandria","Basic",258,39,12,5000,0,"Low Risk",0,0,4
"EG_WAL_14838","Cairo","Basic",246,39,20,500,1,"Medium Risk",0,0,8
"EG_WAL_12130","Cairo","Verified_Tier1",142,39,17,1000,1,"Medium Risk",0,0,7
"EG_WAL_13578","Alexandria","Verified_Tier1",295,39,13,1000,0,"Low Risk",0,0,5
"EG_WAL_14677","Asyut","Verified_Tier1",401,39,8,500,0,"Low Risk",0,0,4
"EG_WAL_14212","Giza","Basic",336,39,13,0,0,"Low Risk",0,0,5
"EG_WAL_14879","Gharbia","Verified_Tier1",446,39,21,0,0,"Low Risk",0,0,8
"EG_WAL_11227","Cairo","Basic",275,39,21,500,0,"Low Risk",0,0,8
"EG_WAL_11563","Cairo","Merchant",180,39,17,5000,1,"Medium Risk",0,0,7
"EG_WAL_10072","Cairo","Basic",551,39,17,0,0,"Low Risk",0,0,6
"EG_WAL_13003","Giza","Verified_Tier1",358,39,19,500,0,"Low Risk",0,0,7
"EG_WAL_11202","Cairo","Basic",298,39,21,5000,1,"Medium Risk",0,0,8
"EG_WAL_13968","Giza","Verified_Tier1",124,39,14,500,1,"Medium Risk",0,0,5
"EG_WAL_13930","Asyut","Basic",171,39,14,0,0,"Low Risk",0,0,5
"EG_WAL_11591","Asyut","Verified_Tier1",185,39,21,500,0,"Low Risk",0,0,8
"EG_WAL_10398","Alexandria","Basic",98,39,14,1000,0,"Low Risk",0,0,5
"EG_WAL_11120","Gharbia","Basic",329,39,14,500,0,"Low Risk",0,0,5
"EG_WAL_13603","Cairo","Merchant",261,39,30,500,0,"Low Risk",0,0,8
"EG_WAL_13461","Cairo","Verified_Tier1",465,39,18,500,0,"Low Risk",0,0,7
"EG_WAL_14489","Giza","Basic",615,38,11,2500,0,"Low Risk",0,0,4
"EG_WAL_14022","Alexandria","Basic",511,38,21,5000,0,"Low Risk",0,0,8
"EG_WAL_13080","Alexandria","Verified_Tier1",286,38,11,2500,1,"Medium Risk",0,0,4
"EG_WAL_13122","Cairo","Basic",602,38,15,500,0,"Low Risk",0,0,6
"EG_WAL_11579","Giza","Basic",547,38,20,1000,0,"Low Risk",0,0,8
"EG_WAL_13097","Cairo","Verified_Tier1",672,38,17,500,0,"Low Risk",0,0,7
"EG_WAL_13428","Gharbia","Basic",522,38,16,5000,2,"Medium Risk",0,0,6
"EG_WAL_13427","Giza","Basic",450,38,12,5000,0,"Low Risk",0,0,4
"EG_WAL_12404","Alexandria","Basic",383,38,15,5000,0,"Low Risk",0,0,6
"EG_WAL_14899","Asyut","Merchant",127,38,15,1000,0,"Low Risk",0,0,6
"EG_WAL_10732","Alexandria","Verified_Tier1",45,38,12,500,1,"Medium Risk",0,0,4
"EG_WAL_12947","Giza","Basic",630,38,17,1000,0,"Low Risk",0,0,7
"EG_WAL_12884","Cairo","Basic",209,38,12,5000,1,"Medium Risk",0,0,4
"EG_WAL_13494","Alexandria","Verified_Tier1",574,38,17,2500,0,"Low Risk",0,0,7
"EG_WAL_10743","Giza","Verified_Tier1",210,38,15,2500,1,"Medium Risk",0,0,6
"EG_WAL_11001","Giza","Verified_Tier1",210,38,12,1000,2,"Medium Risk",0,0,4
"EG_WAL_12383","Giza","Basic",237,38,16,500,0,"Low Risk",0,0,6
"EG_WAL_10871","Cairo","Verified_Tier1",113,38,24,5000,0,"Low Risk",0,0,8
"EG_WAL_12235","Giza","Basic",500,38,12,0,1,"Medium Risk",0,0,4
"EG_WAL_11444","Gharbia","Verified_Tier1",661,38,15,1000,1,"Medium Risk",0,0,5
"EG_WAL_12002","Asyut","Verified_Tier1",167,38,15,500,0,"Low Risk",0,0,6
"EG_WAL_12094","Cairo","Basic",182,38,12,1000,0,"Low Risk",0,0,4
"EG_WAL_12552","Gharbia","Basic",310,38,18,2500,1,"Medium Risk",0,0,7
"EG_WAL_12823","Cairo","Basic",679,38,14,500,0,"Low Risk",0,0,5
"EG_WAL_14792","Cairo","Basic",543,38,21,500,2,"Medium Risk",0,0,8
"EG_WAL_14093","Asyut","Verified_Tier1",617,38,21,2500,0,"Low Risk",0,0,8
"EG_WAL_10425","Giza","Basic",156,38,16,500,0,"Low Risk",0,0,6
"EG_WAL_12963","Asyut","Verified_Tier1",363,38,17,2500,0,"Low Risk",0,0,6
"EG_WAL_13668","Cairo","Basic",485,38,10,5000,0,"Low Risk",0,0,4
"EG_WAL_12371","Gharbia","Verified_Tier1",378,38,25,500,2,"Medium Risk",0,0,8
"EG_WAL_14301","Asyut","Basic",442,38,17,2500,0,"Low Risk",0,0,7
"EG_WAL_11605","Giza","Basic",76,38,20,1000,1,"Medium Risk",0,0,8
"EG_WAL_13368","Cairo","Basic",557,38,17,500,0,"Low Risk",0,0,6
"EG_WAL_10234","Cairo","Basic",700,38,17,1000,0,"Low Risk",0,0,6
"EG_WAL_11782","Giza","Verified_Tier1",206,38,13,2500,0,"Low Risk",0,0,5
"EG_WAL_14911","Giza","Verified_Tier1",107,38,25,500,2,"Medium Risk",0,0,8
"EG_WAL_12155","Cairo","Merchant",662,38,14,1000,0,"Low Risk",0,0,5
"EG_WAL_14937","Giza","Basic",204,38,18,500,3,"Medium Risk",0,0,7
"EG_WAL_11920","Alexandria","Verified_Tier1",278,38,19,1000,1,"Medium Risk",0,0,8
"EG_WAL_13843","Giza","Basic",393,38,19,2500,2,"Medium Risk",0,0,8
"EG_WAL_10772","Cairo","Verified_Tier1",58,38,13,500,0,"Low Risk",0,0,5
"EG_WAL_11386","Alexandria","Basic",245,38,17,5000,0,"Low Risk",0,0,7
"EG_WAL_13234","Cairo","Basic",212,38,13,5000,0,"Low Risk",0,0,5
"EG_WAL_13069","Alexandria","Verified_Tier1",462,38,14,0,1,"Medium Risk",0,0,5
"EG_WAL_10380","Cairo","Verified_Tier1",71,38,18,1000,2,"Medium Risk",0,0,7
"EG_WAL_10250","Cairo","Basic",647,38,21,1000,0,"Low Risk",0,0,8
"EG_WAL_14765","Asyut","Verified_Tier1",300,38,13,1000,0,"Low Risk",0,0,5
"EG_WAL_13324","Alexandria","Basic",593,38,13,500,0,"Low Risk",0,0,5
"EG_WAL_14811","Gharbia","Basic",340,38,13,5000,0,"Low Risk",0,0,5
"EG_WAL_10553","Giza","Verified_Tier1",233,38,23,500,0,"Low Risk",0,0,8
"EG_WAL_12400","Cairo","Verified_Tier1",575,38,11,5000,0,"Low Risk",0,0,4
"EG_WAL_12694","Asyut","Basic",105,38,19,1000,0,"Low Risk",0,0,7
"EG_WAL_13412","Cairo","Verified_Tier1",49,38,24,1000,0,"Low Risk",0,0,8
"EG_WAL_13193","Cairo","Verified_Tier1",234,38,19,0,2,"Medium Risk",0,0,8
"EG_WAL_14617","Gharbia","Verified_Tier1",478,38,18,5000,0,"Low Risk",0,0,7
"EG_WAL_14306","Giza","Verified_Tier1",141,38,15,500,0,"Low Risk",0,0,6
"EG_WAL_13177","Gharbia","Basic",709,38,18,500,0,"Low Risk",0,0,7
"EG_WAL_12945","Cairo","Verified_Tier1",128,38,11,500,1,"Medium Risk",0,0,4
"EG_WAL_13238","Giza","Basic",340,38,18,1000,0,"Low Risk",0,0,7
"EG_WAL_13264","Alexandria","Basic",320,37,25,2500,0,"Low Risk",0,0,8
"EG_WAL_14985","Cairo","Basic",194,37,23,2500,0,"Low Risk",0,0,8
"EG_WAL_10089","Giza","Basic",164,37,19,2500,0,"Low Risk",0,0,8
"EG_WAL_13928","Alexandria","Verified_Tier1",510,37,13,0,1,"Medium Risk",0,0,5
"EG_WAL_10285","Cairo","Verified_Tier1",602,37,18,1000,1,"Medium Risk",0,0,7
"EG_WAL_10836","Asyut","Verified_Tier1",76,37,15,5000,1,"Medium Risk",0,0,6
"EG_WAL_11051","Giza","Basic",535,37,20,5000,0,"Low Risk",0,0,8
"EG_WAL_14199","Giza","Basic",209,37,16,0,0,"Low Risk",0,0,6
"EG_WAL_14045","Giza","Basic",270,37,15,1000,1,"Medium Risk",0,0,6
"EG_WAL_11248","Asyut","Verified_Tier1",63,37,10,0,0,"Low Risk",0,0,4
"EG_WAL_12474","Giza","Basic",700,37,15,500,1,"Medium Risk",0,0,6
"EG_WAL_12811","Giza","Merchant",216,37,15,500,0,"Low Risk",0,0,6
"EG_WAL_14898","Cairo","Verified_Tier1",470,37,14,500,0,"Low Risk",0,0,5
"EG_WAL_13535","Cairo","Basic",683,37,12,0,0,"Low Risk",0,0,4
"EG_WAL_13091","Asyut","Verified_Tier1",395,37,16,2500,0,"Low Risk",0,0,6
"EG_WAL_12857","Cairo","Verified_Tier1",121,37,13,500,0,"Low Risk",0,0,5
"EG_WAL_13626","Cairo","Verified_Tier1",546,37,19,500,0,"Low Risk",0,0,7
"EG_WAL_12577","Giza","Basic",589,37,18,500,0,"Low Risk",0,0,7
"EG_WAL_13439","Asyut","Basic",410,37,16,0,0,"Low Risk",0,0,6
"EG_WAL_12382","Asyut","Merchant",475,37,15,5000,1,"Medium Risk",0,0,6
"EG_WAL_10245","Asyut","Verified_Tier1",128,37,16,5000,0,"Low Risk",0,0,6
"EG_WAL_11837","Cairo","Basic",574,37,18,2500,0,"Low Risk",0,0,7
"EG_WAL_11340","Cairo","Verified_Tier1",706,37,9,2500,4,"High Risk",0,1,4
"EG_WAL_13641","Asyut","Basic",82,37,22,500,0,"Low Risk",0,0,8
"EG_WAL_11153","Alexandria","Basic",217,37,14,500,0,"Low Risk",0,0,5
"EG_WAL_14033","Asyut","Verified_Tier1",250,37,24,1000,0,"Low Risk",0,0,8
"EG_WAL_14695","Gharbia","Verified_Tier1",275,37,18,5000,0,"Low Risk",0,0,7
"EG_WAL_13961","Cairo","Basic",492,37,17,500,0,"Low Risk",0,0,7
"EG_WAL_13714","Asyut","Basic",217,37,18,5000,0,"Low Risk",0,0,7
"EG_WAL_12506","Gharbia","Verified_Tier1",697,37,21,500,1,"Medium Risk",0,0,8
"EG_WAL_13323","Giza","Verified_Tier1",587,37,14,500,0,"Low Risk",0,0,5
"EG_WAL_12944","Alexandria","Verified_Tier1",462,37,24,2500,1,"Medium Risk",0,0,8
"EG_WAL_14965","Cairo","Basic",329,37,15,2500,0,"Low Risk",0,0,5
"EG_WAL_11558","Gharbia","Basic",589,37,17,1000,0,"Low Risk",0,0,7
"EG_WAL_10213","Cairo","Basic",606,37,26,5000,0,"Low Risk",0,0,8
"EG_WAL_14559","Asyut","Verified_Tier1",586,37,24,1000,5,"High Risk",0,1,8
"EG_WAL_13766","Giza","Basic",53,37,16,0,0,"Low Risk",0,0,6
"EG_WAL_10453","Asyut","Basic",138,37,15,5000,0,"Low Risk",0,0,6
"EG_WAL_13258","Cairo","Basic",649,37,13,2500,0,"Low Risk",0,0,5
"EG_WAL_13739","Giza","Basic",257,37,18,500,0,"Low Risk",0,0,7
"EG_WAL_14562","Gharbia","Basic",698,37,14,5000,2,"Medium Risk",0,0,5
"EG_WAL_11236","Gharbia","Verified_Tier1",630,37,17,500,2,"Medium Risk",0,0,7
"EG_WAL_11175","Giza","Verified_Tier1",517,37,12,1000,2,"Medium Risk",0,0,4
"EG_WAL_14303","Giza","Verified_Tier1",41,37,18,5000,0,"Low Risk",0,0,7
"EG_WAL_11445","Cairo","Basic",642,37,15,5000,0,"Low Risk",0,0,5
"EG_WAL_14849","Cairo","Basic",176,37,16,5000,1,"Medium Risk",0,0,6
"EG_WAL_12145","Gharbia","Verified_Tier1",41,37,15,1000,0,"Low Risk",0,0,5
"EG_WAL_10311","Cairo","Basic",590,37,16,1000,0,"Low Risk",0,0,6
"EG_WAL_11213","Alexandria","Basic",398,37,18,0,0,"Low Risk",0,0,7
"EG_WAL_10289","Giza","Basic",92,37,21,5000,0,"Low Risk",0,0,8
"EG_WAL_12791","Asyut","Basic",609,37,14,2500,0,"Low Risk",0,0,5
"EG_WAL_11843","Giza","Basic",299,37,15,1000,0,"Low Risk",0,0,5
"EG_WAL_12438","Giza","Basic",83,37,14,5000,1,"Medium Risk",0,0,5
"EG_WAL_14032","Cairo","Basic",680,37,11,500,2,"Medium Risk",0,0,4
"EG_WAL_14470","Asyut","Basic",247,37,14,2500,0,"Low Risk",0,0,5
"EG_WAL_13350","Cairo","Basic",338,36,11,500,0,"Low Risk",0,0,4
"EG_WAL_10478","Asyut","Verified_Tier1",48,36,15,5000,0,"Low Risk",0,0,6
"EG_WAL_11947","Cairo","Basic",360,36,21,500,0,"Low Risk",0,0,8
"EG_WAL_11027","Gharbia","Verified_Tier1",508,36,16,2500,1,"Medium Risk",0,0,6
"EG_WAL_12004","Cairo","Basic",78,36,17,1000,0,"Low Risk",0,0,6
"EG_WAL_10778","Alexandria","Basic",440,36,18,1000,2,"Medium Risk",0,0,7
"EG_WAL_12661","Gharbia","Verified_Tier1",84,36,18,1000,0,"Low Risk",0,0,7
"EG_WAL_12638","Asyut","Basic",539,36,22,1000,0,"Low Risk",0,0,8
"EG_WAL_11314","Giza","Merchant",585,36,11,1000,0,"Low Risk",0,0,4
"EG_WAL_10240","Asyut","Basic",382,36,22,0,2,"Medium Risk",0,0,8
"EG_WAL_11796","Alexandria","Verified_Tier1",209,36,16,500,0,"Low Risk",0,0,6
"EG_WAL_12391","Cairo","Verified_Tier1",135,36,10,500,1,"Medium Risk",0,0,4
"EG_WAL_11755","Gharbia","Verified_Tier1",575,36,13,0,2,"Medium Risk",0,0,5
"EG_WAL_12349","Cairo","Basic",422,36,17,2500,1,"Medium Risk",0,0,6
"EG_WAL_11678","Cairo","Basic",263,36,11,1000,0,"Low Risk",0,0,4
"EG_WAL_13978","Cairo","Basic",84,36,16,5000,0,"Low Risk",0,0,6
"EG_WAL_13310","Alexandria","Basic",362,36,18,1000,0,"Low Risk",0,0,7
"EG_WAL_14355","Giza","Verified_Tier1",676,36,23,5000,5,"High Risk",0,1,8
"EG_WAL_13956","Asyut","Verified_Tier1",432,36,19,500,0,"Low Risk",0,0,7
"EG_WAL_11908","Cairo","Basic",132,36,10,5000,0,"Low Risk",0,0,4
"EG_WAL_11728","Gharbia","Basic",639,36,15,1000,0,"Low Risk",0,0,6
"EG_WAL_14971","Gharbia","Basic",103,36,14,1000,0,"Low Risk",0,0,5
"EG_WAL_13270","Cairo","Basic",542,36,18,5000,0,"Low Risk",0,0,7
"EG_WAL_14293","Asyut","Basic",542,36,20,500,0,"Low Risk",0,0,8
"EG_WAL_11841","Giza","Basic",386,36,11,5000,0,"Low Risk",0,0,4
"EG_WAL_12127","Cairo","Basic",231,36,17,5000,0,"Low Risk",0,0,7
"EG_WAL_14502","Cairo","Verified_Tier1",621,36,21,5000,1,"Medium Risk",0,0,8
"EG_WAL_14756","Cairo","Basic",684,36,14,0,0,"Low Risk",0,0,5
"EG_WAL_14119","Alexandria","Verified_Tier1",557,36,16,5000,1,"Medium Risk",0,0,6
"EG_WAL_12258","Cairo","Verified_Tier1",526,36,20,1000,0,"Low Risk",0,0,8
"EG_WAL_14876","Giza","Basic",263,36,21,2500,1,"Medium Risk",0,0,8
"EG_WAL_14556","Alexandria","Basic",467,36,14,1000,0,"Low Risk",0,0,5
"EG_WAL_10588","Cairo","Verified_Tier1",532,36,10,5000,0,"Low Risk",0,0,4
"EG_WAL_13887","Giza","Basic",562,36,9,500,0,"Low Risk",0,0,4
"EG_WAL_11744","Giza","Basic",717,36,17,5000,1,"Medium Risk",0,0,6
"EG_WAL_12902","Cairo","Basic",411,36,23,500,0,"Low Risk",0,0,8
"EG_WAL_13138","Giza","Basic",487,36,11,5000,1,"Medium Risk",0,0,4
"EG_WAL_13070","Alexandria","Verified_Tier1",77,36,14,500,0,"Low Risk",0,0,5
"EG_WAL_14210","Cairo","Basic",666,36,17,5000,1,"Medium Risk",0,0,7
"EG_WAL_13605","Cairo","Basic",571,36,12,500,0,"Low Risk",0,0,4
"EG_WAL_13340","Gharbia","Basic",149,36,12,2500,0,"Low Risk",0,0,4
"EG_WAL_13152","Alexandria","Verified_Tier1",146,36,23,1000,0,"Low Risk",0,0,8
"EG_WAL_10983","Cairo","Basic",217,36,19,500,2,"Medium Risk",0,0,7
"EG_WAL_13446","Gharbia","Verified_Tier1",371,36,16,500,0,"Low Risk",0,0,6
"EG_WAL_12159","Alexandria","Verified_Tier1",483,36,11,500,0,"Low Risk",0,0,4
"EG_WAL_13185","Giza","Basic",408,36,15,0,1,"Medium Risk",0,0,6
"EG_WAL_12854","Cairo","Verified_Tier1",361,36,14,2500,0,"Low Risk",0,0,5
"EG_WAL_13686","Asyut","Basic",479,36,18,500,0,"Low Risk",0,0,7
"EG_WAL_14530","Cairo","Basic",501,36,16,500,2,"Medium Risk",0,0,6
"EG_WAL_12465","Cairo","Basic",168,36,11,500,0,"Low Risk",0,0,4
"EG_WAL_11859","Alexandria","Verified_Tier1",509,36,22,1000,0,"Low Risk",0,0,8
"EG_WAL_11760","Giza","Basic",337,36,11,5000,0,"Low Risk",0,0,4
"EG_WAL_12615","Cairo","Verified_Tier1",685,36,20,500,3,"Medium Risk",0,0,8
"EG_WAL_12138","Cairo","Basic",181,36,17,500,0,"Low Risk",0,0,7
"EG_WAL_12572","Cairo","Basic",33,36,13,5000,0,"Low Risk",0,0,4
"EG_WAL_12842","Asyut","Basic",525,35,14,0,0,"Low Risk",0,0,5
"EG_WAL_14791","Asyut","Basic",284,35,16,5000,0,"Low Risk",0,0,6
"EG_WAL_12680","Cairo","Basic",516,35,16,1000,1,"Medium Risk",0,0,6
"EG_WAL_14787","Asyut","Basic",284,35,16,2500,2,"Medium Risk",0,0,6
"EG_WAL_13055","Asyut","Basic",426,35,16,5000,1,"Medium Risk",0,0,6
"EG_WAL_12508","Gharbia","Basic",448,35,16,1000,0,"Low Risk",0,0,6
"EG_WAL_14503","Cairo","Basic",163,35,20,0,0,"Low Risk",0,0,8
"EG_WAL_13882","Asyut","Verified_Tier1",531,35,15,1000,0,"Low Risk",0,0,6
"EG_WAL_12256","Giza","Verified_Tier1",451,35,20,0,0,"Low Risk",0,0,8
"EG_WAL_14172","Giza","Basic",95,35,15,2500,0,"Low Risk",0,0,6
"EG_WAL_10132","Cairo","Basic",318,35,16,500,0,"Low Risk",0,0,6
"EG_WAL_11321","Cairo","Verified_Tier1",709,35,15,5000,0,"Low Risk",0,0,6
"EG_WAL_11879","Giza","Basic",537,35,20,5000,0,"Low Risk",0,0,8
"EG_WAL_11289","Cairo","Verified_Tier1",328,35,19,500,0,"Low Risk",0,0,7
"EG_WAL_14707","Cairo","Basic",680,35,15,2500,1,"Medium Risk",0,0,5
"EG_WAL_13400","Cairo","Basic",445,35,19,500,0,"Low Risk",0,0,7
"EG_WAL_12100","Asyut","Verified_Tier1",690,35,15,2500,3,"Medium Risk",0,0,5
"EG_WAL_13538","Alexandria","Basic",266,35,15,2500,4,"High Risk",0,1,5
"EG_WAL_10050","Asyut","Basic",114,35,15,5000,0,"Low Risk",0,0,5
"EG_WAL_14553","Gharbia","Verified_Tier1",333,35,17,1000,0,"Low Risk",0,0,6
"EG_WAL_13712","Alexandria","Verified_Tier1",298,35,15,1000,0,"Low Risk",0,0,5
"EG_WAL_12789","Asyut","Verified_Tier1",357,35,19,5000,0,"Low Risk",0,0,7
"EG_WAL_14507","Cairo","Basic",377,35,14,5000,0,"Low Risk",0,0,5
"EG_WAL_13768","Cairo","Basic",204,35,14,1000,0,"Low Risk",0,0,5
"EG_WAL_12981","Cairo","Merchant",354,35,14,2500,0,"Low Risk",0,0,5
"EG_WAL_12236","Gharbia","Basic",178,35,14,1000,3,"Medium Risk",0,0,5
"EG_WAL_11822","Giza","Verified_Tier1",404,35,14,2500,0,"Low Risk",0,0,5
"EG_WAL_10791","Giza","Basic",320,35,17,2500,0,"Low Risk",0,0,6
"EG_WAL_11226","Cairo","Basic",179,35,14,500,0,"Low Risk",0,0,5
"EG_WAL_11183","Asyut","Basic",112,35,14,500,0,"Low Risk",0,0,5
"EG_WAL_11149","Gharbia","Basic",155,35,17,5000,0,"Low Risk",0,0,7
"EG_WAL_10673","Giza","Basic",69,35,14,5000,1,"Medium Risk",0,0,5
"EG_WAL_11184","Cairo","Basic",711,35,19,2500,0,"Low Risk",0,0,7
"EG_WAL_13194","Cairo","Verified_Tier1",366,35,13,2500,0,"Low Risk",0,0,5
"EG_WAL_12567","Cairo","Basic",320,35,22,2500,0,"Low Risk",0,0,8
"EG_WAL_13945","Cairo","Basic",269,35,13,0,0,"Low Risk",0,0,5
"EG_WAL_14840","Asyut","Verified_Tier1",428,35,13,2500,0,"Low Risk",0,0,5
"EG_WAL_13478","Giza","Verified_Tier1",546,35,17,2500,0,"Low Risk",0,0,7
"EG_WAL_13441","Giza","Verified_Tier1",40,35,12,500,0,"Low Risk",0,0,4
"EG_WAL_13749","Gharbia","Basic",115,35,12,1000,0,"Low Risk",0,0,4
"EG_WAL_14869","Gharbia","Verified_Tier1",575,35,12,500,0,"Low Risk",0,0,4
"EG_WAL_10705","Asyut","Basic",671,35,7,500,1,"Medium Risk",0,0,4
"EG_WAL_10108","Cairo","Basic",149,35,23,0,1,"Medium Risk",0,0,8
"EG_WAL_11768","Cairo","Basic",144,35,12,1000,0,"Low Risk",0,0,4
"EG_WAL_11910","Cairo","Basic",253,35,11,0,0,"Low Risk",0,0,4
"EG_WAL_10657","Cairo","Basic",468,35,24,1000,0,"Low Risk",0,0,8
"EG_WAL_13865","Cairo","Verified_Tier1",55,35,24,5000,2,"Medium Risk",0,0,8
"EG_WAL_12700","Giza","Basic",70,35,10,500,0,"Low Risk",0,0,4
"EG_WAL_11789","Giza","Verified_Tier1",82,35,10,500,3,"Medium Risk",0,0,4
"EG_WAL_14833","Cairo","Basic",444,35,10,500,0,"Low Risk",0,0,4
"EG_WAL_13755","Cairo","Verified_Tier1",62,35,8,5000,0,"Low Risk",0,0,4
"EG_WAL_11806","Alexandria","Basic",221,35,8,500,0,"Low Risk",0,0,4
"EG_WAL_10018","Giza","Basic",610,35,8,5000,0,"Low Risk",0,0,4
"EG_WAL_12544","Cairo","Basic",339,35,7,500,0,"Low Risk",0,0,4
"EG_WAL_11267","Giza","Verified_Tier1",120,35,19,0,0,"Low Risk",0,0,8
"EG_WAL_11136","Gharbia","Verified_Tier1",135,34,11,0,1,"Medium Risk",0,0,5
"EG_WAL_14870","Cairo","Basic",125,34,8,1000,1,"Medium Risk",0,0,5
"EG_WAL_14247","Cairo","Basic",347,34,28,5000,0,"Low Risk",0,0,9
"EG_WAL_10737","Gharbia","Basic",543,34,19,2500,1,"Medium Risk",0,0,9
"EG_WAL_12407","Cairo","Verified_Tier1",94,34,14,500,0,"Low Risk",0,0,6
"EG_WAL_10286","Giza","Verified_Tier1",338,34,21,2500,1,"Medium Risk",0,0,9
"EG_WAL_12224","Cairo","Basic",695,34,14,500,1,"Medium Risk",0,0,6
"EG_WAL_12173","Gharbia","Basic",694,34,11,1000,0,"Low Risk",0,0,5
"EG_WAL_12216","Gharbia","Basic",100,34,15,2500,0,"Low Risk",0,0,6
"EG_WAL_11622","Giza","Basic",235,34,16,500,0,"Low Risk",0,0,7
"EG_WAL_14558","Asyut","Verified_Tier1",404,34,10,500,0,"Low Risk",0,0,5
"EG_WAL_13309","Giza","Basic",173,34,17,500,0,"Low Risk",0,0,7
"EG_WAL_13896","Cairo","Verified_Tier1",629,34,19,500,0,"Low Risk",0,0,8
"EG_WAL_14420","Cairo","Verified_Tier1",691,34,24,5000,2,"Medium Risk",0,0,9
"EG_WAL_14999","Giza","Basic",538,34,22,2500,1,"Medium Risk",0,0,9
"EG_WAL_14630","Cairo","Basic",448,34,21,5000,0,"Low Risk",0,0,9
"EG_WAL_14331","Cairo","Verified_Tier1",88,34,15,5000,0,"Low Risk",0,0,7
"EG_WAL_13874","Cairo","Basic",429,34,17,2500,1,"Medium Risk",0,0,8
"EG_WAL_12736","Asyut","Basic",521,34,16,5000,0,"Low Risk",0,0,7
"EG_WAL_14878","Cairo","Verified_Tier1",506,34,20,500,0,"Low Risk",0,0,9
"EG_WAL_11517","Gharbia","Merchant",432,34,14,5000,0,"Low Risk",0,0,6
"EG_WAL_14704","Giza","Verified_Tier1",370,34,12,0,0,"Low Risk",0,0,5
"EG_WAL_11666","Cairo","Basic",500,34,14,0,0,"Low Risk",0,0,6
"EG_WAL_14581","Cairo","Basic",683,34,18,5000,1,"Medium Risk",0,0,8
"EG_WAL_11287","Cairo","Verified_Tier1",380,34,14,1000,1,"Medium Risk",0,0,6
"EG_WAL_11363","Giza","Basic",662,34,18,5000,0,"Low Risk",0,0,8
"EG_WAL_10470","Cairo","Basic",344,34,21,2500,1,"Medium Risk",0,0,9
"EG_WAL_14535","Giza","Basic",51,34,9,500,1,"Medium Risk",0,0,5
"EG_WAL_12961","Cairo","Basic",679,34,13,1000,0,"Low Risk",0,0,6
"EG_WAL_13163","Giza","Verified_Tier1",110,34,26,500,0,"Low Risk",0,0,9
"EG_WAL_10341","Giza","Basic",243,34,19,2500,0,"Low Risk",0,0,8
"EG_WAL_14286","Gharbia","Basic",47,34,12,5000,0,"Low Risk",0,0,5
"EG_WAL_10671","Gharbia","Basic",382,34,14,1000,0,"Low Risk",0,0,6
"EG_WAL_11211","Giza","Verified_Tier1",717,34,16,2500,0,"Low Risk",0,0,7
"EG_WAL_13658","Giza","Verified_Tier1",479,34,11,5000,2,"Medium Risk",0,0,5
"EG_WAL_14314","Asyut","Basic",394,34,20,5000,0,"Low Risk",0,0,9
"EG_WAL_13274","Gharbia","Verified_Tier1",314,34,17,1000,0,"Low Risk",0,0,8
"EG_WAL_10626","Giza","Basic",515,34,14,500,4,"High Risk",0,0,6
"EG_WAL_14705","Giza","Basic",592,34,14,500,2,"Medium Risk",0,0,6
"EG_WAL_13530","Cairo","Verified_Tier1",85,34,18,500,0,"Low Risk",0,0,8
"EG_WAL_11665","Gharbia","Basic",409,34,18,2500,0,"Low Risk",0,0,8
"EG_WAL_13118","Cairo","Verified_Tier1",233,34,21,5000,0,"Low Risk",0,0,9
"EG_WAL_10306","Giza","Basic",397,34,14,500,0,"Low Risk",0,0,6
"EG_WAL_12848","Giza","Basic",660,34,26,1000,0,"Low Risk",0,0,9
"EG_WAL_11767","Giza","Verified_Tier1",226,34,12,500,1,"Medium Risk",0,0,5
"EG_WAL_12654","Alexandria","Basic",691,34,16,5000,0,"Low Risk",0,0,7
"EG_WAL_12346","Alexandria","Basic",423,34,14,2500,0,"Low Risk",0,0,6
"EG_WAL_14817","Gharbia","Basic",288,34,14,0,3,"Medium Risk",0,0,6
"EG_WAL_12078","Asyut","Verified_Tier1",39,34,16,2500,0,"Low Risk",0,0,7
"EG_WAL_11282","Giza","Verified_Tier1",532,34,15,500,0,"Low Risk",0,0,6
"EG_WAL_11745","Giza","Basic",37,34,6,5000,0,"Low Risk",0,0,5
"EG_WAL_13095","Alexandria","Basic",473,34,7,500,0,"Low Risk",0,0,5
"EG_WAL_12979","Asyut","Basic",710,34,10,1000,0,"Low Risk",0,0,5
"EG_WAL_13964","Cairo","Basic",672,34,17,0,0,"Low Risk",0,0,8
"EG_WAL_10527","Cairo","Basic",559,34,6,500,0,"Low Risk",0,0,5
"EG_WAL_11909","Cairo","Verified_Tier1",431,34,13,5000,0,"Low Risk",0,0,6
"EG_WAL_12373","Giza","Verified_Tier1",43,34,16,5000,0,"Low Risk",0,0,7
"EG_WAL_13565","Alexandria","Verified_Tier1",283,34,17,500,0,"Low Risk",0,0,8
"EG_WAL_14318","Giza","Verified_Tier1",566,34,20,2500,0,"Low Risk",0,0,9
"EG_WAL_12809","Alexandria","Basic",629,33,16,500,0,"Low Risk",0,0,7
"EG_WAL_13844","Cairo","Basic",231,33,17,500,1,"Medium Risk",0,0,7
"EG_WAL_10061","Cairo","Verified_Tier1",666,33,16,1000,1,"Medium Risk",0,0,7
"EG_WAL_11962","Gharbia","Basic",447,33,19,1000,0,"Low Risk",0,0,8
"EG_WAL_14329","Gharbia","Verified_Tier1",285,33,16,500,0,"Low Risk",0,0,7
"EG_WAL_14261","Gharbia","Basic",501,33,10,2500,0,"Low Risk",0,0,5
"EG_WAL_11057","Giza","Basic",391,33,25,5000,4,"High Risk",0,0,9
"EG_WAL_12828","Giza","Verified_Tier1",611,33,7,0,0,"Low Risk",0,0,5
"EG_WAL_12192","Alexandria","Basic",170,33,18,2500,1,"Medium Risk",0,0,8
"EG_WAL_12556","Giza","Basic",252,33,16,5000,1,"Medium Risk",0,0,7
"EG_WAL_13655","Cairo","Basic",286,33,20,500,0,"Low Risk",0,0,9
"EG_WAL_12250","Cairo","Basic",490,33,19,2500,0,"Low Risk",0,0,8
"EG_WAL_10293","Cairo","Verified_Tier1",454,33,15,5000,0,"Low Risk",0,0,7
"EG_WAL_14270","Giza","Basic",661,33,15,2500,0,"Low Risk",0,0,7
"EG_WAL_10043","Asyut","Basic",198,33,18,2500,0,"Low Risk",0,0,8
"EG_WAL_11402","Cairo","Basic",536,33,18,0,0,"Low Risk",0,0,8
"EG_WAL_10393","Alexandria","Verified_Tier1",107,33,15,0,0,"Low Risk",0,0,7
"EG_WAL_10192","Asyut","Basic",45,33,11,0,4,"High Risk",0,0,5
"EG_WAL_11532","Alexandria","Verified_Tier1",417,33,11,5000,1,"Medium Risk",0,0,5
"EG_WAL_14573","Alexandria","Verified_Tier1",329,33,19,500,0,"Low Risk",0,0,8
"EG_WAL_14627","Giza","Verified_Tier1",469,33,16,500,0,"Low Risk",0,0,7
"EG_WAL_13752","Cairo","Basic",562,33,12,0,0,"Low Risk",0,0,5
"EG_WAL_14189","Alexandria","Verified_Tier1",90,33,15,1000,0,"Low Risk",0,0,7
"EG_WAL_10546","Cairo","Basic",427,33,12,500,0,"Low Risk",0,0,5
"EG_WAL_10577","Asyut","Verified_Tier1",479,33,12,5000,0,"Low Risk",0,0,5
"EG_WAL_12121","Giza","Verified_Tier1",304,33,18,0,0,"Low Risk",0,0,8
"EG_WAL_12719","Cairo","Basic",650,33,16,5000,0,"Low Risk",0,0,7
"EG_WAL_12115","Cairo","Merchant",369,33,22,2500,0,"Low Risk",0,0,9
"EG_WAL_14961","Cairo","Verified_Tier1",563,33,11,5000,0,"Low Risk",0,0,5
"EG_WAL_13980","Gharbia","Basic",699,33,17,500,2,"Medium Risk",0,0,8
"EG_WAL_11237","Giza","Basic",682,33,15,5000,0,"Low Risk",0,0,7
"EG_WAL_14014","Giza","Basic",293,33,14,500,0,"Low Risk",0,0,6
"EG_WAL_10977","Cairo","Basic",527,33,11,1000,0,"Low Risk",0,0,5
"EG_WAL_12410","Alexandria","Verified_Tier1",162,33,16,2500,0,"Low Risk",0,0,7
"EG_WAL_13033","Cairo","Basic",562,33,23,2500,0,"Low Risk",0,0,9
"EG_WAL_10042","Cairo","Verified_Tier1",575,33,17,1000,0,"Low Risk",0,0,8
"EG_WAL_10980","Cairo","Basic",57,33,18,0,0,"Low Risk",0,0,8
"EG_WAL_13988","Cairo","Verified_Tier1",288,33,9,0,0,"Low Risk",0,0,5
"EG_WAL_14087","Giza","Basic",574,33,16,500,0,"Low Risk",0,0,7
"EG_WAL_12958","Cairo","Basic",368,33,27,5000,0,"Low Risk",0,0,9
"EG_WAL_13117","Cairo","Verified_Tier1",117,33,23,500,0,"Low Risk",0,0,9
"EG_WAL_11154","Giza","Verified_Tier1",513,33,12,1000,0,"Low Risk",0,0,5
"EG_WAL_10256","Asyut","Basic",71,33,10,5000,1,"Medium Risk",0,0,5
"EG_WAL_11695","Cairo","Basic",423,33,21,2500,0,"Low Risk",0,0,9
"EG_WAL_13592","Giza","Basic",444,33,20,5000,0,"Low Risk",0,0,9
"EG_WAL_14459","Giza","Verified_Tier1",610,33,14,5000,0,"Low Risk",0,0,6
"EG_WAL_10339","Cairo","Verified_Tier1",507,33,19,1000,0,"Low Risk",0,0,8
"EG_WAL_13087","Cairo","Basic",442,33,22,1000,0,"Low Risk",0,0,9
"EG_WAL_14564","Cairo","Basic",675,33,16,500,0,"Low Risk",0,0,7
"EG_WAL_13343","Cairo","Basic",356,33,22,1000,0,"Low Risk",0,0,9
"EG_WAL_12818","Cairo","Basic",57,33,19,5000,0,"Low Risk",0,0,8
"EG_WAL_14620","Gharbia","Verified_Tier1",164,33,14,1000,2,"Medium Risk",0,0,6
"EG_WAL_11770","Giza","Verified_Tier1",682,33,15,1000,2,"Medium Risk",0,0,6
"EG_WAL_13160","Giza","Basic",365,33,17,2500,0,"Low Risk",0,0,7
"EG_WAL_11433","Alexandria","Basic",469,33,16,5000,0,"Low Risk",0,0,7
"EG_WAL_11893","Cairo","Verified_Tier1",533,33,12,2500,0,"Low Risk",0,0,5
"EG_WAL_11178","Alexandria","Merchant",357,33,13,500,2,"Medium Risk",0,0,6
"EG_WAL_11990","Alexandria","Verified_Tier1",528,33,16,2500,0,"Low Risk",0,0,7
"EG_WAL_10276","Alexandria","Verified_Tier1",551,33,21,2500,0,"Low Risk",0,0,9
"EG_WAL_14003","Cairo","Verified_Tier1",440,33,17,500,0,"Low Risk",0,0,7
"EG_WAL_13282","Gharbia","Basic",205,33,14,2500,0,"Low Risk",0,0,6
"EG_WAL_13940","Alexandria","Basic",58,33,18,5000,0,"Low Risk",0,0,8
"EG_WAL_12935","Cairo","Merchant",73,32,8,0,0,"Low Risk",0,0,5
"EG_WAL_11014","Alexandria","Verified_Tier1",641,32,11,1000,0,"Low Risk",0,0,5
"EG_WAL_13935","Giza","Basic",702,32,11,5000,0,"Low Risk",0,0,5
"EG_WAL_14736","Giza","Verified_Tier1",584,32,21,500,3,"Medium Risk",0,0,9
"EG_WAL_13308","Cairo","Verified_Tier1",73,32,16,500,3,"Medium Risk",0,0,7
"EG_WAL_12715","Cairo","Basic",80,32,16,1000,0,"Low Risk",0,0,7
"EG_WAL_14367","Giza","Verified_Tier1",240,32,19,2500,0,"Low Risk",0,0,8
"EG_WAL_12033","Asyut","Verified_Tier1",425,32,9,1000,1,"Medium Risk",0,0,5
"EG_WAL_11557","Giza","Basic",240,32,14,1000,2,"Medium Risk",0,0,6
"EG_WAL_13064","Giza","Merchant",446,32,13,2500,1,"Medium Risk",0,0,6
"EG_WAL_13777","Giza","Verified_Tier1",254,32,18,0,0,"Low Risk",0,0,8
"EG_WAL_13791","Cairo","Basic",274,32,21,1000,0,"Low Risk",0,0,9
"EG_WAL_12124","Asyut","Verified_Tier1",108,32,17,1000,0,"Low Risk",0,0,8
"EG_WAL_11825","Giza","Basic",693,32,8,5000,0,"Low Risk",0,0,5
"EG_WAL_13570","Cairo","Basic",98,32,19,500,0,"Low Risk",0,0,9
"EG_WAL_10943","Gharbia","Basic",576,32,20,0,0,"Low Risk",0,0,9
"EG_WAL_12059","Giza","Verified_Tier1",567,32,7,1000,1,"Medium Risk",0,0,5
"EG_WAL_10770","Cairo","Basic",32,32,19,0,1,"Medium Risk",0,0,8
"EG_WAL_12323","Cairo","Verified_Tier1",702,32,20,2500,1,"Medium Risk",0,0,9
"EG_WAL_10037","Cairo","Basic",43,32,16,2500,0,"Low Risk",0,0,7
"EG_WAL_10253","Cairo","Verified_Tier1",599,32,19,5000,0,"Low Risk",0,0,8
"EG_WAL_11009","Giza","Basic",493,32,16,5000,1,"Medium Risk",0,0,7
"EG_WAL_13507","Giza","Basic",691,32,15,0,2,"Medium Risk",0,0,6
"EG_WAL_10304","Alexandria","Basic",542,32,10,5000,1,"Medium Risk",0,0,5
"EG_WAL_11031","Giza","Verified_Tier1",205,32,21,5000,0,"Low Risk",0,0,9
"EG_WAL_11851","Gharbia","Basic",418,32,12,2500,0,"Low Risk",0,0,5
"EG_WAL_13999","Cairo","Basic",156,32,16,500,0,"Low Risk",0,0,7
"EG_WAL_12333","Alexandria","Verified_Tier1",66,32,20,5000,1,"Medium Risk",0,0,9
"EG_WAL_13191","Asyut","Basic",667,32,12,2500,0,"Low Risk",0,0,5
"EG_WAL_13567","Alexandria","Basic",500,32,20,0,0,"Low Risk",0,0,9
"EG_WAL_10700","Giza","Basic",424,32,12,500,0,"Low Risk",0,0,5
"EG_WAL_10612","Giza","Basic",686,32,12,500,0,"Low Risk",0,0,5
"EG_WAL_11168","Cairo","Basic",410,32,16,0,0,"Low Risk",0,0,7
"EG_WAL_14227","Giza","Basic",589,32,23,1000,0,"Low Risk",0,0,9
"EG_WAL_10212","Alexandria","Basic",172,32,15,2500,0,"Low Risk",0,0,7
"EG_WAL_10561","Cairo","Merchant",340,32,14,1000,3,"Medium Risk",0,0,6
"EG_WAL_11979","Gharbia","Basic",518,32,16,0,0,"Low Risk",0,0,7
"EG_WAL_10917","Asyut","Basic",535,32,11,500,0,"Low Risk",0,0,5
"EG_WAL_10347","Cairo","Basic",340,32,14,1000,2,"Medium Risk",0,0,6
"EG_WAL_10342","Cairo","Basic",398,32,12,5000,0,"Low Risk",0,0,5
"EG_WAL_11148","Gharbia","Verified_Tier1",342,32,23,1000,0,"Low Risk",0,0,9
"EG_WAL_14906","Asyut","Verified_Tier1",178,32,12,0,2,"Medium Risk",0,0,5
"EG_WAL_10138","Cairo","Merchant",255,32,12,500,5,"High Risk",0,0,5
"EG_WAL_10695","Giza","Basic",493,32,18,500,0,"Low Risk",0,0,8
"EG_WAL_11625","Alexandria","Basic",677,32,12,1000,0,"Low Risk",0,0,5
"EG_WAL_12134","Alexandria","Verified_Tier1",618,31,16,1000,0,"Low Risk",0,0,7
"EG_WAL_14514","Giza","Basic",250,31,15,500,0,"Low Risk",0,0,7
"EG_WAL_12019","Alexandria","Verified_Tier1",358,31,12,1000,0,"Low Risk",0,0,5
"EG_WAL_13806","Giza","Basic",115,31,27,2500,1,"Medium Risk",0,0,9
"EG_WAL_12598","Cairo","Verified_Tier1",569,31,18,500,0,"Low Risk",0,0,8
"EG_WAL_14589","Alexandria","Basic",709,31,17,5000,0,"Low Risk",0,0,8
"EG_WAL_12341","Cairo","Basic",496,31,19,1000,1,"Medium Risk",0,0,8
"EG_WAL_13284","Giza","Verified_Tier1",500,31,20,5000,0,"Low Risk",0,0,9
"EG_WAL_13728","Cairo","Basic",546,31,20,2500,0,"Low Risk",0,0,9
"EG_WAL_10669","Cairo","Verified_Tier1",554,31,14,5000,0,"Low Risk",0,0,6
"EG_WAL_13498","Cairo","Basic",524,31,12,2500,0,"Low Risk",0,0,5
"EG_WAL_12210","Alexandria","Verified_Tier1",657,31,11,2500,0,"Low Risk",0,0,5
"EG_WAL_10900","Cairo","Basic",705,31,14,1000,0,"Low Risk",0,0,6
"EG_WAL_13792","Giza","Basic",105,31,17,500,2,"Medium Risk",0,0,8
"EG_WAL_12152","Alexandria","Basic",86,31,11,500,1,"Medium Risk",0,0,5
"EG_WAL_13762","Giza","Verified_Tier1",468,31,31,2500,2,"Medium Risk",0,0,9
"EG_WAL_10832","Cairo","Basic",286,31,15,500,0,"Low Risk",0,0,7
"EG_WAL_11673","Gharbia","Basic",333,31,23,0,3,"Medium Risk",0,0,9
"EG_WAL_12720","Gharbia","Basic",329,31,24,2500,1,"Medium Risk",0,0,9
"EG_WAL_12576","Asyut","Verified_Tier1",123,31,24,5000,1,"Medium Risk",0,0,9
"EG_WAL_11816","Cairo","Basic",261,31,9,500,0,"Low Risk",0,0,5
"EG_WAL_14936","Asyut","Basic",295,31,26,2500,0,"Low Risk",0,0,9
"EG_WAL_14739","Giza","Basic",214,31,15,5000,1,"Medium Risk",0,0,6
"EG_WAL_11810","Alexandria","Verified_Tier1",669,31,13,500,0,"Low Risk",0,0,6
"EG_WAL_13492","Gharbia","Verified_Tier1",719,31,21,1000,1,"Medium Risk",0,0,9
"EG_WAL_13341","Giza","Basic",96,31,10,1000,0,"Low Risk",0,0,5
"EG_WAL_12804","Giza","Basic",701,31,27,500,0,"Low Risk",0,0,9
"EG_WAL_13040","Cairo","Basic",659,31,16,2500,0,"Low Risk",0,0,7
"EG_WAL_10676","Cairo","Verified_Tier1",202,31,17,500,2,"Medium Risk",0,0,7
"EG_WAL_13677","Cairo","Basic",101,31,18,1000,0,"Low Risk",0,0,8
"EG_WAL_11239","Cairo","Verified_Tier1",423,31,18,2500,3,"Medium Risk",0,0,8
"EG_WAL_11616","Asyut","Basic",499,31,16,5000,1,"Medium Risk",0,0,7
"EG_WAL_14235","Cairo","Basic",210,31,15,0,0,"Low Risk",0,0,7
"EG_WAL_13805","Asyut","Verified_Tier1",30,31,13,0,2,"Medium Risk",0,0,6
"EG_WAL_12381","Gharbia","Basic",57,31,13,5000,0,"Low Risk",0,0,6
"EG_WAL_13034","Cairo","Basic",170,31,18,1000,0,"Low Risk",0,0,8
"EG_WAL_11271","Gharbia","Basic",553,31,16,2500,0,"Low Risk",0,0,7
"EG_WAL_13444","Asyut","Verified_Tier1",598,31,19,2500,0,"Low Risk",0,0,9
"EG_WAL_14824","Giza","Basic",360,31,13,2500,1,"Medium Risk",0,0,6
"EG_WAL_14089","Cairo","Verified_Tier1",258,31,12,2500,1,"Medium Risk",0,0,5
"EG_WAL_12642","Alexandria","Basic",300,31,17,500,0,"Low Risk",0,0,8
"EG_WAL_10062","Gharbia","Basic",336,31,10,1000,0,"Low Risk",0,0,5
"EG_WAL_12316","Cairo","Basic",154,31,19,1000,0,"Low Risk",0,0,8
"EG_WAL_14599","Cairo","Basic",438,31,22,1000,1,"Medium Risk",0,0,9
"EG_WAL_10692","Giza","Basic",445,31,13,0,1,"Medium Risk",0,0,6
"EG_WAL_10845","Giza","Basic",387,31,6,500,0,"Low Risk",0,0,5
"EG_WAL_12546","Cairo","Basic",133,31,16,500,0,"Low Risk",0,0,7
"EG_WAL_10571","Alexandria","Verified_Tier1",162,31,13,0,0,"Low Risk",0,0,6
"EG_WAL_10326","Giza","Basic",197,31,13,0,1,"Medium Risk",0,0,6
"EG_WAL_12872","Gharbia","Basic",631,31,21,1000,0,"Low Risk",0,0,9
"EG_WAL_12289","Cairo","Verified_Tier1",139,31,19,2500,0,"Low Risk",0,0,8
"EG_WAL_13827","Giza","Basic",300,31,20,2500,0,"Low Risk",0,0,9
"EG_WAL_10649","Giza","Verified_Tier1",209,31,13,1000,1,"Medium Risk",0,0,5
"EG_WAL_10641","Cairo","Verified_Tier1",353,31,19,500,2,"Medium Risk",0,0,8
"EG_WAL_13737","Alexandria","Basic",167,31,19,500,0,"Low Risk",0,0,8
"EG_WAL_11504","Cairo","Basic",166,31,21,5000,0,"Low Risk",0,0,9
"EG_WAL_12927","Asyut","Basic",185,30,19,5000,0,"Low Risk",0,0,8
"EG_WAL_12987","Giza","Basic",42,30,17,5000,0,"Low Risk",0,0,7
"EG_WAL_12336","Giza","Basic",630,30,17,500,0,"Low Risk",0,0,7
"EG_WAL_14770","Cairo","Basic",263,30,17,500,0,"Low Risk",0,0,7
"EG_WAL_11362","Giza","Verified_Tier1",415,30,11,1000,1,"Medium Risk",0,0,5
"EG_WAL_10314","Gharbia","Basic",179,30,13,500,0,"Low Risk",0,0,6
"EG_WAL_13057","Cairo","Verified_Tier1",606,30,25,2500,0,"Low Risk",0,0,9
"EG_WAL_12578","Cairo","Basic",242,30,13,500,0,"Low Risk",0,0,5
"EG_WAL_10301","Giza","Basic",617,30,17,0,0,"Low Risk",0,0,8
"EG_WAL_11338","Cairo","Basic",635,30,19,500,1,"Medium Risk",0,0,8
"EG_WAL_14209","Cairo","Basic",237,30,21,2500,0,"Low Risk",0,0,9
"EG_WAL_12587","Alexandria","Basic",106,30,15,500,1,"Medium Risk",0,0,7
"EG_WAL_12022","Asyut","Basic",476,30,10,2500,0,"Low Risk",0,0,5
"EG_WAL_11944","Alexandria","Verified_Tier1",322,30,12,500,0,"Low Risk",0,0,5
"EG_WAL_11194","Cairo","Basic",553,30,15,2500,1,"Medium Risk",0,0,6
"EG_WAL_10160","Cairo","Verified_Tier1",239,30,21,500,0,"Low Risk",0,0,9
"EG_WAL_12586","Cairo","Verified_Tier1",105,30,17,500,0,"Low Risk",0,0,8
"EG_WAL_13709","Asyut","Basic",556,30,9,1000,0,"Low Risk",0,0,5
"EG_WAL_10027","Giza","Basic",434,30,21,500,0,"Low Risk",0,0,9
"EG_WAL_11135","Cairo","Verified_Tier1",87,30,12,1000,0,"Low Risk",0,0,5
"EG_WAL_14941","Giza","Basic",608,30,10,1000,1,"Medium Risk",0,0,5
"EG_WAL_12845","Cairo","Basic",697,30,22,0,0,"Low Risk",0,0,9
"EG_WAL_11378","Cairo","Basic",416,30,13,1000,0,"Low Risk",0,0,6
"EG_WAL_14291","Cairo","Merchant",395,30,19,5000,0,"Low Risk",0,0,8
"EG_WAL_12939","Cairo","Basic",359,30,20,5000,0,"Low Risk",0,0,9
"EG_WAL_10358","Asyut","Verified_Tier1",174,30,16,2500,0,"Low Risk",0,0,7
"EG_WAL_12718","Gharbia","Verified_Tier1",709,30,12,5000,0,"Low Risk",0,0,5
"EG_WAL_12471","Asyut","Verified_Tier1",183,30,19,0,1,"Medium Risk",0,0,9
"EG_WAL_12734","Asyut","Basic",431,30,16,500,0,"Low Risk",0,0,7
"EG_WAL_14828","Cairo","Verified_Tier1",430,30,19,2500,0,"Low Risk",0,0,8
"EG_WAL_12851","Cairo","Verified_Tier1",492,30,12,2500,0,"Low Risk",0,0,5
"EG_WAL_14706","Alexandria","Verified_Tier1",207,30,15,1000,1,"Medium Risk",0,0,6
"EG_WAL_11628","Cairo","Verified_Tier1",266,30,5,2500,1,"Medium Risk",0,0,5
"EG_WAL_11078","Cairo","Verified_Tier1",104,30,16,5000,0,"Low Risk",0,0,7
"EG_WAL_10111","Cairo","Verified_Tier1",86,30,17,500,5,"High Risk",0,0,8
"EG_WAL_12485","Asyut","Verified_Tier1",538,30,18,5000,1,"Medium Risk",0,0,8
"EG_WAL_14060","Cairo","Verified_Tier1",177,30,15,500,0,"Low Risk",0,0,7
"EG_WAL_10271","Gharbia","Basic",428,30,15,5000,0,"Low Risk",0,0,7
"EG_WAL_14800","Cairo","Merchant",697,30,12,2500,0,"Low Risk",0,0,5
"EG_WAL_13336","Asyut","Verified_Tier1",628,30,13,5000,0,"Low Risk",0,0,6
"EG_WAL_10239","Cairo","Basic",285,30,17,500,0,"Low Risk",0,0,7
"EG_WAL_14463","Cairo","Basic",540,30,20,1000,1,"Medium Risk",0,0,9
"EG_WAL_10270","Gharbia","Verified_Tier1",707,30,15,500,1,"Medium Risk",0,0,7
"EG_WAL_13269","Alexandria","Verified_Tier1",521,30,11,500,1,"Medium Risk",0,0,5
"EG_WAL_13242","Giza","Basic",562,30,16,500,0,"Low Risk",0,0,7
"EG_WAL_12881","Gharbia","Basic",298,30,15,500,2,"Medium Risk",0,0,7
"EG_WAL_11467","Giza","Basic",312,30,16,5000,0,"Low Risk",0,0,7
"EG_WAL_10133","Cairo","Basic",242,30,18,500,0,"Low Risk",0,0,8
"EG_WAL_13093","Gharbia","Basic",602,30,15,0,0,"Low Risk",0,0,7
"EG_WAL_13821","Cairo","Basic",687,30,23,500,1,"Medium Risk",0,0,9
"EG_WAL_10895","Cairo","Basic",250,30,11,2500,1,"Medium Risk",0,0,5
"EG_WAL_12725","Cairo","Merchant",449,30,19,5000,0,"Low Risk",0,0,8
"EG_WAL_12827","Cairo","Basic",323,30,18,5000,0,"Low Risk",0,0,8
"EG_WAL_14972","Giza","Verified_Tier1",371,30,10,1000,0,"Low Risk",0,0,5
"EG_WAL_13629","Giza","Basic",632,30,15,5000,0,"Low Risk",0,0,6
"EG_WAL_10879","Cairo","Basic",441,30,15,500,0,"Low Risk",0,0,7
"EG_WAL_10957","Cairo","Basic",423,30,21,1000,1,"Medium Risk",0,0,9
"EG_WAL_14298","Giza","Verified_Tier1",669,30,10,1000,0,"Low Risk",0,0,5
"EG_WAL_12212","Cairo","Basic",167,30,11,500,0,"Low Risk",0,0,5
"EG_WAL_10822","Cairo","Basic",375,30,22,500,0,"Low Risk",0,0,9
"EG_WAL_11381","Cairo","Basic",98,29,14,1000,0,"Low Risk",0,0,6
"EG_WAL_13151","Cairo","Verified_Tier1",435,29,14,0,0,"Low Risk",0,0,6
"EG_WAL_11368","Cairo","Basic",542,29,21,2500,1,"Medium Risk",0,0,9
"EG_WAL_10741","Cairo","Merchant",404,29,17,2500,0,"Low Risk",0,0,8
"EG_WAL_14432","Giza","Verified_Tier1",151,29,19,500,3,"Medium Risk",0,0,9
"EG_WAL_10675","Asyut","Basic",669,29,17,5000,0,"Low Risk",0,0,7
"EG_WAL_11570","Giza","Merchant",448,29,21,2500,0,"Low Risk",0,0,9
"EG_WAL_13534","Cairo","Basic",226,29,30,500,1,"Medium Risk",0,0,9
"EG_WAL_10769","Gharbia","Basic",68,29,13,1000,0,"Low Risk",0,0,6
"EG_WAL_13075","Gharbia","Verified_Tier1",606,29,13,1000,1,"Medium Risk",0,0,6
"EG_WAL_13516","Cairo","Basic",198,29,21,1000,0,"Low Risk",0,0,9
"EG_WAL_14669","Alexandria","Verified_Tier1",201,29,13,5000,0,"Low Risk",0,0,6
"EG_WAL_13262","Giza","Verified_Tier1",52,29,19,2500,3,"Medium Risk",0,0,8
"EG_WAL_14422","Giza","Basic",444,29,13,2500,0,"Low Risk",0,0,6
"EG_WAL_10118","Gharbia","Basic",312,29,22,1000,0,"Low Risk",0,0,9
"EG_WAL_12605","Giza","Verified_Tier1",113,29,17,1000,0,"Low Risk",0,0,8
"EG_WAL_14104","Cairo","Basic",165,29,20,500,1,"Medium Risk",0,0,9
"EG_WAL_13115","Gharbia","Merchant",94,29,17,500,0,"Low Risk",0,0,7
"EG_WAL_12472","Asyut","Verified_Tier1",230,29,22,1000,1,"Medium Risk",0,0,9
"EG_WAL_11786","Giza","Basic",659,29,15,5000,0,"Low Risk",0,0,6
"EG_WAL_13894","Alexandria","Basic",156,29,20,0,0,"Low Risk",0,0,9
"EG_WAL_10759","Alexandria","Basic",253,29,20,5000,0,"Low Risk",0,0,9
"EG_WAL_13391","Gharbia","Merchant",486,29,13,500,0,"Low Risk",0,0,5
"EG_WAL_11374","Cairo","Basic",635,29,13,500,0,"Low Risk",0,0,5
"EG_WAL_13916","Alexandria","Basic",510,29,18,500,0,"Low Risk",0,0,8
"EG_WAL_12151","Cairo","Verified_Tier1",370,29,15,1000,0,"Low Risk",0,0,6
"EG_WAL_12143","Cairo","Basic",589,29,17,0,1,"Medium Risk",0,0,8
"EG_WAL_13158","Gharbia","Basic",673,29,12,2500,0,"Low Risk",0,0,5
"EG_WAL_14472","Cairo","Basic",714,29,15,1000,0,"Low Risk",0,0,7
"EG_WAL_13416","Cairo","Verified_Tier1",558,29,23,500,0,"Low Risk",0,0,9
"EG_WAL_13098","Cairo","Basic",584,29,17,2500,0,"Low Risk",0,0,8
"EG_WAL_11403","Alexandria","Merchant",556,29,16,500,0,"Low Risk",0,0,7
"EG_WAL_14224","Giza","Verified_Tier1",216,29,20,1000,0,"Low Risk",0,0,9
"EG_WAL_14831","Alexandria","Verified_Tier1",416,29,19,0,0,"Low Risk",0,0,8
"EG_WAL_11930","Giza","Basic",530,29,17,500,3,"Medium Risk",0,0,8
"EG_WAL_11783","Giza","Basic",246,29,18,500,0,"Low Risk",0,0,8
"EG_WAL_13076","Asyut","Basic",297,29,23,5000,0,"Low Risk",0,0,9
"EG_WAL_14123","Asyut","Basic",104,29,16,5000,0,"Low Risk",0,0,7
"EG_WAL_10984","Alexandria","Basic",85,29,15,5000,0,"Low Risk",0,0,7
"EG_WAL_14714","Giza","Verified_Tier1",86,29,18,1000,2,"Medium Risk",0,0,8
"EG_WAL_10575","Asyut","Basic",409,29,11,0,0,"Low Risk",0,0,5
"EG_WAL_14931","Cairo","Verified_Tier1",239,29,15,500,0,"Low Risk",0,0,7
"EG_WAL_12054","Gharbia","Verified_Tier1",106,29,18,1000,2,"Medium Risk",0,0,8
"EG_WAL_13941","Gharbia","Basic",474,29,11,1000,0,"Low Risk",0,0,5
"EG_WAL_12802","Asyut","Basic",244,29,15,500,0,"Low Risk",0,0,7
"EG_WAL_14539","Cairo","Basic",106,29,23,1000,2,"Medium Risk",0,0,9
"EG_WAL_14287","Giza","Basic",194,29,11,500,0,"Low Risk",0,0,5
"EG_WAL_12003","Cairo","Basic",158,29,11,1000,0,"Low Risk",0,0,5
"EG_WAL_13430","Giza","Verified_Tier1",440,29,18,1000,0,"Low Risk",0,0,8
"EG_WAL_14601","Alexandria","Verified_Tier1",569,29,18,1000,0,"Low Risk",0,0,8
"EG_WAL_13998","Giza","Verified_Tier1",467,29,15,1000,3,"Medium Risk",0,0,7
"EG_WAL_10182","Asyut","Basic",137,29,11,0,1,"Medium Risk",0,0,5
"EG_WAL_11262","Cairo","Basic",680,29,20,1000,0,"Low Risk",0,0,9
"EG_WAL_11035","Alexandria","Verified_Tier1",524,29,18,2500,0,"Low Risk",0,0,8
"EG_WAL_13346","Cairo","Basic",692,29,11,5000,0,"Low Risk",0,0,5
"EG_WAL_13758","Giza","Basic",544,29,15,500,0,"Low Risk",0,0,7
"EG_WAL_14412","Alexandria","Verified_Tier1",647,29,16,1000,0,"Low Risk",0,0,7
"EG_WAL_12668","Alexandria","Basic",346,29,18,5000,0,"Low Risk",0,0,8
"EG_WAL_13408","Cairo","Basic",550,29,16,1000,0,"Low Risk",0,0,7
"EG_WAL_11657","Cairo","Basic",438,29,25,500,0,"Low Risk",0,0,9
"EG_WAL_12606","Cairo","Basic",172,29,16,1000,0,"Low Risk",0,0,7
"EG_WAL_13399","Giza","Verified_Tier1",446,29,9,0,0,"Low Risk",0,0,5
"EG_WAL_11821","Cairo","Basic",468,29,21,1000,0,"Low Risk",0,0,9
"EG_WAL_10682","Cairo","Basic",213,29,16,2500,2,"Medium Risk",0,0,7
"EG_WAL_13302","Giza","Basic",90,29,18,1000,1,"Medium Risk",0,0,8
"EG_WAL_11790","Cairo","Verified_Tier1",247,29,14,5000,0,"Low Risk",0,0,6
"EG_WAL_14220","Cairo","Basic",469,29,16,2500,0,"Low Risk",0,0,7
"EG_WAL_12580","Cairo","Basic",537,28,13,2500,0,"Low Risk",0,0,5
"EG_WAL_11648","Alexandria","Basic",505,28,17,1000,0,"Low Risk",0,0,8
"EG_WAL_14689","Asyut","Verified_Tier1",420,28,19,1000,0,"Low Risk",0,0,8
"EG_WAL_12953","Giza","Verified_Tier1",706,28,26,0,1,"Medium Risk",0,0,9
"EG_WAL_10846","Cairo","Verified_Tier1",203,28,16,2500,0,"Low Risk",0,0,7
"EG_WAL_10225","Cairo","Basic",490,28,15,500,0,"Low Risk",0,0,7
"EG_WAL_12849","Cairo","Basic",96,28,20,1000,0,"Low Risk",0,0,9
"EG_WAL_12310","Giza","Basic",482,28,33,2500,0,"Low Risk",0,0,9
"EG_WAL_10318","Cairo","Basic",228,28,18,500,0,"Low Risk",0,0,8
"EG_WAL_12129","Giza","Verified_Tier1",587,28,17,1000,0,"Low Risk",0,0,8
"EG_WAL_10583","Cairo","Verified_Tier1",225,28,15,1000,0,"Low Risk",0,0,6
"EG_WAL_13497","Gharbia","Basic",260,28,12,2500,1,"Medium Risk",0,0,5
"EG_WAL_11404","Alexandria","Verified_Tier1",354,28,15,1000,0,"Low Risk",0,0,6
"EG_WAL_11620","Giza","Verified_Tier1",71,28,13,1000,1,"Medium Risk",0,0,6
"EG_WAL_14775","Gharbia","Verified_Tier1",646,28,22,500,1,"Medium Risk",0,0,9
"EG_WAL_14330","Cairo","Basic",338,28,17,1000,0,"Low Risk",0,0,8
"EG_WAL_12097","Giza","Verified_Tier1",705,28,19,0,1,"Medium Risk",0,0,8
"EG_WAL_11883","Alexandria","Basic",664,28,13,500,3,"Medium Risk",0,0,6
"EG_WAL_11801","Alexandria","Basic",51,28,19,1000,0,"Low Risk",0,0,8
"EG_WAL_11116","Cairo","Verified_Tier1",459,28,13,2500,0,"Low Risk",0,0,6
"EG_WAL_14201","Cairo","Verified_Tier1",162,28,13,500,0,"Low Risk",0,0,6
"EG_WAL_11845","Cairo","Verified_Tier1",362,28,14,0,1,"Medium Risk",0,0,6
"EG_WAL_14341","Cairo","Basic",347,28,16,5000,0,"Low Risk",0,0,7
"EG_WAL_12582","Giza","Basic",234,28,10,2500,0,"Low Risk",0,0,5
"EG_WAL_14827","Cairo","Verified_Tier1",550,28,19,0,0,"Low Risk",0,0,8
"EG_WAL_12086","Cairo","Basic",495,28,19,500,0,"Low Risk",0,0,8
"EG_WAL_10787","Giza","Merchant",367,28,14,500,1,"Medium Risk",0,0,6
"EG_WAL_12763","Giza","Basic",659,28,20,0,1,"Medium Risk",0,0,9
"EG_WAL_12554","Cairo","Verified_Tier1",48,28,10,1000,1,"Medium Risk",0,0,5
"EG_WAL_13344","Giza","Basic",499,28,15,1000,0,"Low Risk",0,0,6
"EG_WAL_10850","Cairo","Verified_Tier1",658,28,16,500,1,"Medium Risk",0,0,7
"EG_WAL_12907","Cairo","Basic",567,28,17,1000,1,"Medium Risk",0,0,8
"EG_WAL_14945","Asyut","Basic",615,28,17,5000,0,"Low Risk",0,0,8
"EG_WAL_11223","Asyut","Basic",475,28,18,500,0,"Low Risk",0,0,8
"EG_WAL_10517","Gharbia","Verified_Tier1",462,28,7,500,0,"Low Risk",0,0,5
"EG_WAL_11437","Alexandria","Basic",475,28,18,1000,0,"Low Risk",0,0,8
"EG_WAL_13213","Alexandria","Verified_Tier1",413,28,20,2500,1,"Medium Risk",0,0,9
"EG_WAL_13992","Alexandria","Basic",590,28,12,1000,0,"Low Risk",0,0,5
"EG_WAL_11500","Giza","Basic",317,28,23,1000,0,"Low Risk",0,0,9
"EG_WAL_11509","Alexandria","Verified_Tier1",115,28,18,1000,1,"Medium Risk",0,0,8
"EG_WAL_10334","Cairo","Basic",396,28,24,1000,1,"Medium Risk",0,0,9
"EG_WAL_11501","Giza","Verified_Tier1",657,28,21,5000,0,"Low Risk",0,0,9
"EG_WAL_10152","Cairo","Verified_Tier1",223,28,14,5000,0,"Low Risk",0,0,6
"EG_WAL_10750","Cairo","Basic",548,28,21,0,1,"Medium Risk",0,0,9
"EG_WAL_10481","Alexandria","Basic",495,28,19,2500,1,"Medium Risk",0,0,8
"EG_WAL_14929","Asyut","Basic",116,28,17,500,0,"Low Risk",0,0,8
"EG_WAL_10190","Cairo","Basic",117,28,16,500,0,"Low Risk",0,0,7
"EG_WAL_13230","Giza","Basic",264,28,21,1000,0,"Low Risk",0,0,9
"EG_WAL_14200","Gharbia","Basic",371,28,20,1000,1,"Medium Risk",0,0,9
"EG_WAL_12479","Alexandria","Verified_Tier1",355,28,12,5000,0,"Low Risk",0,0,5
"EG_WAL_11077","Alexandria","Verified_Tier1",260,28,12,1000,0,"Low Risk",0,0,5
"EG_WAL_14350","Alexandria","Basic",273,28,19,5000,0,"Low Risk",0,0,8
"EG_WAL_11110","Gharbia","Basic",672,28,18,0,0,"Low Risk",0,0,8
"EG_WAL_12663","Alexandria","Basic",549,28,9,5000,1,"Medium Risk",0,0,5
"EG_WAL_11679","Alexandria","Basic",619,28,10,1000,3,"Medium Risk",0,0,5
"EG_WAL_11853","Gharbia","Basic",697,28,18,5000,0,"Low Risk",0,0,8
"EG_WAL_11568","Giza","Verified_Tier1",662,28,17,1000,0,"Low Risk",0,0,8
"EG_WAL_14538","Cairo","Verified_Tier1",221,28,17,2500,0,"Low Risk",0,0,7
"EG_WAL_11928","Giza","Verified_Tier1",423,27,13,2500,0,"Low Risk",0,0,6
"EG_WAL_13251","Cairo","Basic",97,27,16,500,0,"Low Risk",0,0,7
"EG_WAL_12164","Giza","Basic",184,27,14,2500,1,"Medium Risk",0,0,6
"EG_WAL_10784","Cairo","Merchant",632,27,15,2500,0,"Low Risk",0,0,7
"EG_WAL_13133","Giza","Basic",189,27,16,500,0,"Low Risk",0,0,7
"EG_WAL_13072","Cairo","Basic",462,27,15,2500,0,"Low Risk",0,0,7
"EG_WAL_13082","Cairo","Verified_Tier1",519,27,15,1000,2,"Medium Risk",0,0,7
"EG_WAL_10448","Cairo","Basic",668,27,12,5000,0,"Low Risk",0,0,5
"EG_WAL_11780","Cairo","Basic",41,27,20,5000,1,"Medium Risk",0,0,9
"EG_WAL_10221","Giza","Basic",266,27,15,1000,1,"Medium Risk",0,0,7
"EG_WAL_14500","Giza","Verified_Tier1",502,27,15,1000,0,"Low Risk",0,0,7
"EG_WAL_13124","Alexandria","Basic",568,27,12,500,0,"Low Risk",0,0,5
"EG_WAL_10457","Giza","Verified_Tier1",400,27,15,2500,0,"Low Risk",0,0,7
"EG_WAL_12332","Giza","Verified_Tier1",673,27,7,1000,0,"Low Risk",0,0,5
"EG_WAL_10381","Alexandria","Basic",326,27,16,2500,0,"Low Risk",0,0,7
"EG_WAL_12861","Cairo","Basic",197,27,12,2500,0,"Low Risk",0,0,5
"EG_WAL_10764","Cairo","Basic",605,27,17,500,1,"Medium Risk",0,0,8
"EG_WAL_13853","Asyut","Basic",676,27,16,0,0,"Low Risk",0,0,7
"EG_WAL_14520","Gharbia","Basic",639,27,16,2500,0,"Low Risk",0,0,7
"EG_WAL_12856","Cairo","Basic",410,27,12,500,1,"Medium Risk",0,0,5
"EG_WAL_14570","Giza","Basic",579,27,15,1000,0,"Low Risk",0,0,6
"EG_WAL_12225","Giza","Merchant",635,27,22,1000,0,"Low Risk",0,0,9
"EG_WAL_10827","Cairo","Basic",613,27,14,2500,0,"Low Risk",0,0,6
"EG_WAL_12017","Gharbia","Verified_Tier1",254,27,12,0,1,"Medium Risk",0,0,5
"EG_WAL_11209","Asyut","Verified_Tier1",580,27,15,500,0,"Low Risk",0,0,6
"EG_WAL_14743","Asyut","Basic",346,27,13,2500,0,"Low Risk",0,0,6
"EG_WAL_13500","Cairo","Verified_Tier1",454,27,15,5000,1,"Medium Risk",0,0,6
"EG_WAL_13622","Cairo","Merchant",510,27,18,2500,0,"Low Risk",0,0,8
"EG_WAL_11038","Cairo","Basic",240,27,22,1000,2,"Medium Risk",0,0,9
"EG_WAL_14034","Cairo","Verified_Tier1",302,27,13,500,0,"Low Risk",0,0,6
"EG_WAL_14769","Cairo","Basic",556,27,25,2500,2,"Medium Risk",0,0,9
"EG_WAL_12189","Alexandria","Verified_Tier1",680,27,22,500,1,"Medium Risk",0,0,9
"EG_WAL_13741","Gharbia","Verified_Tier1",713,27,15,5000,2,"Medium Risk",0,0,6
"EG_WAL_11828","Alexandria","Verified_Tier1",159,27,13,1000,0,"Low Risk",0,0,6
"EG_WAL_10988","Cairo","Merchant",65,27,19,5000,0,"Low Risk",0,0,8
"EG_WAL_10990","Alexandria","Verified_Tier1",621,27,9,0,1,"Medium Risk",0,0,5
"EG_WAL_13100","Cairo","Verified_Tier1",591,27,18,2500,0,"Low Risk",0,0,8
"EG_WAL_11676","Cairo","Verified_Tier1",70,27,9,2500,0,"Low Risk",0,0,5
"EG_WAL_10753","Cairo","Verified_Tier1",594,27,13,0,0,"Low Risk",0,0,6
"EG_WAL_14260","Cairo","Basic",370,27,18,2500,1,"Medium Risk",0,0,8
"EG_WAL_12756","Giza","Basic",472,27,13,500,0,"Low Risk",0,0,6
"EG_WAL_14645","Alexandria","Verified_Tier1",412,27,19,500,0,"Low Risk",0,0,8
"EG_WAL_14692","Cairo","Merchant",336,27,21,1000,0,"Low Risk",0,0,9
"EG_WAL_14202","Cairo","Verified_Tier1",472,27,14,500,0,"Low Risk",0,0,6
"EG_WAL_10886","Alexandria","Basic",534,27,8,5000,1,"Medium Risk",0,0,5
"EG_WAL_10059","Cairo","Basic",359,27,18,0,0,"Low Risk",0,0,8
"EG_WAL_13684","Alexandria","Verified_Tier1",208,27,28,1000,1,"Medium Risk",0,0,9
"EG_WAL_14738","Cairo","Verified_Tier1",322,27,21,5000,0,"Low Risk",0,0,9
"EG_WAL_12249","Cairo","Verified_Tier1",340,27,14,2500,3,"Medium Risk",0,0,6
"EG_WAL_10354","Cairo","Basic",180,27,14,2500,0,"Low Risk",0,0,6
"EG_WAL_10483","Giza","Verified_Tier1",110,27,14,1000,1,"Medium Risk",0,0,6
"EG_WAL_12477","Alexandria","Basic",474,27,29,0,0,"Low Risk",0,0,9
"EG_WAL_12686","Cairo","Basic",612,27,19,2500,0,"Low Risk",0,0,8
"EG_WAL_13624","Cairo","Verified_Tier1",106,27,11,0,0,"Low Risk",0,0,5
"EG_WAL_12674","Gharbia","Basic",524,27,15,5000,0,"Low Risk",0,0,7
"EG_WAL_14760","Giza","Basic",172,27,19,5000,0,"Low Risk",0,0,8
"EG_WAL_10981","Alexandria","Basic",362,27,11,500,0,"Low Risk",0,0,5
"EG_WAL_14149","Alexandria","Verified_Tier1",360,27,16,2500,0,"Low Risk",0,0,7
"EG_WAL_14461","Giza","Merchant",199,27,19,0,0,"Low Risk",0,0,9
"EG_WAL_14656","Gharbia","Verified_Tier1",634,27,12,500,0,"Low Risk",0,0,5
"EG_WAL_12119","Gharbia","Basic",416,27,20,500,0,"Low Risk",0,0,9
"EG_WAL_12569","Asyut","Verified_Tier1",716,27,15,0,1,"Medium Risk",0,0,7
"EG_WAL_12146","Giza","Basic",185,26,11,0,1,"Medium Risk",0,0,5
"EG_WAL_11541","Cairo","Basic",168,26,29,0,0,"Low Risk",0,0,9
"EG_WAL_11454","Cairo","Basic",251,26,15,500,5,"High Risk",0,0,6
"EG_WAL_13572","Gharbia","Verified_Tier1",571,26,14,2500,1,"Medium Risk",0,0,6
"EG_WAL_10736","Cairo","Basic",697,26,18,500,0,"Low Risk",0,0,8
"EG_WAL_14312","Cairo","Verified_Tier1",538,26,23,5000,0,"Low Risk",0,0,9
"EG_WAL_12962","Cairo","Basic",643,26,11,2500,0,"Low Risk",0,0,5
"EG_WAL_11906","Asyut","Basic",425,26,17,500,0,"Low Risk",0,0,8
"EG_WAL_11585","Cairo","Basic",266,26,12,5000,0,"Low Risk",0,0,5
"EG_WAL_14339","Cairo","Basic",213,26,14,500,1,"Medium Risk",0,0,6
"EG_WAL_12737","Giza","Verified_Tier1",258,26,14,0,1,"Medium Risk",0,0,6
"EG_WAL_14646","Alexandria","Basic",184,26,15,5000,0,"Low Risk",0,0,6
"EG_WAL_12819","Cairo","Verified_Tier1",606,26,15,1000,1,"Medium Risk",0,0,7
"EG_WAL_14083","Alexandria","Basic",143,26,14,500,0,"Low Risk",0,0,6
"EG_WAL_12794","Giza","Verified_Tier1",391,26,12,5000,0,"Low Risk",0,0,5
"EG_WAL_10701","Cairo","Verified_Tier1",355,26,13,5000,0,"Low Risk",0,0,6
"EG_WAL_10539","Cairo","Basic",523,26,19,2500,0,"Low Risk",0,0,8
"EG_WAL_13020","Cairo","Verified_Tier1",94,26,15,5000,0,"Low Risk",0,0,7
"EG_WAL_10906","Gharbia","Basic",628,26,15,5000,1,"Medium Risk",0,0,7
"EG_WAL_10666","Cairo","Verified_Tier1",42,26,16,2500,0,"Low Risk",0,0,7
"EG_WAL_10168","Cairo","Basic",86,26,15,1000,0,"Low Risk",0,0,7
"EG_WAL_12540","Alexandria","Verified_Tier1",49,26,17,0,1,"Medium Risk",0,0,8
"EG_WAL_14594","Giza","Verified_Tier1",237,26,19,5000,2,"Medium Risk",0,0,8
"EG_WAL_11139","Giza","Basic",412,26,14,500,0,"Low Risk",0,0,6
"EG_WAL_13669","Giza","Verified_Tier1",166,26,15,2500,0,"Low Risk",0,0,6
"EG_WAL_11875","Giza","Verified_Tier1",411,26,13,0,0,"Low Risk",0,0,6
"EG_WAL_11840","Cairo","Basic",169,26,21,2500,0,"Low Risk",0,0,9
"EG_WAL_14488","Alexandria","Basic",145,26,17,2500,0,"Low Risk",0,0,7
"EG_WAL_14903","Cairo","Basic",601,26,20,5000,1,"Medium Risk",0,0,9
"EG_WAL_12367","Giza","Basic",611,26,17,500,0,"Low Risk",0,0,7
"EG_WAL_10352","Alexandria","Verified_Tier1",113,26,19,5000,0,"Low Risk",0,0,8
"EG_WAL_11652","Cairo","Basic",515,26,15,2500,0,"Low Risk",0,0,6
"EG_WAL_11551","Giza","Basic",441,26,13,5000,0,"Low Risk",0,0,6
"EG_WAL_13908","Giza","Basic",30,26,17,2500,0,"Low Risk",0,0,7
"EG_WAL_12075","Gharbia","Verified_Tier1",222,26,25,1000,0,"Low Risk",0,0,9
"EG_WAL_13077","Cairo","Basic",98,26,16,1000,0,"Low Risk",0,0,7
"EG_WAL_10866","Cairo","Basic",635,26,17,1000,0,"Low Risk",0,0,7
"EG_WAL_11642","Giza","Verified_Tier1",470,26,13,1000,0,"Low Risk",0,0,6
"EG_WAL_12027","Asyut","Verified_Tier1",564,26,21,1000,1,"Medium Risk",0,0,9
"EG_WAL_11346","Cairo","Verified_Tier1",406,26,13,5000,0,"Low Risk",0,0,6
"EG_WAL_13226","Cairo","Verified_Tier1",591,26,14,1000,0,"Low Risk",0,0,6
"EG_WAL_13550","Gharbia","Verified_Tier1",230,26,18,0,0,"Low Risk",0,0,8
"EG_WAL_12511","Gharbia","Verified_Tier1",445,26,16,500,0,"Low Risk",0,0,7
"EG_WAL_13848","Alexandria","Verified_Tier1",164,26,14,2500,0,"Low Risk",0,0,6
"EG_WAL_14995","Gharbia","Basic",589,26,24,2500,1,"Medium Risk",0,0,9
"EG_WAL_13966","Cairo","Basic",237,26,12,5000,1,"Medium Risk",0,0,5
"EG_WAL_11773","Asyut","Basic",268,26,18,1000,0,"Low Risk",0,0,8
"EG_WAL_13480","Cairo","Basic",621,26,14,5000,0,"Low Risk",0,0,6
"EG_WAL_10864","Giza","Basic",634,26,13,500,1,"Medium Risk",0,0,6
"EG_WAL_10636","Giza","Basic",85,26,21,500,2,"Medium Risk",0,0,9
"EG_WAL_12062","Gharbia","Basic",355,26,10,1000,0,"Low Risk",0,0,5
"EG_WAL_11207","Giza","Basic",146,26,14,500,0,"Low Risk",0,0,6
"EG_WAL_13927","Alexandria","Basic",709,26,19,500,0,"Low Risk",0,0,8
"EG_WAL_12048","Giza","Verified_Tier1",618,26,16,0,0,"Low Risk",0,0,7
"EG_WAL_10035","Gharbia","Verified_Tier1",555,25,21,0,0,"Low Risk",0,0,9
"EG_WAL_11923","Cairo","Basic",685,25,7,1000,0,"Low Risk",0,0,5
"EG_WAL_12179","Giza","Basic",275,25,7,2500,0,"Low Risk",0,0,5
"EG_WAL_10269","Cairo","Verified_Tier1",684,25,7,1000,0,"Low Risk",0,0,5
"EG_WAL_11426","Cairo","Basic",308,25,8,1000,1,"Medium Risk",0,0,5
"EG_WAL_14345","Cairo","Verified_Tier1",322,25,9,1000,1,"Medium Risk",0,0,5
"EG_WAL_14316","Alexandria","Basic",300,25,10,5000,0,"Low Risk",0,0,5
"EG_WAL_12181","Cairo","Merchant",222,25,10,500,0,"Low Risk",0,0,5
"EG_WAL_12222","Cairo","Basic",113,25,11,1000,0,"Low Risk",0,0,5
"EG_WAL_11049","Cairo","Basic",418,25,11,500,0,"Low Risk",0,0,5
"EG_WAL_13032","Alexandria","Verified_Tier1",269,25,12,5000,0,"Low Risk",0,0,5
"EG_WAL_12986","Cairo","Verified_Tier1",651,25,12,1000,0,"Low Risk",0,0,5
"EG_WAL_11266","Cairo","Merchant",158,25,13,5000,2,"Medium Risk",0,0,6
"EG_WAL_13809","Cairo","Merchant",430,25,13,1000,2,"Medium Risk",0,0,6
"EG_WAL_12204","Alexandria","Verified_Tier1",444,25,13,500,0,"Low Risk",0,0,6
"EG_WAL_10348","Cairo","Verified_Tier1",498,25,14,1000,0,"Low Risk",0,0,6
"EG_WAL_10363","Giza","Verified_Tier1",74,25,14,0,1,"Medium Risk",0,0,6
"EG_WAL_10518","Asyut","Basic",138,25,14,1000,0,"Low Risk",0,0,6
"EG_WAL_12109","Asyut","Basic",85,25,14,2500,0,"Low Risk",0,0,6
"EG_WAL_13783","Gharbia","Basic",474,25,14,5000,0,"Low Risk",0,0,6
"EG_WAL_11428","Giza","Verified_Tier1",215,25,15,5000,1,"Medium Risk",0,0,6
"EG_WAL_12088","Gharbia","Basic",430,25,15,1000,0,"Low Risk",0,0,6
"EG_WAL_14460","Giza","Basic",427,25,15,2500,0,"Low Risk",0,0,7
"EG_WAL_12468","Giza","Basic",305,25,15,1000,0,"Low Risk",0,0,7
"EG_WAL_10884","Alexandria","Verified_Tier1",402,25,15,2500,0,"Low Risk",0,0,7
"EG_WAL_10419","Alexandria","Basic",124,25,15,500,0,"Low Risk",0,0,7
"EG_WAL_12419","Cairo","Basic",680,25,16,500,0,"Low Risk",0,0,7
"EG_WAL_10249","Gharbia","Basic",644,25,16,1000,1,"Medium Risk",0,0,7
"EG_WAL_13205","Gharbia","Basic",207,25,16,1000,1,"Medium Risk",0,0,7
"EG_WAL_14232","Cairo","Verified_Tier1",200,25,16,500,0,"Low Risk",0,0,7
"EG_WAL_10117","Cairo","Verified_Tier1",327,25,16,5000,0,"Low Risk",0,0,7
"EG_WAL_14175","Asyut","Verified_Tier1",432,25,16,500,0,"Low Risk",0,0,7
"EG_WAL_11655","Asyut","Basic",393,25,16,1000,1,"Medium Risk",0,0,7
"EG_WAL_13536","Cairo","Basic",52,25,16,1000,1,"Medium Risk",0,0,7
"EG_WAL_11556","Giza","Basic",44,25,16,1000,0,"Low Risk",0,0,7
"EG_WAL_13254","Cairo","Verified_Tier1",657,25,16,2500,1,"Medium Risk",0,0,7
"EG_WAL_12187","Alexandria","Basic",580,25,17,0,1,"Medium Risk",0,0,7
"EG_WAL_14657","Giza","Basic",307,25,17,5000,0,"Low Risk",0,0,7
"EG_WAL_10654","Giza","Verified_Tier1",563,25,17,1000,0,"Low Risk",0,0,7
"EG_WAL_12253","Gharbia","Basic",467,25,17,2500,0,"Low Risk",0,0,8
"EG_WAL_12643","Giza","Basic",587,25,17,2500,0,"Low Risk",0,0,8
"EG_WAL_12142","Alexandria","Basic",635,25,17,500,0,"Low Risk",0,0,8
"EG_WAL_11238","Asyut","Basic",262,25,17,1000,1,"Medium Risk",0,0,8
"EG_WAL_11531","Giza","Verified_Tier1",273,25,17,1000,0,"Low Risk",0,0,8
"EG_WAL_12644","Cairo","Basic",93,25,18,1000,0,"Low Risk",0,0,8
"EG_WAL_13044","Alexandria","Verified_Tier1",716,25,18,2500,0,"Low Risk",0,0,8
"EG_WAL_13454","Asyut","Basic",221,25,18,2500,0,"Low Risk",0,0,8
"EG_WAL_14256","Asyut","Verified_Tier1",670,25,18,500,0,"Low Risk",0,0,8
"EG_WAL_14393","Cairo","Basic",528,25,18,5000,0,"Low Risk",0,0,8
"EG_WAL_14591","Cairo","Basic",34,25,18,5000,1,"Medium Risk",0,0,8
"EG_WAL_13742","Alexandria","Merchant",460,25,19,500,0,"Low Risk",0,0,8
"EG_WAL_13275","Gharbia","Verified_Tier1",630,25,19,2500,1,"Medium Risk",0,0,8
"EG_WAL_14629","Giza","Basic",556,25,19,0,0,"Low Risk",0,0,8
"EG_WAL_10324","Asyut","Basic",268,25,19,2500,0,"Low Risk",0,0,8
"EG_WAL_14435","Cairo","Basic",630,25,19,1000,0,"Low Risk",0,0,9
"EG_WAL_10652","Giza","Basic",200,25,20,1000,1,"Medium Risk",0,0,9
"EG_WAL_10508","Asyut","Basic",281,25,20,5000,0,"Low Risk",0,0,9
"EG_WAL_10382","Giza","Verified_Tier1",260,25,20,2500,0,"Low Risk",0,0,9
"EG_WAL_12295","Cairo","Basic",385,25,21,0,0,"Low Risk",0,0,9
"EG_WAL_12604","Cairo","Basic",397,25,22,500,2,"Medium Risk",0,0,9
"EG_WAL_10644","Cairo","Basic",291,25,23,1000,1,"Medium Risk",0,0,9
"EG_WAL_14364","Cairo","Verified_Tier1",681,25,23,1000,0,"Low Risk",0,0,9
"EG_WAL_13660","Giza","Verified_Tier1",579,25,24,5000,0,"Low Risk",0,0,9
"EG_WAL_10173","Cairo","Basic",211,25,26,500,1,"Medium Risk",0,0,9
"EG_WAL_11724","Alexandria","Verified_Tier1",539,24,13,1000,0,"Low Risk",0,0,5
"EG_WAL_10855","Cairo","Basic",400,24,8,5000,0,"Low Risk",0,0,5
"EG_WAL_13247","Giza","Verified_Tier1",654,24,11,2500,0,"Low Risk",0,0,5
"EG_WAL_11615","Alexandria","Basic",703,24,17,1000,1,"Medium Risk",0,0,7
"EG_WAL_10322","Alexandria","Merchant",276,24,11,1000,0,"Low Risk",0,0,5
"EG_WAL_12955","Alexandria","Merchant",549,24,17,2500,1,"Medium Risk",0,0,7
"EG_WAL_11089","Cairo","Basic",342,24,16,5000,2,"Medium Risk",0,0,7
"EG_WAL_13799","Giza","Basic",189,24,13,1000,1,"Medium Risk",0,0,6
"EG_WAL_11710","Cairo","Verified_Tier1",265,24,21,1000,0,"Low Risk",0,0,9
"EG_WAL_12459","Giza","Basic",587,24,14,0,0,"Low Risk",0,0,6
"EG_WAL_14267","Cairo","Basic",423,24,21,2500,0,"Low Risk",0,0,9
"EG_WAL_12706","Cairo","Verified_Tier1",429,24,8,2500,1,"Medium Risk",0,0,5
"EG_WAL_12637","Alexandria","Basic",633,24,14,500,1,"Medium Risk",0,0,6
"EG_WAL_13206","Gharbia","Basic",271,24,14,500,1,"Medium Risk",0,0,6
"EG_WAL_11952","Giza","Basic",63,24,13,5000,0,"Low Risk",0,0,6
"EG_WAL_13398","Cairo","Basic",232,24,14,2500,1,"Medium Risk",0,0,6
"EG_WAL_10613","Cairo","Basic",548,24,13,1000,0,"Low Risk",0,0,5
"EG_WAL_13793","Alexandria","Basic",576,24,14,5000,3,"Medium Risk",0,0,6
"EG_WAL_11493","Cairo","Verified_Tier1",471,24,18,500,1,"Medium Risk",0,0,8
"EG_WAL_14730","Cairo","Basic",545,24,18,500,0,"Low Risk",0,0,8
"EG_WAL_12064","Cairo","Basic",698,24,18,2500,0,"Low Risk",0,0,8
"EG_WAL_13803","Asyut","Basic",195,24,14,0,0,"Low Risk",0,0,6
"EG_WAL_11326","Cairo","Verified_Tier1",331,24,12,2500,0,"Low Risk",0,0,5
"EG_WAL_14244","Giza","Basic",644,24,14,500,1,"Medium Risk",0,0,6
"EG_WAL_10491","Giza","Basic",225,24,17,500,0,"Low Risk",0,0,8
"EG_WAL_13808","Cairo","Verified_Tier1",349,24,17,500,1,"Medium Risk",0,0,8
"EG_WAL_14586","Cairo","Basic",664,24,14,0,0,"Low Risk",0,0,6
"EG_WAL_11876","Giza","Basic",696,24,12,2500,2,"Medium Risk",0,0,5
"EG_WAL_14449","Alexandria","Verified_Tier1",402,24,13,2500,0,"Low Risk",0,0,6
"EG_WAL_13919","Gharbia","Verified_Tier1",445,24,22,1000,0,"Low Risk",0,0,9
"EG_WAL_13096","Asyut","Basic",463,24,17,2500,0,"Low Risk",0,0,8
"EG_WAL_10985","Giza","Verified_Tier1",576,24,12,0,1,"Medium Risk",0,0,5
"EG_WAL_14217","Giza","Basic",407,24,9,0,1,"Medium Risk",0,0,5
"EG_WAL_13448","Giza","Basic",48,24,15,1000,0,"Low Risk",0,0,6
"EG_WAL_12112","Cairo","Merchant",75,24,15,500,1,"Medium Risk",0,0,6
"EG_WAL_14173","Giza","Basic",196,24,20,5000,1,"Medium Risk",0,0,9
"EG_WAL_13496","Gharbia","Verified_Tier1",175,24,12,1000,1,"Medium Risk",0,0,5
"EG_WAL_10080","Gharbia","Basic",555,24,17,5000,0,"Low Risk",0,0,8
"EG_WAL_11455","Asyut","Basic",412,24,20,5000,0,"Low Risk",0,0,9
"EG_WAL_10248","Asyut","Verified_Tier1",255,24,12,500,2,"Medium Risk",0,0,5
"EG_WAL_10975","Cairo","Basic",673,24,17,1000,0,"Low Risk",0,0,8
"EG_WAL_14818","Gharbia","Verified_Tier1",441,24,19,5000,2,"Medium Risk",0,0,8
"EG_WAL_14621","Alexandria","Basic",206,24,12,5000,2,"Medium Risk",0,0,5
"EG_WAL_11536","Cairo","Verified_Tier1",631,24,12,5000,0,"Low Risk",0,0,5
"EG_WAL_11717","Alexandria","Verified_Tier1",133,24,12,2500,0,"Low Risk",0,0,5
"EG_WAL_11731","Giza","Basic",116,24,12,2500,1,"Medium Risk",0,0,5
"EG_WAL_12469","Giza","Basic",207,24,30,0,1,"Medium Risk",0,0,9
"EG_WAL_12537","Cairo","Verified_Tier1",710,24,17,500,0,"Low Risk",0,0,8
"EG_WAL_14010","Cairo","Basic",220,24,10,2500,0,"Low Risk",0,0,5
"EG_WAL_11030","Cairo","Verified_Tier1",543,24,16,500,0,"Low Risk",0,0,7
"EG_WAL_12613","Alexandria","Basic",332,24,16,0,0,"Low Risk",0,0,7
"EG_WAL_12092","Cairo","Verified_Tier1",627,24,17,1000,0,"Low Risk",0,0,7
"EG_WAL_13920","Asyut","Basic",80,24,16,1000,0,"Low Risk",0,0,7
"EG_WAL_13879","Cairo","Basic",270,24,10,1000,0,"Low Risk",0,0,5
"EG_WAL_12815","Alexandria","Verified_Tier1",614,24,16,2500,0,"Low Risk",0,0,7
"EG_WAL_12352","Giza","Basic",646,24,21,1000,0,"Low Risk",0,0,9
"EG_WAL_14388","Cairo","Verified_Tier1",676,24,11,500,0,"Low Risk",0,0,5
"EG_WAL_10069","Asyut","Basic",680,24,17,5000,0,"Low Risk",0,0,7
"EG_WAL_13502","Asyut","Basic",466,24,16,1000,1,"Medium Risk",0,0,7
"EG_WAL_14829","Giza","Basic",403,23,19,5000,0,"Low Risk",0,0,8
"EG_WAL_13526","Asyut","Basic",68,23,17,2500,0,"Low Risk",0,0,8
"EG_WAL_10971","Asyut","Basic",205,23,17,5000,0,"Low Risk",0,0,8
"EG_WAL_10992","Cairo","Basic",606,23,15,2500,0,"Low Risk",0,0,7
"EG_WAL_14727","Gharbia","Verified_Tier1",55,23,9,500,0,"Low Risk",0,0,5
"EG_WAL_10658","Giza","Basic",256,23,15,0,0,"Low Risk",0,0,6
"EG_WAL_14281","Alexandria","Basic",445,23,12,500,0,"Low Risk",0,0,5
"EG_WAL_14347","Giza","Basic",476,23,11,2500,0,"Low Risk",0,0,5
"EG_WAL_12478","Cairo","Basic",474,23,15,2500,2,"Medium Risk",0,0,7
"EG_WAL_10123","Cairo","Basic",54,23,21,0,0,"Low Risk",0,0,9
"EG_WAL_10197","Gharbia","Verified_Tier1",573,23,17,2500,1,"Medium Risk",0,0,7
"EG_WAL_11754","Asyut","Verified_Tier1",377,23,15,1000,0,"Low Risk",0,0,6
"EG_WAL_11033","Cairo","Verified_Tier1",88,23,13,5000,1,"Medium Risk",0,0,6
"EG_WAL_14277","Cairo","Verified_Tier1",302,23,22,1000,2,"Medium Risk",0,0,9
"EG_WAL_11265","Cairo","Basic",481,23,16,1000,0,"Low Risk",0,0,7
"EG_WAL_12903","Giza","Verified_Tier1",419,23,12,500,1,"Medium Risk",0,0,5
"EG_WAL_12698","Alexandria","Verified_Tier1",358,23,10,2500,1,"Medium Risk",0,0,5
"EG_WAL_11584","Asyut","Basic",41,23,17,500,0,"Low Risk",0,0,7
"EG_WAL_14397","Cairo","Verified_Tier1",554,23,21,1000,0,"Low Risk",0,0,9
"EG_WAL_12300","Gharbia","Verified_Tier1",179,23,17,5000,1,"Medium Risk",0,0,8
"EG_WAL_12925","Asyut","Verified_Tier1",567,23,18,5000,1,"Medium Risk",0,0,8
"EG_WAL_10219","Gharbia","Basic",250,23,21,500,2,"Medium Risk",0,0,9
"EG_WAL_13462","Giza","Basic",126,23,13,500,0,"Low Risk",0,0,5
"EG_WAL_13335","Alexandria","Verified_Tier1",496,23,27,1000,0,"Low Risk",0,0,9
"EG_WAL_14362","Alexandria","Basic",600,23,18,500,0,"Low Risk",0,0,8
"EG_WAL_11771","Alexandria","Basic",94,23,16,500,0,"Low Risk",0,0,7
"EG_WAL_10429","Cairo","Basic",515,23,13,1000,1,"Medium Risk",0,0,6
"EG_WAL_13357","Cairo","Verified_Tier1",150,23,21,0,1,"Medium Risk",0,0,9
"EG_WAL_14265","Giza","Basic",112,23,22,5000,1,"Medium Risk",0,0,9
"EG_WAL_11486","Cairo","Basic",663,23,13,5000,0,"Low Risk",0,0,6
"EG_WAL_13018","Cairo","Basic",236,23,17,1000,0,"Low Risk",0,0,7
"EG_WAL_12521","Cairo","Verified_Tier1",450,23,13,1000,0,"Low Risk",0,0,6
"EG_WAL_11198","Alexandria","Basic",718,23,17,5000,3,"Medium Risk",0,0,8
"EG_WAL_14957","Giza","Verified_Tier1",335,23,13,500,0,"Low Risk",0,0,6
"EG_WAL_12308","Cairo","Verified_Tier1",36,23,18,500,0,"Low Risk",0,0,8
"EG_WAL_14441","Gharbia","Verified_Tier1",516,23,17,1000,2,"Medium Risk",0,0,7
"EG_WAL_14042","Giza","Basic",671,23,17,2500,1,"Medium Risk",0,0,7
"EG_WAL_12550","Cairo","Verified_Tier1",239,23,23,2500,1,"Medium Risk",0,0,9
"EG_WAL_12093","Giza","Basic",538,23,20,5000,0,"Low Risk",0,0,9
"EG_WAL_12766","Giza","Basic",173,23,25,500,2,"Medium Risk",0,0,9
"EG_WAL_10506","Asyut","Verified_Tier1",364,23,11,1000,0,"Low Risk",0,0,5
"EG_WAL_11366","Alexandria","Verified_Tier1",710,23,16,0,2,"Medium Risk",0,0,7
"EG_WAL_13639","Cairo","Basic",252,23,11,5000,0,"Low Risk",0,0,5
"EG_WAL_11685","Gharbia","Basic",365,23,17,2500,0,"Low Risk",0,0,8
"EG_WAL_14036","Asyut","Verified_Tier1",278,23,10,2500,0,"Low Risk",0,0,5
"EG_WAL_13870","Cairo","Basic",512,23,15,500,0,"Low Risk",0,0,7
"EG_WAL_13643","Giza","Basic",532,23,21,500,0,"Low Risk",0,0,9
"EG_WAL_12053","Asyut","Basic",643,23,23,500,0,"Low Risk",0,0,9
"EG_WAL_13781","Cairo","Basic",88,23,17,1000,0,"Low Risk",0,0,8
"EG_WAL_12207","Gharbia","Basic",85,23,13,5000,0,"Low Risk",0,0,6
"EG_WAL_10581","Asyut","Basic",151,23,26,1000,0,"Low Risk",0,0,9
"EG_WAL_13713","Giza","Basic",660,23,16,500,1,"Medium Risk",0,0,7
"EG_WAL_12032","Giza","Basic",382,23,13,1000,0,"Low Risk",0,0,6
"EG_WAL_13880","Giza","Verified_Tier1",192,23,18,5000,2,"Medium Risk",0,0,8
"EG_WAL_11329","Giza","Basic",98,23,13,1000,0,"Low Risk",0,0,5
"EG_WAL_11336","Cairo","Basic",702,23,9,5000,0,"Low Risk",0,0,5
"EG_WAL_10020","Giza","Basic",322,23,20,5000,0,"Low Risk",0,0,9
"EG_WAL_10559","Giza","Verified_Tier1",433,23,17,1000,1,"Medium Risk",0,0,8
"EG_WAL_12077","Giza","Basic",559,23,20,500,0,"Low Risk",0,0,9
"EG_WAL_11170","Giza","Basic",293,23,12,2500,0,"Low Risk",0,0,5
"EG_WAL_14008","Alexandria","Verified_Tier1",423,23,21,500,0,"Low Risk",0,0,9
"EG_WAL_12248","Giza","Basic",53,23,7,1000,3,"Medium Risk",0,0,5
"EG_WAL_14028","Alexandria","Basic",241,23,24,5000,0,"Low Risk",0,0,9
"EG_WAL_13685","Giza","Basic",463,23,19,1000,1,"Medium Risk",0,0,8
"EG_WAL_13045","Alexandria","Verified_Tier1",669,22,14,5000,0,"Low Risk",0,0,6
"EG_WAL_10597","Cairo","Verified_Tier1",585,22,14,1000,0,"Low Risk",0,0,6
"EG_WAL_13326","Gharbia","Basic",501,22,14,1000,0,"Low Risk",0,0,6
"EG_WAL_14249","Asyut","Basic",472,22,18,5000,0,"Low Risk",0,0,8
"EG_WAL_11234","Alexandria","Basic",484,22,18,0,3,"Medium Risk",0,0,8
"EG_WAL_10722","Cairo","Basic",508,22,14,2500,2,"Medium Risk",0,0,6
"EG_WAL_10075","Alexandria","Verified_Tier1",141,22,9,5000,0,"Low Risk",0,0,5
"EG_WAL_11785","Gharbia","Basic",475,22,21,2500,0,"Low Risk",0,0,9
"EG_WAL_14097","Cairo","Merchant",598,22,14,500,0,"Low Risk",0,0,6
"EG_WAL_14165","Cairo","Verified_Tier1",557,22,11,0,1,"Medium Risk",0,0,5
"EG_WAL_14638","Alexandria","Verified_Tier1",581,22,14,500,0,"Low Risk",0,0,6
"EG_WAL_12334","Cairo","Basic",673,22,10,2500,1,"Medium Risk",0,0,5
"EG_WAL_12079","Alexandria","Basic",121,22,12,1000,0,"Low Risk",0,0,5
"EG_WAL_14848","Alexandria","Merchant",343,22,15,5000,2,"Medium Risk",0,0,6
"EG_WAL_14872","Cairo","Verified_Tier1",260,22,20,1000,0,"Low Risk",0,0,9
"EG_WAL_13518","Cairo","Verified_Tier1",406,22,15,500,0,"Low Risk",0,0,6
"EG_WAL_10088","Gharbia","Basic",245,22,12,500,0,"Low Risk",0,0,5
"EG_WAL_12057","Giza","Basic",539,22,15,5000,0,"Low Risk",0,0,6
"EG_WAL_11600","Cairo","Basic",312,22,15,2500,0,"Low Risk",0,0,6
"EG_WAL_12110","Cairo","Basic",257,22,15,2500,2,"Medium Risk",0,0,6
"EG_WAL_11529","Giza","Verified_Tier1",113,22,15,2500,1,"Medium Risk",0,0,6
"EG_WAL_13092","Cairo","Merchant",449,22,19,5000,0,"Low Risk",0,0,8
"EG_WAL_12162","Cairo","Basic",584,22,11,2500,0,"Low Risk",0,0,5
"EG_WAL_12612","Cairo","Verified_Tier1",682,22,20,5000,0,"Low Risk",0,0,9
"EG_WAL_12547","Giza","Basic",711,22,15,0,0,"Low Risk",0,0,7
"EG_WAL_14313","Gharbia","Basic",575,22,15,1000,0,"Low Risk",0,0,7
"EG_WAL_12688","Giza","Verified_Tier1",86,22,15,2500,0,"Low Risk",0,0,7
"EG_WAL_10923","Alexandria","Basic",433,22,15,2500,0,"Low Risk",0,0,7
"EG_WAL_11814","Cairo","Verified_Tier1",269,22,21,2500,0,"Low Risk",0,0,9
"EG_WAL_11669","Gharbia","Basic",319,22,17,2500,0,"Low Risk",0,0,8
"EG_WAL_14146","Cairo","Basic",250,22,15,5000,1,"Medium Risk",0,0,7
"EG_WAL_13474","Gharbia","Basic",62,22,16,5000,1,"Medium Risk",0,0,7
"EG_WAL_11480","Gharbia","Verified_Tier1",492,22,11,5000,0,"Low Risk",0,0,5
"EG_WAL_14359","Cairo","Basic",597,22,17,1000,0,"Low Risk",0,0,8
"EG_WAL_10473","Gharbia","Basic",312,22,15,5000,1,"Medium Risk",0,0,7
"EG_WAL_13403","Cairo","Basic",114,22,17,2500,0,"Low Risk",0,0,8
"EG_WAL_10433","Cairo","Basic",661,22,17,500,0,"Low Risk",0,0,7
"EG_WAL_12264","Giza","Basic",324,22,10,1000,0,"Low Risk",0,0,5
"EG_WAL_12900","Cairo","Basic",688,22,11,5000,0,"Low Risk",0,0,5
"EG_WAL_13005","Gharbia","Basic",572,22,16,500,1,"Medium Risk",0,0,7
"EG_WAL_11733","Giza","Verified_Tier1",228,22,11,2500,0,"Low Risk",0,0,5
"EG_WAL_14251","Cairo","Verified_Tier1",569,22,19,5000,3,"Medium Risk",0,0,8
"EG_WAL_10241","Asyut","Basic",550,22,16,1000,0,"Low Risk",0,0,7
"EG_WAL_12324","Gharbia","Basic",607,22,24,2500,0,"Low Risk",0,0,9
"EG_WAL_12026","Alexandria","Basic",682,22,13,5000,3,"Medium Risk",0,0,6
"EG_WAL_13196","Asyut","Verified_Tier1",224,22,13,0,0,"Low Risk",0,0,6
"EG_WAL_14467","Cairo","Basic",558,22,13,500,0,"Low Risk",0,0,6
"EG_WAL_11100","Cairo","Basic",678,22,13,1000,0,"Low Risk",0,0,6
"EG_WAL_11459","Alexandria","Verified_Tier1",45,22,14,500,0,"Low Risk",0,0,6
"EG_WAL_11528","Gharbia","Basic",159,22,14,1000,3,"Medium Risk",0,0,6
"EG_WAL_10016","Cairo","Merchant",416,22,13,2500,0,"Low Risk",0,0,6
"EG_WAL_11643","Giza","Basic",322,22,13,5000,0,"Low Risk",0,0,6
"EG_WAL_13008","Alexandria","Basic",471,22,17,500,0,"Low Risk",0,0,7
"EG_WAL_12541","Alexandria","Basic",268,22,14,2500,1,"Medium Risk",0,0,6
"EG_WAL_12721","Alexandria","Verified_Tier1",651,22,14,500,0,"Low Risk",0,0,6
"EG_WAL_11026","Gharbia","Verified_Tier1",102,22,18,0,0,"Low Risk",0,0,8
"EG_WAL_11208","Cairo","Basic",173,21,11,500,1,"Medium Risk",0,0,5
"EG_WAL_12049","Cairo","Basic",622,21,17,2500,0,"Low Risk",0,0,8
"EG_WAL_13878","Giza","Basic",130,21,14,2500,0,"Low Risk",0,0,6
"EG_WAL_10856","Cairo","Verified_Tier1",477,21,24,1000,0,"Low Risk",0,0,9
"EG_WAL_14177","Gharbia","Basic",141,21,17,5000,0,"Low Risk",0,0,7
"EG_WAL_10385","Gharbia","Basic",551,21,20,500,0,"Low Risk",0,0,9
"EG_WAL_14117","Giza","Basic",472,21,18,2500,0,"Low Risk",0,0,8
"EG_WAL_10235","Alexandria","Verified_Tier1",438,21,23,0,0,"Low Risk",0,0,9
"EG_WAL_14169","Cairo","Basic",651,21,25,500,2,"Medium Risk",0,0,9
"EG_WAL_12050","Giza","Verified_Tier1",434,21,14,1000,0,"Low Risk",0,0,6
"EG_WAL_12610","Gharbia","Verified_Tier1",187,21,18,500,3,"Medium Risk",0,0,8
"EG_WAL_14661","Giza","Verified_Tier1",499,21,17,5000,0,"Low Risk",0,0,7
"EG_WAL_12029","Alexandria","Verified_Tier1",258,21,13,2500,0,"Low Risk",0,0,6
"EG_WAL_11087","Cairo","Basic",599,21,14,500,0,"Low Risk",0,0,6
"EG_WAL_13670","Cairo","Verified_Tier1",365,21,14,2500,3,"Medium Risk",0,0,6
"EG_WAL_12911","Cairo","Basic",102,21,16,0,0,"Low Risk",0,0,7
"EG_WAL_13543","Cairo","Verified_Tier1",639,21,11,2500,0,"Low Risk",0,0,5
"EG_WAL_13180","Cairo","Basic",678,21,26,500,1,"Medium Risk",0,0,9
"EG_WAL_14543","Cairo","Basic",267,21,14,500,1,"Medium Risk",0,0,6
"EG_WAL_10420","Alexandria","Verified_Tier1",291,21,21,500,0,"Low Risk",0,0,9
"EG_WAL_12255","Giza","Basic",365,21,9,0,0,"Low Risk",0,0,5
"EG_WAL_10586","Cairo","Basic",508,21,15,5000,0,"Low Risk",0,0,6
"EG_WAL_14078","Alexandria","Verified_Tier1",41,21,17,500,1,"Medium Risk",0,0,8
"EG_WAL_10885","Cairo","Basic",254,21,13,1000,0,"Low Risk",0,0,6
"EG_WAL_14813","Giza","Basic",134,21,20,1000,0,"Low Risk",0,0,9
"EG_WAL_14006","Cairo","Basic",497,21,15,2500,1,"Medium Risk",0,0,7
"EG_WAL_12456","Giza","Basic",82,21,17,2500,2,"Medium Risk",0,0,7
"EG_WAL_13279","Alexandria","Merchant",417,21,20,2500,0,"Low Risk",0,0,9
"EG_WAL_14540","Cairo","Verified_Tier1",310,21,12,500,0,"Low Risk",0,0,5
"EG_WAL_11903","Cairo","Basic",108,21,15,500,0,"Low Risk",0,0,7
"EG_WAL_10603","Cairo","Verified_Tier1",544,21,26,2500,0,"Low Risk",0,0,9
"EG_WAL_12820","Asyut","Basic",46,21,19,5000,0,"Low Risk",0,0,8
"EG_WAL_13747","Giza","Basic",240,21,17,1000,0,"Low Risk",0,0,8
"EG_WAL_12290","Giza","Verified_Tier1",590,21,21,0,4,"High Risk",0,0,9
"EG_WAL_11303","Giza","Verified_Tier1",466,21,16,5000,0,"Low Risk",0,0,7
"EG_WAL_14290","Giza","Verified_Tier1",375,21,23,1000,0,"Low Risk",0,0,9
"EG_WAL_12656","Gharbia","Basic",62,21,16,2500,0,"Low Risk",0,0,7
"EG_WAL_11375","Gharbia","Basic",290,21,15,500,1,"Medium Risk",0,0,7
"EG_WAL_10402","Giza","Basic",474,21,23,1000,0,"Low Risk",0,0,9
"EG_WAL_13060","Cairo","Basic",54,21,21,1000,0,"Low Risk",0,0,9
"EG_WAL_14718","Giza","Basic",354,21,17,500,0,"Low Risk",0,0,7
"EG_WAL_13116","Alexandria","Verified_Tier1",117,21,16,500,0,"Low Risk",0,0,7
"EG_WAL_12620","Alexandria","Basic",32,21,24,500,0,"Low Risk",0,0,9
"EG_WAL_14555","Giza","Basic",466,21,20,1000,1,"Medium Risk",0,0,9
"EG_WAL_10317","Cairo","Basic",88,21,15,5000,1,"Medium Risk",0,0,7
"EG_WAL_13438","Asyut","Basic",60,21,6,5000,0,"Low Risk",0,0,5
"EG_WAL_14458","Giza","Basic",283,21,9,5000,2,"Medium Risk",0,0,5
"EG_WAL_14475","Giza","Basic",402,21,12,2500,0,"Low Risk",0,0,5
"EG_WAL_14895","Cairo","Merchant",161,21,18,2500,0,"Low Risk",0,0,8
"EG_WAL_11284","Cairo","Basic",58,21,20,2500,1,"Medium Risk",0,0,9
"EG_WAL_12825","Gharbia","Basic",239,21,22,1000,0,"Low Risk",0,0,9
"EG_WAL_12232","Asyut","Basic",242,21,16,2500,0,"Low Risk",0,0,7
"EG_WAL_10678","Asyut","Verified_Tier1",288,20,15,0,0,"Low Risk",0,0,6
"EG_WAL_13491","Giza","Verified_Tier1",367,20,10,5000,2,"Medium Risk",0,0,5
"EG_WAL_12778","Giza","Merchant",250,20,21,2500,0,"Low Risk",0,0,9
"EG_WAL_13606","Gharbia","Verified_Tier1",388,20,20,1000,0,"Low Risk",0,0,9
"EG_WAL_11152","Alexandria","Verified_Tier1",227,20,21,0,0,"Low Risk",0,0,9
"EG_WAL_10048","Giza","Basic",426,20,13,2500,0,"Low Risk",0,0,6
"EG_WAL_10874","Cairo","Basic",371,20,15,2500,1,"Medium Risk",0,0,7
"EG_WAL_13975","Asyut","Basic",669,20,9,1000,0,"Low Risk",0,0,5
"EG_WAL_13782","Cairo","Verified_Tier1",382,20,17,2500,0,"Low Risk",0,0,8
"EG_WAL_14019","Cairo","Verified_Tier1",543,20,19,2500,0,"Low Risk",0,0,8
"EG_WAL_14346","Alexandria","Merchant",514,20,16,2500,1,"Medium Risk",0,0,7
"EG_WAL_13469","Cairo","Verified_Tier1",302,20,18,5000,0,"Low Risk",0,0,8
"EG_WAL_13984","Gharbia","Verified_Tier1",695,20,15,1000,0,"Low Risk",0,0,7
"EG_WAL_13938","Cairo","Verified_Tier1",156,20,9,2500,0,"Low Risk",0,0,5
"EG_WAL_13325","Alexandria","Verified_Tier1",679,20,13,2500,1,"Medium Risk",0,0,6
"EG_WAL_13202","Cairo","Verified_Tier1",645,20,15,2500,0,"Low Risk",0,0,7
"EG_WAL_10323","Cairo","Basic",411,20,17,500,2,"Medium Risk",0,0,8
"EG_WAL_10542","Cairo","Basic",208,20,13,2500,1,"Medium Risk",0,0,6
"EG_WAL_14917","Cairo","Basic",503,20,17,5000,0,"Low Risk",0,0,8
"EG_WAL_11228","Asyut","Basic",567,20,17,2500,0,"Low Risk",0,0,8
"EG_WAL_14074","Alexandria","Basic",562,20,17,5000,0,"Low Risk",0,0,8
"EG_WAL_10022","Cairo","Basic",300,20,14,500,2,"Medium Risk",0,0,6
"EG_WAL_11611","Alexandria","Basic",342,20,8,1000,0,"Low Risk",0,0,5
"EG_WAL_11169","Cairo","Basic",571,20,18,2500,0,"Low Risk",0,0,8
"EG_WAL_13175","Cairo","Basic",450,20,14,1000,0,"Low Risk",0,0,6
"EG_WAL_11490","Cairo","Verified_Tier1",302,20,16,5000,0,"Low Risk",0,0,7
"EG_WAL_12893","Alexandria","Verified_Tier1",254,20,16,1000,0,"Low Risk",0,0,7
"EG_WAL_13648","Giza","Basic",56,20,17,1000,1,"Medium Risk",0,0,8
"EG_WAL_13706","Alexandria","Basic",367,20,18,2500,0,"Low Risk",0,0,8
"EG_WAL_13483","Asyut","Basic",467,20,24,2500,0,"Low Risk",0,0,9
"EG_WAL_12666","Cairo","Verified_Tier1",205,20,19,1000,0,"Low Risk",0,0,8
"EG_WAL_13293","Giza","Verified_Tier1",70,20,17,500,0,"Low Risk",0,0,7
"EG_WAL_14454","Gharbia","Verified_Tier1",521,20,22,500,0,"Low Risk",0,0,9
"EG_WAL_13330","Giza","Verified_Tier1",618,20,11,1000,0,"Low Risk",0,0,5
"EG_WAL_14485","Alexandria","Basic",427,20,13,1000,0,"Low Risk",0,0,6
"EG_WAL_14569","Gharbia","Basic",521,20,9,500,0,"Low Risk",0,0,5
"EG_WAL_10890","Alexandria","Basic",632,20,10,1000,0,"Low Risk",0,0,5
"EG_WAL_11373","Giza","Basic",361,20,17,5000,0,"Low Risk",0,0,8
"EG_WAL_10956","Giza","Basic",426,20,16,5000,0,"Low Risk",0,0,7
"EG_WAL_13967","Cairo","Basic",479,20,11,500,1,"Medium Risk",0,0,5
"EG_WAL_13168","Alexandria","Merchant",599,20,20,5000,0,"Low Risk",0,0,9
"EG_WAL_12360","Cairo","Verified_Tier1",310,20,15,500,0,"Low Risk",0,0,6
"EG_WAL_10343","Giza","Verified_Tier1",143,20,16,5000,0,"Low Risk",0,0,7
"EG_WAL_11010","Cairo","Basic",710,20,19,500,1,"Medium Risk",0,0,9
"EG_WAL_13259","Gharbia","Basic",615,20,14,5000,0,"Low Risk",0,0,6
"EG_WAL_14242","Alexandria","Basic",204,20,15,500,0,"Low Risk",0,0,7
"EG_WAL_14925","Cairo","Basic",293,20,11,2500,0,"Low Risk",0,0,5
"EG_WAL_11098","Alexandria","Verified_Tier1",610,20,11,1000,0,"Low Risk",0,0,5
"EG_WAL_11142","Alexandria","Basic",100,20,20,1000,0,"Low Risk",0,0,9
"EG_WAL_12202","Giza","Basic",259,20,25,5000,1,"Medium Risk",0,0,9
"EG_WAL_14671","Gharbia","Verified_Tier1",514,20,10,500,0,"Low Risk",0,0,5
"EG_WAL_13942","Cairo","Basic",493,19,11,5000,0,"Low Risk",0,0,5
"EG_WAL_14430","Alexandria","Basic",175,19,13,500,0,"Low Risk",0,0,6
"EG_WAL_12892","Alexandria","Verified_Tier1",112,19,13,0,0,"Low Risk",0,0,6
"EG_WAL_14024","Alexandria","Basic",464,19,28,2500,0,"Low Risk",0,0,9
"EG_WAL_14524","Gharbia","Basic",452,19,18,2500,0,"Low Risk",0,0,8
"EG_WAL_12356","Asyut","Basic",244,19,18,1000,0,"Low Risk",0,0,8
"EG_WAL_13957","Giza","Verified_Tier1",698,19,8,5000,0,"Low Risk",0,0,5
"EG_WAL_11240","Gharbia","Verified_Tier1",530,19,18,2500,0,"Low Risk",0,0,8
"EG_WAL_13288","Asyut","Basic",306,19,17,1000,2,"Medium Risk",0,0,8
"EG_WAL_10632","Giza","Basic",197,19,18,1000,0,"Low Risk",0,0,8
"EG_WAL_13886","Asyut","Basic",410,19,19,500,1,"Medium Risk",0,0,8
"EG_WAL_11186","Alexandria","Verified_Tier1",196,19,19,5000,0,"Low Risk",0,0,8
"EG_WAL_12571","Asyut","Verified_Tier1",677,19,10,1000,2,"Medium Risk",0,0,5
"EG_WAL_10892","Gharbia","Verified_Tier1",631,19,17,1000,2,"Medium Risk",0,0,7
"EG_WAL_10587","Cairo","Basic",281,19,25,500,0,"Low Risk",0,0,9
"EG_WAL_11793","Alexandria","Verified_Tier1",85,19,10,2500,0,"Low Risk",0,0,5
"EG_WAL_10765","Giza","Basic",378,19,17,0,0,"Low Risk",0,0,7
"EG_WAL_12781","Gharbia","Basic",212,19,24,1000,0,"Low Risk",0,0,9
"EG_WAL_10175","Cairo","Verified_Tier1",368,19,17,500,0,"Low Risk",0,0,7
"EG_WAL_12776","Cairo","Basic",493,19,19,5000,0,"Low Risk",0,0,8
"EG_WAL_13537","Cairo","Verified_Tier1",635,19,10,0,0,"Low Risk",0,0,5
"EG_WAL_10543","Alexandria","Verified_Tier1",576,19,18,2500,1,"Medium Risk",0,0,8
"EG_WAL_10819","Cairo","Verified_Tier1",416,19,16,2500,0,"Low Risk",0,0,7
"EG_WAL_10144","Cairo","Verified_Tier1",613,19,16,500,0,"Low Risk",0,0,7
"EG_WAL_14809","Gharbia","Verified_Tier1",590,19,16,5000,0,"Low Risk",0,0,7
"EG_WAL_13131","Gharbia","Verified_Tier1",444,19,11,1000,1,"Medium Risk",0,0,5
"EG_WAL_14105","Alexandria","Basic",225,19,24,1000,0,"Low Risk",0,0,9
"EG_WAL_12585","Giza","Verified_Tier1",545,19,19,1000,3,"Medium Risk",0,0,8
"EG_WAL_10549","Alexandria","Basic",196,19,19,0,0,"Low Risk",0,0,8
"EG_WAL_11741","Alexandria","Basic",331,19,8,5000,0,"Low Risk",0,0,5
"EG_WAL_13299","Gharbia","Basic",570,19,16,2500,1,"Medium Risk",0,0,7
"EG_WAL_10450","Alexandria","Basic",84,19,24,500,1,"Medium Risk",0,0,9
"EG_WAL_12728","Cairo","Verified_Tier1",551,19,16,500,0,"Low Risk",0,0,7
"EG_WAL_13457","Alexandria","Basic",504,19,19,5000,0,"Low Risk",0,0,9
"EG_WAL_13826","Giza","Basic",262,19,16,500,0,"Low Risk",0,0,7
"EG_WAL_14850","Asyut","Basic",491,19,11,1000,0,"Low Risk",0,0,5
"EG_WAL_11994","Alexandria","Verified_Tier1",291,19,23,5000,0,"Low Risk",0,0,9
"EG_WAL_11732","Giza","Basic",448,19,20,5000,1,"Medium Risk",0,0,9
"EG_WAL_12914","Cairo","Basic",619,19,15,5000,0,"Low Risk",0,0,7
"EG_WAL_14481","Giza","Verified_Tier1",137,19,12,500,1,"Medium Risk",0,0,5
"EG_WAL_12754","Asyut","Basic",238,19,15,5000,1,"Medium Risk",0,0,7
"EG_WAL_14846","Asyut","Basic",628,19,20,5000,0,"Low Risk",0,0,9
"EG_WAL_12487","Gharbia","Basic",506,19,15,500,0,"Low Risk",0,0,7
"EG_WAL_12353","Gharbia","Basic",535,19,15,0,0,"Low Risk",0,0,6
"EG_WAL_10137","Alexandria","Basic",258,19,15,500,0,"Low Risk",0,0,6
"EG_WAL_13112","Alexandria","Basic",403,19,12,500,0,"Low Risk",0,0,5
"EG_WAL_13029","Giza","Verified_Tier1",705,19,12,2500,0,"Low Risk",0,0,5
"EG_WAL_10684","Asyut","Verified_Tier1",191,19,20,0,0,"Low Risk",0,0,9
"EG_WAL_13377","Cairo","Verified_Tier1",529,19,15,0,0,"Low Risk",0,0,6
"EG_WAL_14968","Asyut","Basic",382,19,14,0,3,"Medium Risk",0,0,6
"EG_WAL_10005","Cairo","Verified_Tier1",113,19,7,5000,0,"Low Risk",0,0,5
"EG_WAL_12098","Alexandria","Verified_Tier1",35,19,12,5000,0,"Low Risk",0,0,5
"EG_WAL_11852","Gharbia","Basic",682,19,12,2500,0,"Low Risk",0,0,5
"EG_WAL_13637","Cairo","Basic",507,19,14,500,0,"Low Risk",0,0,6
"EG_WAL_10995","Cairo","Basic",336,19,13,5000,0,"Low Risk",0,0,5
"EG_WAL_12974","Cairo","Basic",589,19,21,500,0,"Low Risk",0,0,9
"EG_WAL_12464","Giza","Verified_Tier1",408,19,13,500,4,"High Risk",0,1,6
"EG_WAL_12451","Asyut","Verified_Tier1",30,19,13,500,0,"Low Risk",0,0,6
"EG_WAL_12106","Gharbia","Verified_Tier1",497,19,14,5000,2,"Medium Risk",0,0,6
"EG_WAL_12066","Cairo","Basic",353,19,14,500,0,"Low Risk",0,0,6
"EG_WAL_11637","Cairo","Basic",357,19,14,2500,0,"Low Risk",0,0,6
"EG_WAL_10254","Cairo","Verified_Tier1",619,19,18,2500,0,"Low Risk",0,0,8
"EG_WAL_14234","Cairo","Basic",88,19,22,5000,1,"Medium Risk",0,0,9
"EG_WAL_12103","Alexandria","Basic",630,19,13,500,0,"Low Risk",0,0,6
"EG_WAL_11130","Alexandria","Verified_Tier1",76,18,9,500,0,"Low Risk",0,0,5
"EG_WAL_10226","Asyut","Verified_Tier1",692,18,14,2500,0,"Low Risk",0,0,6
"EG_WAL_11681","Asyut","Verified_Tier1",432,18,15,1000,0,"Low Risk",0,0,7
"EG_WAL_11552","Gharbia","Verified_Tier1",104,18,19,5000,1,"Medium Risk",0,0,8
"EG_WAL_11680","Cairo","Basic",649,18,22,0,0,"Low Risk",0,0,9
"EG_WAL_12190","Cairo","Verified_Tier1",321,18,12,1000,1,"Medium Risk",0,0,5
"EG_WAL_13767","Giza","Basic",454,18,11,1000,0,"Low Risk",0,0,5
"EG_WAL_12413","Cairo","Verified_Tier1",564,18,19,2500,0,"Low Risk",0,0,8
"EG_WAL_13666","Gharbia","Basic",217,18,9,500,0,"Low Risk",0,0,5
"EG_WAL_11401","Cairo","Merchant",618,18,17,0,0,"Low Risk",0,0,8
"EG_WAL_13278","Cairo","Merchant",218,18,20,500,0,"Low Risk",0,0,9
"EG_WAL_10524","Gharbia","Verified_Tier1",132,18,17,2500,0,"Low Risk",0,0,7
"EG_WAL_14358","Giza","Merchant",402,18,24,2500,0,"Low Risk",0,0,9
"EG_WAL_12021","Giza","Basic",64,18,16,2500,1,"Medium Risk",0,0,7
"EG_WAL_10935","Cairo","Basic",75,18,12,0,0,"Low Risk",0,0,5
"EG_WAL_14832","Giza","Basic",524,18,14,500,2,"Medium Risk",0,0,6
"EG_WAL_12636","Asyut","Verified_Tier1",284,18,16,500,0,"Low Risk",0,0,7
"EG_WAL_11384","Alexandria","Basic",190,18,15,1000,0,"Low Risk",0,0,7
"EG_WAL_10344","Cairo","Verified_Tier1",532,18,24,0,1,"Medium Risk",0,0,9
"EG_WAL_12630","Giza","Verified_Tier1",590,18,14,500,2,"Medium Risk",0,0,6
"EG_WAL_10888","Cairo","Verified_Tier1",278,18,15,0,2,"Medium Risk",0,0,7
"EG_WAL_13452","Alexandria","Basic",39,18,17,5000,0,"Low Risk",0,0,8
"EG_WAL_11453","Giza","Basic",474,18,12,1000,1,"Medium Risk",0,0,5
"EG_WAL_13380","Cairo","Verified_Tier1",672,18,9,5000,0,"Low Risk",0,0,5
"EG_WAL_12311","Gharbia","Verified_Tier1",400,18,17,500,0,"Low Risk",0,0,7
"EG_WAL_10792","Giza","Basic",700,18,17,2500,0,"Low Risk",0,0,7
"EG_WAL_13146","Gharbia","Basic",412,18,15,1000,2,"Medium Risk",0,0,7
"EG_WAL_14966","Asyut","Basic",711,18,16,5000,0,"Low Risk",0,0,7
"EG_WAL_12682","Cairo","Verified_Tier1",350,18,19,1000,0,"Low Risk",0,0,8
"EG_WAL_11299","Alexandria","Basic",224,18,10,2500,0,"Low Risk",0,0,5
"EG_WAL_10529","Gharbia","Basic",111,18,15,500,0,"Low Risk",0,0,6
"EG_WAL_13813","Giza","Merchant",279,18,14,5000,1,"Medium Risk",0,0,6
"EG_WAL_13059","Asyut","Basic",67,18,14,5000,4,"High Risk",0,0,6
"EG_WAL_10288","Cairo","Basic",539,18,17,1000,1,"Medium Risk",0,0,8
"EG_WAL_11261","Alexandria","Verified_Tier1",162,18,19,5000,0,"Low Risk",0,0,8
"EG_WAL_10495","Cairo","Basic",693,18,19,5000,0,"Low Risk",0,0,8
"EG_WAL_11961","Giza","Merchant",241,18,19,500,1,"Medium Risk",0,0,8
"EG_WAL_10838","Giza","Verified_Tier1",237,18,12,500,0,"Low Risk",0,0,5
"EG_WAL_12994","Cairo","Basic",654,18,13,500,0,"Low Risk",0,0,6
"EG_WAL_12090","Alexandria","Basic",634,18,16,5000,1,"Medium Risk",0,0,7
"EG_WAL_13899","Gharbia","Verified_Tier1",633,18,27,1000,0,"Low Risk",0,0,9
"EG_WAL_13785","Cairo","Verified_Tier1",136,18,10,0,0,"Low Risk",0,0,5
"EG_WAL_11867","Cairo","Basic",411,18,21,5000,0,"Low Risk",0,0,9
"EG_WAL_14269","Asyut","Verified_Tier1",446,18,17,0,0,"Low Risk",0,0,8
"EG_WAL_11831","Giza","Basic",122,18,19,2500,0,"Low Risk",0,0,8
"EG_WAL_13929","Cairo","Basic",497,18,16,1000,1,"Medium Risk",0,0,7
"EG_WAL_13389","Alexandria","Verified_Tier1",510,18,19,500,1,"Medium Risk",0,0,8
"EG_WAL_12398","Giza","Verified_Tier1",372,18,15,2500,1,"Medium Risk",0,0,7
"EG_WAL_14836","Cairo","Verified_Tier1",357,18,19,2500,0,"Low Risk",0,0,9
"EG_WAL_13214","Cairo","Verified_Tier1",420,18,17,500,0,"Low Risk",0,0,8
"EG_WAL_11085","Giza","Basic",284,18,21,500,1,"Medium Risk",0,0,9
"EG_WAL_14958","Cairo","Basic",57,18,16,1000,4,"High Risk",0,0,7
"EG_WAL_13863","Cairo","Basic",273,18,15,2500,1,"Medium Risk",0,0,7
"EG_WAL_12972","Alexandria","Verified_Tier1",511,18,19,1000,1,"Medium Risk",0,0,8
"EG_WAL_14462","Asyut","Basic",719,18,14,500,1,"Medium Risk",0,0,6
"EG_WAL_11572","Alexandria","Basic",690,18,18,1000,0,"Low Risk",0,0,8
"EG_WAL_11900","Giza","Verified_Tier1",473,17,21,5000,0,"Low Risk",0,0,9
"EG_WAL_11932","Giza","Basic",611,17,23,5000,0,"Low Risk",0,0,9
"EG_WAL_14219","Cairo","Verified_Tier1",220,17,19,0,0,"Low Risk",0,0,8
"EG_WAL_10688","Alexandria","Basic",266,17,15,2500,0,"Low Risk",0,0,6
"EG_WAL_13365","Giza","Basic",190,17,19,2500,1,"Medium Risk",0,0,8
"EG_WAL_13985","Asyut","Basic",322,17,14,5000,1,"Medium Risk",0,0,6
"EG_WAL_10390","Asyut","Basic",421,17,19,1000,0,"Low Risk",0,0,8
"EG_WAL_14942","Gharbia","Verified_Tier1",164,17,16,5000,0,"Low Risk",0,0,7
"EG_WAL_13542","Cairo","Merchant",582,17,22,2500,0,"Low Risk",0,0,9
"EG_WAL_14065","Cairo","Basic",90,17,16,5000,0,"Low Risk",0,0,7
"EG_WAL_14351","Giza","Basic",449,17,20,1000,0,"Low Risk",0,0,10
"EG_WAL_14047","Giza","Basic",704,17,16,500,0,"Low Risk",0,0,8
"EG_WAL_14221","Giza","Basic",216,17,14,500,0,"Low Risk",0,0,7
"EG_WAL_13732","Giza","Basic",130,17,17,500,1,"Medium Risk",0,0,8
"EG_WAL_13607","Cairo","Basic",360,17,20,5000,0,"Low Risk",0,0,10
"EG_WAL_10487","Cairo","Basic",458,17,21,5000,0,"Low Risk",0,0,10
"EG_WAL_10713","Giza","Verified_Tier1",81,17,17,2500,1,"Medium Risk",0,0,9
"EG_WAL_14839","Cairo","Basic",349,17,22,5000,0,"Low Risk",0,0,10
"EG_WAL_13950","Cairo","Basic",469,17,20,2500,0,"Low Risk",0,0,10
"EG_WAL_13135","Giza","Merchant",210,17,13,2500,0,"Low Risk",0,0,7
"EG_WAL_11333","Asyut","Verified_Tier1",98,17,13,2500,0,"Low Risk",0,0,7
"EG_WAL_10630","Alexandria","Basic",288,17,15,5000,0,"Low Risk",0,0,7
"EG_WAL_12639","Alexandria","Verified_Tier1",635,17,13,5000,1,"Medium Risk",0,0,7
"EG_WAL_12403","Cairo","Merchant",574,17,13,1000,0,"Low Risk",0,0,7
"EG_WAL_12628","Giza","Basic",206,17,17,5000,2,"Medium Risk",0,0,9
"EG_WAL_10712","Giza","Basic",78,17,18,5000,0,"Low Risk",0,0,9
"EG_WAL_12275","Giza","Basic",55,17,14,500,0,"Low Risk",0,0,7
"EG_WAL_11569","Giza","Basic",400,17,10,5000,0,"Low Risk",0,0,6
"EG_WAL_13109","Giza","Basic",177,17,19,2500,1,"Medium Risk",0,0,9
"EG_WAL_12389","Alexandria","Verified_Tier1",668,17,14,5000,0,"Low Risk",0,0,7
"EG_WAL_13056","Giza","Basic",286,17,18,2500,0,"Low Risk",0,0,9
"EG_WAL_14354","Giza","Verified_Tier1",302,17,15,2500,0,"Low Risk",0,0,8
"EG_WAL_14150","Cairo","Basic",373,17,15,0,0,"Low Risk",0,0,8
"EG_WAL_14305","Cairo","Basic",311,17,11,2500,0,"Low Risk",0,0,6
"EG_WAL_12579","Giza","Verified_Tier1",465,17,14,2500,1,"Medium Risk",0,0,7
"EG_WAL_13888","Giza","Basic",192,17,18,1000,0,"Low Risk",0,0,9
"EG_WAL_11610","Gharbia","Basic",585,17,17,0,0,"Low Risk",0,0,8
"EG_WAL_13390","Cairo","Basic",437,17,15,500,0,"Low Risk",0,0,7
"EG_WAL_13294","Asyut","Verified_Tier1",151,17,18,0,0,"Low Risk",0,0,9
"EG_WAL_12683","Cairo","Merchant",598,17,11,500,0,"Low Risk",0,0,6
"EG_WAL_12837","Cairo","Basic",164,17,21,500,1,"Medium Risk",0,0,10
"EG_WAL_14988","Alexandria","Basic",115,17,16,5000,0,"Low Risk",0,0,8
"EG_WAL_13086","Giza","Verified_Tier1",345,17,11,2500,0,"Low Risk",0,0,6
"EG_WAL_11003","Alexandria","Basic",705,17,13,5000,0,"Low Risk",0,0,7
"EG_WAL_14185","Giza","Basic",353,17,15,5000,0,"Low Risk",0,0,8
"EG_WAL_13348","Cairo","Verified_Tier1",637,17,14,2500,0,"Low Risk",0,0,7
"EG_WAL_11861","Alexandria","Basic",91,17,13,5000,0,"Low Risk",0,0,7
"EG_WAL_11160","Gharbia","Verified_Tier1",129,17,18,2500,1,"Medium Risk",0,0,9
"EG_WAL_13875","Giza","Basic",236,17,15,1000,1,"Medium Risk",0,0,8
"EG_WAL_10994","Cairo","Verified_Tier1",669,17,17,5000,0,"Low Risk",0,0,9
"EG_WAL_11005","Alexandria","Verified_Tier1",321,17,12,5000,0,"Low Risk",0,0,6
"EG_WAL_11522","Cairo","Basic",706,17,18,500,0,"Low Risk",0,0,9
"EG_WAL_11195","Gharbia","Verified_Tier1",101,17,18,500,1,"Medium Risk",0,0,9
"EG_WAL_13895","Gharbia","Verified_Tier1",272,16,20,2500,1,"Medium Risk",0,0,10
"EG_WAL_11032","Cairo","Verified_Tier1",267,16,20,2500,0,"Low Risk",0,0,10
"EG_WAL_12782","Asyut","Verified_Tier1",428,16,23,0,0,"Low Risk",0,0,10
"EG_WAL_10331","Alexandria","Merchant",409,16,9,500,1,"Medium Risk",0,0,6
"EG_WAL_13583","Gharbia","Basic",317,16,20,500,3,"Medium Risk",0,0,10
"EG_WAL_11150","Alexandria","Basic",437,16,23,1000,3,"Medium Risk",0,0,10
"EG_WAL_14605","Gharbia","Verified_Tier1",504,16,17,500,0,"Low Risk",0,0,8
"EG_WAL_11838","Asyut","Basic",305,16,16,1000,0,"Low Risk",0,0,8
"EG_WAL_14050","Asyut","Basic",532,16,13,2500,1,"Medium Risk",0,0,7
"EG_WAL_10813","Asyut","Merchant",705,16,11,500,2,"Medium Risk",0,0,6
"EG_WAL_14148","Alexandria","Basic",439,16,19,2500,2,"Medium Risk",0,0,9
"EG_WAL_11749","Cairo","Basic",331,16,14,2500,0,"Low Risk",0,0,7
"EG_WAL_11292","Giza","Verified_Tier1",93,16,16,2500,0,"Low Risk",0,0,8
"EG_WAL_10489","Gharbia","Verified_Tier1",699,16,13,1000,0,"Low Risk",0,0,7
"EG_WAL_12123","Giza","Basic",95,16,11,5000,1,"Medium Risk",0,0,6
"EG_WAL_11069","Cairo","Verified_Tier1",661,16,8,1000,0,"Low Risk",0,0,6
"EG_WAL_12627","Alexandria","Basic",88,16,21,2500,0,"Low Risk",0,0,10
"EG_WAL_13443","Asyut","Basic",573,16,16,1000,1,"Medium Risk",0,0,8
"EG_WAL_12454","Giza","Basic",335,16,24,1000,0,"Low Risk",0,0,10
"EG_WAL_12482","Asyut","Basic",388,16,13,2500,0,"Low Risk",0,0,7
"EG_WAL_11636","Cairo","Basic",315,16,11,5000,0,"Low Risk",0,0,6
"EG_WAL_11753","Cairo","Verified_Tier1",248,16,13,5000,2,"Medium Risk",0,0,7
"EG_WAL_14183","Cairo","Basic",68,16,19,2500,0,"Low Risk",0,0,9
"EG_WAL_13261","Giza","Verified_Tier1",213,16,14,1000,0,"Low Risk",0,0,7
"EG_WAL_14783","Cairo","Basic",676,16,8,500,0,"Low Risk",0,0,6
"EG_WAL_14284","Giza","Verified_Tier1",509,16,13,0,0,"Low Risk",0,0,7
"EG_WAL_12176","Cairo","Basic",80,16,18,2500,0,"Low Risk",0,0,9
"EG_WAL_10416","Cairo","Basic",407,16,11,2500,0,"Low Risk",0,0,6
"EG_WAL_11976","Cairo","Verified_Tier1",701,16,16,500,0,"Low Risk",0,0,8
"EG_WAL_10264","Gharbia","Verified_Tier1",130,16,23,2500,1,"Medium Risk",0,0,10
"EG_WAL_11396","Giza","Verified_Tier1",678,16,18,2500,1,"Medium Risk",0,0,9
"EG_WAL_14096","Cairo","Basic",54,16,14,5000,0,"Low Risk",0,0,7
"EG_WAL_10183","Gharbia","Basic",697,16,20,1000,0,"Low Risk",0,0,10
"EG_WAL_14158","Asyut","Basic",697,16,14,5000,1,"Medium Risk",0,0,7
"EG_WAL_12498","Asyut","Basic",567,16,16,5000,0,"Low Risk",0,0,8
"EG_WAL_11181","Cairo","Verified_Tier1",55,16,24,2500,1,"Medium Risk",0,0,10
"EG_WAL_14673","Cairo","Basic",491,16,14,500,1,"Medium Risk",0,0,7
"EG_WAL_11809","Cairo","Basic",36,16,13,1000,0,"Low Risk",0,0,7
"EG_WAL_10727","Alexandria","Basic",717,16,17,500,0,"Low Risk",0,0,9
"EG_WAL_12423","Giza","Basic",349,16,16,5000,0,"Low Risk",0,0,8
"EG_WAL_11807","Cairo","Verified_Tier1",132,16,11,2500,0,"Low Risk",0,0,6
"EG_WAL_11394","Cairo","Basic",285,16,15,1000,1,"Medium Risk",0,0,8
"EG_WAL_10544","Giza","Basic",623,16,17,5000,0,"Low Risk",0,0,9
"EG_WAL_14716","Giza","Basic",128,16,12,5000,0,"Low Risk",0,0,6
"EG_WAL_12395","Cairo","Merchant",217,16,20,1000,0,"Low Risk",0,0,10
"EG_WAL_12611","Cairo","Basic",475,16,12,500,0,"Low Risk",0,0,6
"EG_WAL_10140","Asyut","Verified_Tier1",464,16,16,0,0,"Low Risk",0,0,8
"EG_WAL_14417","Cairo","Verified_Tier1",588,16,30,1000,0,"Low Risk",0,0,10
"EG_WAL_14016","Gharbia","Merchant",582,16,15,1000,0,"Low Risk",0,0,8
"EG_WAL_11641","Gharbia","Basic",311,16,17,500,0,"Low Risk",0,0,9
"EG_WAL_12462","Giza","Basic",176,16,25,500,0,"Low Risk",0,0,10
"EG_WAL_11310","Cairo","Basic",312,16,22,2500,0,"Low Risk",0,0,10
"EG_WAL_14486","Cairo","Basic",301,16,20,1000,0,"Low Risk",0,0,10
"EG_WAL_10878","Cairo","Verified_Tier1",643,16,17,2500,3,"Medium Risk",0,0,9
"EG_WAL_11415","Asyut","Basic",89,16,15,500,0,"Low Risk",0,0,7
"EG_WAL_10823","Cairo","Basic",259,16,18,2500,0,"Low Risk",0,0,9
"EG_WAL_10794","Cairo","Basic",644,16,18,0,0,"Low Risk",0,0,9
"EG_WAL_12853","Asyut","Basic",85,16,10,1000,0,"Low Risk",0,0,6
"EG_WAL_13393","Cairo","Verified_Tier1",653,16,12,1000,1,"Medium Risk",0,0,6
"EG_WAL_11855","Cairo","Basic",400,16,20,5000,0,"Low Risk",0,0,10
"EG_WAL_11065","Alexandria","Basic",143,16,15,500,1,"Medium Risk",0,0,8
"EG_WAL_10206","Cairo","Basic",391,16,20,500,1,"Medium Risk",0,0,10
"EG_WAL_12505","Cairo","Basic",614,15,18,1000,0,"Low Risk",0,0,9
"EG_WAL_10114","Giza","Verified_Tier1",472,15,25,0,0,"Low Risk",0,0,10
"EG_WAL_11441","Cairo","Basic",46,15,19,1000,2,"Medium Risk",0,0,9
"EG_WAL_14376","Cairo","Verified_Tier1",211,15,12,1000,0,"Low Risk",0,0,6
"EG_WAL_11854","Asyut","Basic",328,15,8,5000,0,"Low Risk",0,0,6
"EG_WAL_12226","Cairo","Verified_Tier1",162,15,14,5000,0,"Low Risk",0,0,7
"EG_WAL_10053","Gharbia","Verified_Tier1",161,15,15,2500,1,"Medium Risk",0,0,7
"EG_WAL_10934","Cairo","Merchant",524,15,19,500,0,"Low Risk",0,0,9
"EG_WAL_14550","Asyut","Basic",705,15,12,500,0,"Low Risk",0,0,6
"EG_WAL_10842","Cairo","Verified_Tier1",184,15,18,5000,0,"Low Risk",0,0,9
"EG_WAL_14445","Asyut","Basic",101,15,10,2500,1,"Medium Risk",0,0,6
"EG_WAL_12760","Cairo","Verified_Tier1",176,15,18,2500,0,"Low Risk",0,0,9
"EG_WAL_12879","Cairo","Basic",342,15,17,5000,1,"Medium Risk",0,0,8
"EG_WAL_11190","Cairo","Verified_Tier1",396,15,21,5000,0,"Low Risk",0,0,10
"EG_WAL_12899","Cairo","Basic",619,15,17,5000,0,"Low Risk",0,0,9
"EG_WAL_12309","Cairo","Basic",493,15,24,500,0,"Low Risk",0,0,10
"EG_WAL_11288","Cairo","Basic",583,15,13,0,1,"Medium Risk",0,0,7
"EG_WAL_12741","Cairo","Basic",434,15,23,1000,1,"Medium Risk",0,0,10
"EG_WAL_10154","Asyut","Basic",247,15,16,0,1,"Medium Risk",0,0,8
"EG_WAL_12380","Gharbia","Basic",626,15,15,1000,0,"Low Risk",0,0,8
"EG_WAL_14989","Alexandria","Verified_Tier1",453,15,12,1000,0,"Low Risk",0,0,6
"EG_WAL_12386","Cairo","Merchant",455,15,16,2500,0,"Low Risk",0,0,8
"EG_WAL_13546","Cairo","Verified_Tier1",346,15,17,5000,2,"Medium Risk",0,0,9
"EG_WAL_11432","Giza","Basic",388,15,15,2500,1,"Medium Risk",0,0,7
"EG_WAL_13405","Gharbia","Basic",413,15,19,2500,0,"Low Risk",0,0,9
"EG_WAL_12898","Giza","Verified_Tier1",620,15,10,500,2,"Medium Risk",0,0,6
"EG_WAL_12752","Cairo","Basic",43,15,19,2500,0,"Low Risk",0,0,9
"EG_WAL_14174","Gharbia","Basic",614,15,15,500,0,"Low Risk",0,0,8
"EG_WAL_12082","Giza","Verified_Tier1",478,15,15,500,1,"Medium Risk",0,0,7
"EG_WAL_11589","Alexandria","Basic",676,15,15,5000,0,"Low Risk",0,0,7
"EG_WAL_10672","Cairo","Basic",86,15,10,5000,0,"Low Risk",0,0,6
"EG_WAL_12885","Asyut","Basic",509,15,11,2500,0,"Low Risk",0,0,6
"EG_WAL_11230","Gharbia","Verified_Tier1",128,15,20,5000,0,"Low Risk",0,0,10
"EG_WAL_10484","Giza","Basic",580,15,19,2500,2,"Medium Risk",0,0,9
"EG_WAL_14880","Cairo","Basic",707,15,14,1000,0,"Low Risk",0,0,7
"EG_WAL_12984","Giza","Merchant",76,15,18,5000,0,"Low Risk",0,0,9
"EG_WAL_14724","Cairo","Basic",578,15,14,5000,1,"Medium Risk",0,0,7
"EG_WAL_12157","Cairo","Verified_Tier1",359,15,24,2500,1,"Medium Risk",0,0,10
"EG_WAL_14443","Cairo","Basic",411,15,14,2500,0,"Low Risk",0,0,7
"EG_WAL_14983","Gharbia","Basic",243,15,16,5000,0,"Low Risk",0,0,8
"EG_WAL_12677","Cairo","Verified_Tier1",608,15,11,2500,0,"Low Risk",0,0,6
"EG_WAL_12379","Alexandria","Basic",589,15,19,2500,4,"High Risk",0,1,9
"EG_WAL_11746","Cairo","Basic",264,15,23,1000,1,"Medium Risk",0,0,10
"EG_WAL_13616","Giza","Basic",321,15,22,5000,0,"Low Risk",0,0,10
"EG_WAL_11788","Cairo","Verified_Tier1",580,15,15,500,1,"Medium Risk",0,0,7
"EG_WAL_14875","Giza","Basic",140,15,25,1000,0,"Low Risk",0,0,10
"EG_WAL_12956","Alexandria","Basic",579,15,9,500,1,"Medium Risk",0,0,6
"EG_WAL_14262","Giza","Verified_Tier1",716,15,16,5000,0,"Low Risk",0,0,8
"EG_WAL_12969","Giza","Verified_Tier1",240,15,24,5000,0,"Low Risk",0,0,10
"EG_WAL_11105","Cairo","Basic",608,15,11,500,0,"Low Risk",0,0,6
"EG_WAL_13765","Cairo","Basic",173,15,14,0,1,"Medium Risk",0,0,7
"EG_WAL_14413","Giza","Basic",166,15,27,0,0,"Low Risk",0,0,10
"EG_WAL_11849","Giza","Basic",269,15,19,0,2,"Medium Risk",0,0,9
"EG_WAL_11811","Alexandria","Verified_Tier1",596,15,20,5000,0,"Low Risk",0,0,10
"EG_WAL_11815","Asyut","Basic",119,15,15,500,0,"Low Risk",0,0,8
"EG_WAL_11318","Cairo","Basic",46,15,25,1000,0,"Low Risk",0,0,10
"EG_WAL_13841","Cairo","Basic",457,14,26,2500,4,"High Risk",0,0,10
"EG_WAL_11684","Cairo","Verified_Tier1",364,14,24,5000,0,"Low Risk",0,0,10
"EG_WAL_11951","Cairo","Basic",83,14,16,5000,3,"Medium Risk",0,0,8
"EG_WAL_11071","Cairo","Basic",186,14,17,1000,0,"Low Risk",0,0,8
"EG_WAL_12411","Cairo","Basic",621,14,21,0,0,"Low Risk",0,0,10
"EG_WAL_12074","Gharbia","Basic",156,14,17,1000,0,"Low Risk",0,0,8
"EG_WAL_11983","Giza","Basic",686,14,16,1000,0,"Low Risk",0,0,8
"EG_WAL_11383","Cairo","Verified_Tier1",133,14,16,5000,0,"Low Risk",0,0,8
"EG_WAL_10026","Cairo","Verified_Tier1",183,14,19,1000,1,"Medium Risk",0,0,10
"EG_WAL_11417","Cairo","Basic",557,14,11,500,2,"Medium Risk",0,0,6
"EG_WAL_10338","Giza","Basic",493,14,11,0,0,"Low Risk",0,0,6
"EG_WAL_10232","Giza","Basic",645,14,19,5000,0,"Low Risk",0,0,10
"EG_WAL_10421","Alexandria","Basic",100,14,16,500,0,"Low Risk",0,0,8
"EG_WAL_12388","Alexandria","Basic",570,14,21,2500,0,"Low Risk",0,0,10
"EG_WAL_10246","Giza","Merchant",226,14,16,5000,0,"Low Risk",0,0,8
"EG_WAL_10106","Giza","Verified_Tier1",592,14,11,0,0,"Low Risk",0,0,6
"EG_WAL_12600","Giza","Basic",607,14,20,2500,0,"Low Risk",0,0,10
"EG_WAL_14905","Cairo","Basic",681,14,15,1000,0,"Low Risk",0,0,8
"EG_WAL_12149","Gharbia","Basic",430,14,19,500,0,"Low Risk",0,0,9
"EG_WAL_14254","Cairo","Verified_Tier1",660,14,20,2500,0,"Low Risk",0,0,10
"EG_WAL_11778","Cairo","Basic",262,14,23,2500,0,"Low Risk",0,0,10
"EG_WAL_12803","Asyut","Verified_Tier1",221,14,15,1000,0,"Low Risk",0,0,8
"EG_WAL_10809","Cairo","Merchant",444,14,8,5000,0,"Low Risk",0,0,6
"EG_WAL_12681","Gharbia","Basic",652,14,15,500,0,"Low Risk",0,0,8
"EG_WAL_10967","Cairo","Merchant",36,14,17,0,4,"High Risk",0,0,9
"EG_WAL_10388","Alexandria","Verified_Tier1",157,14,26,1000,1,"Medium Risk",0,0,10
"EG_WAL_10407","Cairo","Verified_Tier1",176,14,12,0,0,"Low Risk",0,0,6
"EG_WAL_11327","Alexandria","Basic",244,14,20,500,0,"Low Risk",0,0,10
"EG_WAL_10962","Cairo","Basic",207,14,17,5000,0,"Low Risk",0,0,9
"EG_WAL_13420","Alexandria","Verified_Tier1",113,14,12,5000,0,"Low Risk",0,0,6
"EG_WAL_10621","Cairo","Verified_Tier1",81,14,17,500,0,"Low Risk",0,0,9
"EG_WAL_13295","Cairo","Basic",256,14,12,1000,0,"Low Risk",0,0,6
"EG_WAL_12213","Asyut","Basic",451,14,22,500,0,"Low Risk",0,0,10
"EG_WAL_11526","Cairo","Verified_Tier1",648,14,15,5000,2,"Medium Risk",0,0,7
"EG_WAL_12011","Cairo","Merchant",668,14,15,2500,2,"Medium Risk",0,0,7
"EG_WAL_14987","Giza","Verified_Tier1",364,14,18,2500,0,"Low Risk",0,0,9
"EG_WAL_14763","Cairo","Basic",590,14,14,2500,0,"Low Risk",0,0,7
"EG_WAL_10461","Giza","Basic",230,14,21,1000,0,"Low Risk",0,0,10
"EG_WAL_12357","Cairo","Verified_Tier1",100,14,9,2500,0,"Low Risk",0,0,6
"EG_WAL_14103","Cairo","Verified_Tier1",464,14,14,5000,0,"Low Risk",0,0,7
"EG_WAL_13217","Cairo","Basic",523,14,9,1000,0,"Low Risk",0,0,6
"EG_WAL_13872","Cairo","Basic",234,14,14,5000,1,"Medium Risk",0,0,7
"EG_WAL_11981","Gharbia","Basic",319,14,18,500,0,"Low Risk",0,0,9
"EG_WAL_13963","Giza","Basic",579,14,21,5000,0,"Low Risk",0,0,10
"EG_WAL_12558","Cairo","Basic",265,14,13,1000,0,"Low Risk",0,0,6
"EG_WAL_13676","Cairo","Basic",569,14,14,5000,0,"Low Risk",0,0,7
"EG_WAL_10446","Asyut","Basic",352,14,22,5000,0,"Low Risk",0,0,10
"EG_WAL_13455","Cairo","Verified_Tier1",349,14,18,500,0,"Low Risk",0,0,9
"EG_WAL_14722","Cairo","Basic",148,14,27,1000,1,"Medium Risk",0,0,10
"EG_WAL_13121","Cairo","Basic",505,14,14,500,0,"Low Risk",0,0,7
"EG_WAL_12347","Cairo","Verified_Tier1",71,14,18,500,1,"Medium Risk",0,0,9
"EG_WAL_13524","Cairo","Basic",518,14,13,2500,0,"Low Risk",0,0,7
"EG_WAL_12713","Cairo","Basic",431,14,18,500,0,"Low Risk",0,0,9
"EG_WAL_11848","Gharbia","Basic",60,14,14,5000,1,"Medium Risk",0,0,7
"EG_WAL_11759","Giza","Basic",716,14,14,500,0,"Low Risk",0,0,7
"EG_WAL_12364","Giza","Basic",38,14,13,1000,0,"Low Risk",0,0,7
"EG_WAL_12434","Asyut","Verified_Tier1",159,14,21,2500,0,"Low Risk",0,0,10
"EG_WAL_13370","Cairo","Basic",532,14,11,1000,0,"Low Risk",0,0,6
"EG_WAL_13698","Asyut","Basic",199,14,19,2500,0,"Low Risk",0,0,9
"EG_WAL_11320","Cairo","Verified_Tier1",408,13,15,1000,0,"Low Risk",0,0,8
"EG_WAL_14998","Gharbia","Basic",73,13,19,5000,1,"Medium Risk",0,0,9
"EG_WAL_12200","Asyut","Basic",282,13,8,5000,0,"Low Risk",0,0,6
"EG_WAL_10955","Cairo","Verified_Tier1",512,13,24,0,1,"Medium Risk",0,0,10
"EG_WAL_14299","Giza","Merchant",109,13,13,5000,2,"Medium Risk",0,0,7
"EG_WAL_11938","Giza","Basic",75,13,19,1000,0,"Low Risk",0,0,9
"EG_WAL_12304","Asyut","Verified_Tier1",675,13,14,2500,0,"Low Risk",0,0,7
"EG_WAL_14195","Cairo","Basic",287,13,16,5000,0,"Low Risk",0,0,8
"EG_WAL_13371","Giza","Basic",277,13,19,0,0,"Low Risk",0,0,9
"EG_WAL_12359","Cairo","Basic",265,13,14,5000,0,"Low Risk",0,0,7
"EG_WAL_13015","Cairo","Verified_Tier1",194,13,13,1000,0,"Low Risk",0,0,7
"EG_WAL_14748","Cairo","Basic",575,13,19,2500,0,"Low Risk",0,0,9
"EG_WAL_11013","Cairo","Basic",50,13,19,500,0,"Low Risk",0,0,10
"EG_WAL_12132","Giza","Verified_Tier1",170,13,17,500,0,"Low Risk",0,0,9
"EG_WAL_11950","Cairo","Basic",664,13,17,500,0,"Low Risk",0,0,9
"EG_WAL_11429","Gharbia","Verified_Tier1",427,13,15,1000,0,"Low Risk",0,0,7
"EG_WAL_14337","Asyut","Basic",622,13,19,5000,4,"High Risk",0,1,9
"EG_WAL_13073","Cairo","Verified_Tier1",460,13,19,5000,0,"Low Risk",0,0,9
"EG_WAL_13909","Cairo","Basic",590,13,19,0,1,"Medium Risk",0,0,9
"EG_WAL_13857","Giza","Basic",139,13,20,0,1,"Medium Risk",0,0,10
"EG_WAL_14464","Alexandria","Basic",289,13,20,5000,0,"Low Risk",0,0,10
"EG_WAL_14822","Cairo","Basic",700,13,15,1000,1,"Medium Risk",0,0,8
"EG_WAL_11649","Alexandria","Basic",540,13,10,1000,2,"Medium Risk",0,0,6
"EG_WAL_13979","Giza","Basic",539,13,23,2500,0,"Low Risk",0,0,10
"EG_WAL_11957","Giza","Verified_Tier1",587,13,9,500,0,"Low Risk",0,0,6
"EG_WAL_14567","Cairo","Verified_Tier1",594,13,10,5000,0,"Low Risk",0,0,6
"EG_WAL_10880","Cairo","Basic",461,13,14,1000,1,"Medium Risk",0,0,7
"EG_WAL_14450","Giza","Basic",368,13,11,2500,2,"Medium Risk",0,0,6
"EG_WAL_11995","Alexandria","Basic",229,13,15,1000,1,"Medium Risk",0,0,8
"EG_WAL_11894","Giza","Basic",195,13,16,2500,0,"Low Risk",0,0,8
"EG_WAL_11720","Cairo","Basic",286,13,9,5000,0,"Low Risk",0,0,6
"EG_WAL_12507","Giza","Basic",618,13,17,2500,0,"Low Risk",0,0,9
"EG_WAL_10731","Gharbia","Basic",254,13,12,0,0,"Low Risk",0,0,6
"EG_WAL_12729","Giza","Basic",385,13,6,5000,0,"Low Risk",0,0,6
"EG_WAL_10526","Giza","Basic",56,13,19,1000,0,"Low Risk",0,0,9
"EG_WAL_12045","Alexandria","Verified_Tier1",58,13,19,0,1,"Medium Risk",0,0,9
"EG_WAL_14178","Cairo","Basic",303,13,13,2500,1,"Medium Risk",0,0,7
"EG_WAL_10785","Asyut","Merchant",193,13,16,500,0,"Low Risk",0,0,8
"EG_WAL_13493","Gharbia","Basic",124,13,16,5000,0,"Low Risk",0,0,8
"EG_WAL_10014","Cairo","Verified_Tier1",172,13,17,2500,1,"Medium Risk",0,0,8
"EG_WAL_12870","Gharbia","Verified_Tier1",603,13,18,5000,0,"Low Risk",0,0,9
"EG_WAL_10640","Cairo","Basic",490,13,17,2500,0,"Low Risk",0,0,9
"EG_WAL_11757","Giza","Basic",302,13,14,1000,0,"Low Risk",0,0,7
"EG_WAL_13216","Cairo","Basic",155,13,11,500,2,"Medium Risk",0,0,6
"EG_WAL_13628","Alexandria","Verified_Tier1",619,13,14,0,0,"Low Risk",0,0,7
"EG_WAL_12770","Cairo","Basic",286,13,18,1000,1,"Medium Risk",0,0,9
"EG_WAL_14315","Cairo","Basic",576,12,19,2500,1,"Medium Risk",0,0,9
"EG_WAL_13822","Gharbia","Verified_Tier1",420,12,15,2500,0,"Low Risk",0,0,8
"EG_WAL_14495","Giza","Verified_Tier1",210,12,19,1000,0,"Low Risk",0,0,9
"EG_WAL_10307","Cairo","Verified_Tier1",280,12,14,2500,0,"Low Risk",0,0,7
"EG_WAL_13936","Giza","Verified_Tier1",468,12,19,1000,0,"Low Risk",0,0,9
"EG_WAL_14713","Alexandria","Basic",410,12,20,1000,2,"Medium Risk",0,0,10
"EG_WAL_14641","Cairo","Basic",274,12,17,500,1,"Medium Risk",0,0,9
"EG_WAL_12301","Giza","Basic",175,12,15,500,0,"Low Risk",0,0,7
"EG_WAL_11562","Alexandria","Basic",509,12,20,1000,0,"Low Risk",0,0,10
"EG_WAL_11766","Alexandria","Basic",434,12,17,500,0,"Low Risk",0,0,9
"EG_WAL_10691","Giza","Basic",476,12,18,0,0,"Low Risk",0,0,9
"EG_WAL_13471","Alexandria","Basic",237,12,16,5000,0,"Low Risk",0,0,8
"EG_WAL_14231","Giza","Basic",611,12,20,1000,0,"Low Risk",0,0,10
"EG_WAL_10367","Asyut","Verified_Tier1",449,12,14,1000,0,"Low Risk",0,0,7
"EG_WAL_14921","Alexandria","Basic",496,12,14,500,0,"Low Risk",0,0,7
"EG_WAL_13869","Cairo","Verified_Tier1",121,12,23,5000,0,"Low Risk",0,0,10
"EG_WAL_14986","Alexandria","Basic",632,12,13,500,2,"Medium Risk",0,0,7
"EG_WAL_11235","Cairo","Basic",133,12,17,1000,0,"Low Risk",0,0,8
"EG_WAL_12307","Giza","Basic",268,12,15,500,0,"Low Risk",0,0,7
"EG_WAL_10260","Giza","Verified_Tier1",100,12,16,2500,0,"Low Risk",0,0,8
"EG_WAL_10619","Alexandria","Basic",629,12,14,2500,1,"Medium Risk",0,0,7
"EG_WAL_13229","Cairo","Basic",595,12,20,2500,0,"Low Risk",0,0,10
"EG_WAL_13165","Giza","Basic",695,12,10,5000,0,"Low Risk",0,0,6
"EG_WAL_11127","Giza","Verified_Tier1",201,12,16,500,0,"Low Risk",0,0,8
"EG_WAL_11707","Cairo","Basic",396,12,14,1000,1,"Medium Risk",0,0,7
"EG_WAL_11185","Asyut","Basic",442,12,12,1000,0,"Low Risk",0,0,6
"EG_WAL_13861","Giza","Basic",465,12,14,500,0,"Low Risk",0,0,7
"EG_WAL_10702","Cairo","Basic",120,12,16,500,1,"Medium Risk",0,0,8
"EG_WAL_14950","Cairo","Basic",514,12,16,500,1,"Medium Risk",0,0,8
"EG_WAL_11960","Cairo","Basic",672,12,10,1000,1,"Medium Risk",0,0,6
"EG_WAL_11539","Giza","Verified_Tier1",677,12,12,2500,0,"Low Risk",0,0,6
"EG_WAL_12509","Gharbia","Verified_Tier1",710,12,18,500,0,"Low Risk",0,0,9
"EG_WAL_13590","Asyut","Basic",183,12,11,2500,1,"Medium Risk",0,0,6
"EG_WAL_10056","Cairo","Basic",671,12,14,2500,2,"Medium Risk",0,0,7
"EG_WAL_14296","Cairo","Basic",63,12,17,1000,1,"Medium Risk",0,0,9
"EG_WAL_14909","Giza","Verified_Tier1",649,12,16,1000,0,"Low Risk",0,0,8
"EG_WAL_12128","Gharbia","Basic",691,12,19,5000,0,"Low Risk",0,0,9
"EG_WAL_14772","Cairo","Verified_Tier1",56,12,15,1000,0,"Low Risk",0,0,8
"EG_WAL_13600","Cairo","Basic",484,12,17,1000,0,"Low Risk",0,0,9
"EG_WAL_13424","Gharbia","Basic",183,12,16,1000,0,"Low Risk",0,0,8
"EG_WAL_11391","Cairo","Verified_Tier1",361,12,21,5000,1,"Medium Risk",0,0,10
"EG_WAL_14984","Giza","Verified_Tier1",137,12,19,2500,2,"Medium Risk",0,0,9
"EG_WAL_14250","Cairo","Merchant",609,12,19,5000,0,"Low Risk",0,0,9
"EG_WAL_11039","Cairo","Basic",152,12,21,500,0,"Low Risk",0,0,10
"EG_WAL_11425","Asyut","Verified_Tier1",430,12,15,500,0,"Low Risk",0,0,7
"EG_WAL_12942","Cairo","Basic",140,12,15,5000,0,"Low Risk",0,0,8
"EG_WAL_11505","Cairo","Verified_Tier1",537,12,17,1000,0,"Low Risk",0,0,9
"EG_WAL_13321","Cairo","Basic",60,11,16,5000,0,"Low Risk",0,0,8
"EG_WAL_12233","Gharbia","Basic",177,11,13,1000,0,"Low Risk",0,0,7
"EG_WAL_11494","Giza","Verified_Tier1",525,11,7,5000,0,"Low Risk",0,0,6
"EG_WAL_12034","Giza","Basic",319,11,19,1000,0,"Low Risk",0,0,9
"EG_WAL_12717","Asyut","Verified_Tier1",682,11,14,0,0,"Low Risk",0,0,7
"EG_WAL_12665","Cairo","Basic",275,11,20,0,1,"Medium Risk",0,0,10
"EG_WAL_11250","Alexandria","Basic",661,11,22,1000,1,"Medium Risk",0,0,10
"EG_WAL_12591","Gharbia","Basic",580,11,18,500,1,"Medium Risk",0,0,9
"EG_WAL_14821","Cairo","Basic",289,11,19,2500,0,"Low Risk",0,0,9
"EG_WAL_11255","Giza","Verified_Tier1",352,11,15,1000,0,"Low Risk",0,0,8
"EG_WAL_14650","Cairo","Basic",340,11,18,2500,0,"Low Risk",0,0,9
"EG_WAL_14188","Alexandria","Verified_Tier1",664,11,9,2500,1,"Medium Risk",0,0,6
"EG_WAL_13884","Gharbia","Basic",313,11,22,1000,0,"Low Risk",0,0,10
"EG_WAL_12678","Cairo","Basic",39,11,11,500,0,"Low Risk",0,0,6
"EG_WAL_11134","Alexandria","Basic",610,11,9,2500,0,"Low Risk",0,0,6
"EG_WAL_10439","Cairo","Basic",222,11,23,2500,0,"Low Risk",0,0,10
"EG_WAL_12641","Cairo","Basic",228,11,15,1000,0,"Low Risk",0,0,8
"EG_WAL_12575","Giza","Basic",76,11,13,5000,0,"Low Risk",0,0,6
"EG_WAL_13125","Giza","Basic",243,11,19,0,0,"Low Risk",0,0,9
"EG_WAL_14537","Giza","Verified_Tier1",633,11,17,1000,0,"Low Risk",0,0,8
"EG_WAL_10558","Alexandria","Merchant",308,11,8,500,0,"Low Risk",0,0,6
"EG_WAL_13619","Cairo","Basic",394,11,15,1000,2,"Medium Risk",0,0,7
"EG_WAL_11435","Cairo","Basic",495,11,16,5000,0,"Low Risk",0,0,8
"EG_WAL_14711","Giza","Verified_Tier1",265,11,16,1000,2,"Medium Risk",0,0,8
"EG_WAL_10948","Gharbia","Basic",600,11,10,2500,0,"Low Risk",0,0,6
"EG_WAL_14698","Cairo","Verified_Tier1",402,11,16,2500,0,"Low Risk",0,0,8
"EG_WAL_13174","Cairo","Basic",456,11,18,2500,3,"Medium Risk",0,0,9
"EG_WAL_10656","Cairo","Verified_Tier1",136,11,18,500,0,"Low Risk",0,0,9
"EG_WAL_11479","Giza","Merchant",255,11,24,1000,0,"Low Risk",0,0,10
"EG_WAL_11125","Giza","Verified_Tier1",671,11,17,2500,0,"Low Risk",0,0,8
"EG_WAL_12267","Alexandria","Verified_Tier1",416,11,21,1000,5,"High Risk",0,1,10
"EG_WAL_11159","Cairo","Basic",626,11,12,500,0,"Low Risk",0,0,6
"EG_WAL_14005","Cairo","Basic",573,11,18,500,0,"Low Risk",0,0,9
"EG_WAL_14624","Asyut","Basic",596,11,21,500,0,"Low Risk",0,0,10
"EG_WAL_13440","Cairo","Verified_Tier1",297,11,19,5000,1,"Medium Risk",0,0,10
"EG_WAL_11279","Giza","Verified_Tier1",435,11,16,5000,1,"Medium Risk",0,0,8
"EG_WAL_13464","Cairo","Basic",690,11,19,2500,0,"Low Risk",0,0,9
"EG_WAL_14918","Alexandria","Basic",685,11,14,2500,0,"Low Risk",0,0,7
"EG_WAL_14891","Cairo","Basic",309,11,10,2500,0,"Low Risk",0,0,6
"EG_WAL_11777","Giza","Basic",398,11,11,2500,1,"Medium Risk",0,0,6
"EG_WAL_11115","Giza","Verified_Tier1",544,11,21,500,4,"High Risk",0,1,10
"EG_WAL_11516","Giza","Basic",628,11,14,2500,0,"Low Risk",0,0,7
"EG_WAL_13890","Alexandria","Verified_Tier1",336,11,18,5000,0,"Low Risk",0,0,9
"EG_WAL_13932","Giza","Basic",500,11,18,2500,0,"Low Risk",0,0,9
"EG_WAL_10535","Asyut","Verified_Tier1",537,11,17,2500,1,"Medium Risk",0,0,9
"EG_WAL_10699","Giza","Verified_Tier1",586,11,11,2500,0,"Low Risk",0,0,6
"EG_WAL_11699","Giza","Basic",495,11,15,500,1,"Medium Risk",0,0,8
"EG_WAL_10049","Cairo","Basic",135,11,16,0,0,"Low Risk",0,0,8
"EG_WAL_10458","Cairo","Basic",402,11,13,500,0,"Low Risk",0,0,7
"EG_WAL_12726","Cairo","Verified_Tier1",669,11,16,500,0,"Low Risk",0,0,8
"EG_WAL_14457","Cairo","Basic",603,11,19,0,0,"Low Risk",0,0,10
"EG_WAL_13867","Alexandria","Basic",503,11,16,2500,1,"Medium Risk",0,0,8
"EG_WAL_12603","Cairo","Verified_Tier1",171,11,21,1000,1,"Medium Risk",0,0,10
"EG_WAL_10366","Asyut","Basic",91,11,21,0,3,"Medium Risk",0,0,10
"EG_WAL_10767","Gharbia","Basic",666,11,17,5000,2,"Medium Risk",0,0,9
"EG_WAL_11590","Alexandria","Basic",251,11,15,1000,1,"Medium Risk",0,0,7
"EG_WAL_14771","Giza","Basic",604,11,15,500,1,"Medium Risk",0,0,8
"EG_WAL_11295","Cairo","Basic",195,11,13,1000,0,"Low Risk",0,0,7
"EG_WAL_14213","Cairo","Verified_Tier1",295,11,24,500,0,"Low Risk",0,0,10
"EG_WAL_13832","Gharbia","Verified_Tier1",706,10,19,500,3,"Medium Risk",0,0,10
"EG_WAL_13222","Cairo","Verified_Tier1",152,10,11,5000,0,"Low Risk",0,0,6
"EG_WAL_14603","Cairo","Basic",257,10,20,5000,0,"Low Risk",0,0,10
"EG_WAL_12775","Giza","Verified_Tier1",201,10,13,5000,0,"Low Risk",0,0,7
"EG_WAL_12174","Cairo","Verified_Tier1",154,10,16,5000,1,"Medium Risk",0,0,8
"EG_WAL_13010","Giza","Basic",31,10,22,0,0,"Low Risk",0,0,10
"EG_WAL_14597","Cairo","Basic",40,10,10,5000,0,"Low Risk",0,0,6
"EG_WAL_14390","Cairo","Verified_Tier1",48,10,20,2500,1,"Medium Risk",0,0,10
"EG_WAL_13499","Alexandria","Basic",67,10,15,5000,1,"Medium Risk",0,0,7
"EG_WAL_13433","Giza","Basic",669,10,15,1000,0,"Low Risk",0,0,7
"EG_WAL_13062","Giza","Basic",490,10,15,500,0,"Low Risk",0,0,8
"EG_WAL_11850","Cairo","Basic",392,10,22,1000,1,"Medium Risk",0,0,10
"EG_WAL_10756","Giza","Basic",482,10,15,0,0,"Low Risk",0,0,8
"EG_WAL_13564","Giza","Verified_Tier1",70,10,18,1000,0,"Low Risk",0,0,9
"EG_WAL_12270","Cairo","Basic",460,10,12,2500,0,"Low Risk",0,0,6
"EG_WAL_14606","Gharbia","Basic",236,10,16,1000,0,"Low Risk",0,0,8
"EG_WAL_10723","Alexandria","Basic",679,10,15,500,0,"Low Risk",0,0,8
"EG_WAL_11167","Giza","Verified_Tier1",284,10,12,0,0,"Low Risk",0,0,6
"EG_WAL_10786","Giza","Basic",140,10,17,500,0,"Low Risk",0,0,9
"EG_WAL_13566","Giza","Merchant",36,10,19,0,1,"Medium Risk",0,0,9
"EG_WAL_14648","Gharbia","Verified_Tier1",144,10,11,1000,3,"Medium Risk",0,0,6
"EG_WAL_11864","Asyut","Verified_Tier1",578,10,25,1000,0,"Low Risk",0,0,10
"EG_WAL_13769","Cairo","Basic",354,10,9,500,1,"Medium Risk",0,0,6
"EG_WAL_12704","Alexandria","Basic",308,10,19,2500,0,"Low Risk",0,0,9
"EG_WAL_13736","Alexandria","Verified_Tier1",170,10,20,2500,0,"Low Risk",0,0,10
"EG_WAL_12285","Cairo","Basic",337,10,16,5000,0,"Low Risk",0,0,8
"EG_WAL_11068","Cairo","Verified_Tier1",419,10,14,2500,0,"Low Risk",0,0,7
"EG_WAL_14980","Asyut","Basic",627,10,10,5000,0,"Low Risk",0,0,6
"EG_WAL_12135","Gharbia","Basic",440,10,18,2500,2,"Medium Risk",0,0,9
"EG_WAL_13418","Cairo","Basic",515,10,14,500,0,"Low Risk",0,0,7
"EG_WAL_13351","Giza","Verified_Tier1",126,10,14,1000,0,"Low Risk",0,0,7
"EG_WAL_10360","Cairo","Basic",362,10,27,5000,0,"Low Risk",0,0,10
"EG_WAL_10865","Giza","Basic",300,10,21,500,0,"Low Risk",0,0,10
"EG_WAL_13906","Giza","Basic",556,10,16,500,0,"Low Risk",0,0,8
"EG_WAL_14549","Alexandria","Basic",141,10,13,5000,0,"Low Risk",0,0,7
"EG_WAL_14565","Gharbia","Basic",420,10,18,5000,0,"Low Risk",0,0,9
"EG_WAL_10004","Cairo","Verified_Tier1",48,10,19,1000,0,"Low Risk",0,0,9
"EG_WAL_14803","Cairo","Verified_Tier1",624,10,19,2500,1,"Medium Risk",0,0,9
"EG_WAL_12172","Cairo","Basic",629,10,28,2500,0,"Low Risk",0,0,10
"EG_WAL_12690","Giza","Verified_Tier1",378,10,18,0,0,"Low Risk",0,0,9
"EG_WAL_14930","Giza","Basic",564,10,18,0,0,"Low Risk",0,0,9
"EG_WAL_12104","Alexandria","Basic",695,10,13,2500,0,"Low Risk",0,0,7
"EG_WAL_11323","Cairo","Merchant",105,10,10,500,0,"Low Risk",0,0,6
"EG_WAL_10472","Cairo","Verified_Tier1",46,10,13,1000,0,"Low Risk",0,0,7
"EG_WAL_10598","Cairo","Basic",107,10,16,2500,0,"Low Risk",0,0,8
"EG_WAL_10247","Asyut","Verified_Tier1",511,10,18,5000,0,"Low Risk",0,0,9
"EG_WAL_11419","Asyut","Verified_Tier1",503,10,16,500,1,"Medium Risk",0,0,8
"EG_WAL_12529","Asyut","Merchant",579,10,15,5000,0,"Low Risk",0,0,8
"EG_WAL_14882","Gharbia","Verified_Tier1",266,10,20,2500,0,"Low Risk",0,0,10
"EG_WAL_14264","Alexandria","Basic",264,10,20,5000,0,"Low Risk",0,0,10
"EG_WAL_14187","Giza","Basic",458,10,12,0,1,"Medium Risk",0,0,6
"EG_WAL_10391","Giza","Basic",222,10,12,500,0,"Low Risk",0,0,6
"EG_WAL_13750","Gharbia","Basic",426,10,20,500,0,"Low Risk",0,0,10
"EG_WAL_13513","Gharbia","Basic",374,10,12,1000,0,"Low Risk",0,0,6
"EG_WAL_14830","Alexandria","Verified_Tier1",94,10,16,1000,0,"Low Risk",0,0,8
"EG_WAL_12816","Giza","Basic",81,10,15,1000,0,"Low Risk",0,0,8
"EG_WAL_14643","Cairo","Basic",338,9,18,5000,0,"Low Risk",0,0,9
"EG_WAL_11380","Cairo","Basic",444,9,16,1000,0,"Low Risk",0,0,8
"EG_WAL_14527","Asyut","Basic",559,9,21,1000,0,"Low Risk",0,0,10
"EG_WAL_14139","Giza","Basic",124,9,20,2500,0,"Low Risk",0,0,10
"EG_WAL_12208","Cairo","Basic",232,9,18,0,0,"Low Risk",0,0,9
"EG_WAL_12245","Giza","Verified_Tier1",299,9,9,1000,1,"Medium Risk",0,0,6
"EG_WAL_14662","Giza","Basic",106,9,16,1000,2,"Medium Risk",0,0,8
"EG_WAL_12058","Alexandria","Verified_Tier1",602,9,13,1000,0,"Low Risk",0,0,7
"EG_WAL_12473","Alexandria","Verified_Tier1",144,9,19,0,0,"Low Risk",0,0,10
"EG_WAL_11307","Gharbia","Basic",628,9,18,2500,1,"Medium Risk",0,0,9
"EG_WAL_11758","Cairo","Verified_Tier1",190,9,24,2500,0,"Low Risk",0,0,10
"EG_WAL_11871","Cairo","Verified_Tier1",318,9,16,5000,0,"Low Risk",0,0,8
"EG_WAL_14653","Gharbia","Basic",41,9,21,5000,1,"Medium Risk",0,0,10
"EG_WAL_12841","Alexandria","Basic",551,9,26,0,0,"Low Risk",0,0,10
"EG_WAL_10417","Cairo","Basic",649,9,18,5000,0,"Low Risk",0,0,9
"EG_WAL_13305","Cairo","Verified_Tier1",715,9,21,2500,0,"Low Risk",0,0,10
"EG_WAL_13731","Asyut","Basic",496,9,21,2500,0,"Low Risk",0,0,10
"EG_WAL_12916","Alexandria","Verified_Tier1",282,9,16,5000,1,"Medium Risk",0,0,8
"EG_WAL_13296","Giza","Verified_Tier1",323,9,15,500,0,"Low Risk",0,0,7
"EG_WAL_10929","Cairo","Verified_Tier1",238,9,19,5000,0,"Low Risk",0,0,9
"EG_WAL_12114","Alexandria","Basic",661,9,19,500,0,"Low Risk",0,0,9
"EG_WAL_10538","Giza","Verified_Tier1",422,9,11,5000,0,"Low Risk",0,0,6
"EG_WAL_10643","Cairo","Basic",696,9,12,500,0,"Low Risk",0,0,6
"EG_WAL_11063","Giza","Verified_Tier1",603,9,16,2500,0,"Low Risk",0,0,8
"EG_WAL_14035","Asyut","Verified_Tier1",183,9,19,1000,0,"Low Risk",0,0,9
"EG_WAL_14084","Cairo","Basic",55,9,17,1000,2,"Medium Risk",0,0,9
"EG_WAL_13883","Cairo","Basic",576,9,15,2500,0,"Low Risk",0,0,8
"EG_WAL_13127","Cairo","Basic",90,9,15,1000,1,"Medium Risk",0,0,8
"EG_WAL_13228","Cairo","Basic",52,9,22,5000,2,"Medium Risk",0,0,10
"EG_WAL_11878","Cairo","Basic",436,9,11,5000,0,"Low Risk",0,0,6
"EG_WAL_14126","Alexandria","Verified_Tier1",348,9,20,1000,1,"Medium Risk",0,0,10
"EG_WAL_13528","Asyut","Basic",202,9,11,500,0,"Low Risk",0,0,6
"EG_WAL_10910","Giza","Basic",96,9,12,500,0,"Low Risk",0,0,6
"EG_WAL_12430","Giza","Basic",571,9,20,2500,1,"Medium Risk",0,0,10
"EG_WAL_11029","Gharbia","Verified_Tier1",130,9,20,500,0,"Low Risk",0,0,10
"EG_WAL_14927","Cairo","Basic",707,9,12,0,0,"Low Risk",0,0,6
"EG_WAL_10284","Giza","Basic",550,9,12,500,0,"Low Risk",0,0,6
"EG_WAL_10771","Gharbia","Basic",93,9,17,500,0,"Low Risk",0,0,9
"EG_WAL_12500","Gharbia","Basic",710,9,14,500,0,"Low Risk",0,0,7
"EG_WAL_12912","Alexandria","Basic",664,9,23,1000,1,"Medium Risk",0,0,10
"EG_WAL_11109","Cairo","Basic",58,9,17,5000,0,"Low Risk",0,0,8
"EG_WAL_11042","Cairo","Verified_Tier1",685,9,14,5000,0,"Low Risk",0,0,7
"EG_WAL_10109","Cairo","Basic",277,9,13,0,0,"Low Risk",0,0,7
"EG_WAL_12868","Cairo","Basic",307,9,11,5000,0,"Low Risk",0,0,6
"EG_WAL_14583","Alexandria","Verified_Tier1",55,9,15,0,0,"Low Risk",0,0,7
"EG_WAL_11193","Giza","Basic",567,9,17,1000,0,"Low Risk",0,0,9
"EG_WAL_13479","Giza","Verified_Tier1",472,9,12,500,0,"Low Risk",0,0,6
"EG_WAL_14868","Giza","Basic",601,9,10,2500,1,"Medium Risk",0,0,6
"EG_WAL_11285","Giza","Verified_Tier1",525,9,15,2500,0,"Low Risk",0,0,7
"EG_WAL_14497","Cairo","Basic",483,9,18,5000,1,"Medium Risk",0,0,9
"EG_WAL_11593","Cairo","Basic",457,9,15,5000,0,"Low Risk",0,0,7
"EG_WAL_12980","Giza","Basic",232,9,14,1000,0,"Low Risk",0,0,7
"EG_WAL_13656","Cairo","Basic",325,9,8,500,0,"Low Risk",0,0,6
"EG_WAL_12908","Cairo","Basic",239,9,18,5000,0,"Low Risk",0,0,9
"EG_WAL_14580","Asyut","Verified_Tier1",160,9,25,2500,0,"Low Risk",0,0,10
"EG_WAL_12858","Cairo","Basic",476,9,21,5000,1,"Medium Risk",0,0,10
"EG_WAL_10755","Alexandria","Basic",579,9,16,2500,1,"Medium Risk",0,0,8
"EG_WAL_10217","Alexandria","Basic",450,9,18,500,0,"Low Risk",0,0,9
"EG_WAL_12846","Alexandria","Basic",187,9,16,2500,0,"Low Risk",0,0,8
"EG_WAL_14471","Asyut","Merchant",648,9,13,5000,0,"Low Risk",0,0,7
"EG_WAL_10548","Giza","Verified_Tier1",33,9,7,0,0,"Low Risk",0,0,6
"EG_WAL_11252","Cairo","Basic",461,9,21,5000,0,"Low Risk",0,0,10
"EG_WAL_14380","Cairo","Merchant",122,9,12,500,0,"Low Risk",0,0,6
"EG_WAL_11024","Asyut","Basic",700,9,19,5000,0,"Low Risk",0,0,10
"EG_WAL_13037","Asyut","Verified_Tier1",488,9,19,0,0,"Low Risk",0,0,9
"EG_WAL_14625","Alexandria","Verified_Tier1",170,9,18,0,2,"Medium Risk",0,0,9
"EG_WAL_14915","Asyut","Verified_Tier1",161,8,15,0,5,"High Risk",0,0,8
"EG_WAL_10963","Cairo","Verified_Tier1",244,8,18,500,3,"Medium Risk",0,0,9
"EG_WAL_12280","Cairo","Basic",663,8,18,5000,0,"Low Risk",0,0,9
"EG_WAL_12039","Cairo","Basic",388,8,19,1000,0,"Low Risk",0,0,9
"EG_WAL_10578","Giza","Verified_Tier1",615,8,19,5000,0,"Low Risk",0,0,9
"EG_WAL_13094","Cairo","Verified_Tier1",590,8,17,500,0,"Low Risk",0,0,9
"EG_WAL_11442","Alexandria","Basic",560,8,17,5000,0,"Low Risk",0,0,9
"EG_WAL_10734","Cairo","Basic",192,8,17,5000,0,"Low Risk",0,0,8
"EG_WAL_12800","Alexandria","Verified_Tier1",375,8,17,5000,0,"Low Risk",0,0,8
"EG_WAL_12283","Cairo","Verified_Tier1",699,8,19,1000,0,"Low Risk",0,0,9
"EG_WAL_10372","Cairo","Basic",36,8,16,2500,0,"Low Risk",0,0,8
"EG_WAL_11503","Cairo","Basic",66,8,16,2500,1,"Medium Risk",0,0,8
"EG_WAL_12089","Cairo","Basic",468,8,16,5000,0,"Low Risk",0,0,8
"EG_WAL_14510","Cairo","Basic",427,8,19,5000,0,"Low Risk",0,0,9
"EG_WAL_11781","Asyut","Verified_Tier1",718,8,16,5000,0,"Low Risk",0,0,8
"EG_WAL_10721","Cairo","Basic",507,8,19,5000,0,"Low Risk",0,0,9
"EG_WAL_12429","Gharbia","Basic",344,8,19,500,1,"Medium Risk",0,0,9
"EG_WAL_10896","Cairo","Merchant",418,8,15,2500,0,"Low Risk",0,0,8
"EG_WAL_11574","Cairo","Verified_Tier1",272,8,15,500,0,"Low Risk",0,0,7
"EG_WAL_10104","Asyut","Basic",271,8,15,5000,1,"Medium Risk",0,0,7
"EG_WAL_13948","Cairo","Basic",462,8,20,0,0,"Low Risk",0,0,10
"EG_WAL_13046","Giza","Verified_Tier1",460,8,21,1000,1,"Medium Risk",0,0,10
"EG_WAL_13167","Cairo","Verified_Tier1",404,8,14,1000,0,"Low Risk",0,0,7
"EG_WAL_12960","Cairo","Basic",388,8,14,500,0,"Low Risk",0,0,7
"EG_WAL_12375","Cairo","Basic",449,8,14,5000,1,"Medium Risk",0,0,7
"EG_WAL_12120","Gharbia","Basic",502,8,14,1000,1,"Medium Risk",0,0,7
"EG_WAL_11243","Gharbia","Verified_Tier1",108,8,14,5000,0,"Low Risk",0,0,7
"EG_WAL_11232","Cairo","Basic",592,8,14,0,1,"Medium Risk",0,0,7
"EG_WAL_10298","Giza","Verified_Tier1",57,8,14,1000,0,"Low Risk",0,0,7
"EG_WAL_10790","Cairo","Basic",640,8,13,1000,0,"Low Risk",0,0,7
"EG_WAL_11561","Cairo","Verified_Tier1",401,8,22,2500,1,"Medium Risk",0,0,10
"EG_WAL_12271","Cairo","Basic",583,8,13,1000,0,"Low Risk",0,0,7
"EG_WAL_14623","Alexandria","Basic",272,8,13,5000,0,"Low Risk",0,0,7
"EG_WAL_14976","Cairo","Basic",484,8,22,5000,0,"Low Risk",0,0,10
"EG_WAL_13224","Cairo","Basic",163,8,22,1000,1,"Medium Risk",0,0,10
"EG_WAL_14676","Cairo","Verified_Tier1",193,8,12,500,1,"Medium Risk",0,0,6
"EG_WAL_11325","Cairo","Basic",277,8,12,1000,0,"Low Risk",0,0,6
"EG_WAL_13833","Cairo","Basic",263,8,12,1000,0,"Low Risk",0,0,6
"EG_WAL_10193","Giza","Basic",180,8,12,5000,0,"Low Risk",0,0,6
"EG_WAL_11372","Gharbia","Verified_Tier1",320,8,12,5000,0,"Low Risk",0,0,6
"EG_WAL_12526","Cairo","Verified_Tier1",411,8,11,0,0,"Low Risk",0,0,6
"EG_WAL_10058","Cairo","Basic",110,8,11,1000,0,"Low Risk",0,0,6
"EG_WAL_14197","Cairo","Basic",546,8,11,1000,0,"Low Risk",0,0,6
"EG_WAL_14370","Cairo","Verified_Tier1",196,8,10,500,0,"Low Risk",0,0,6
"EG_WAL_12530","Alexandria","Basic",425,8,25,500,0,"Low Risk",0,0,10
"EG_WAL_13001","Alexandria","Verified_Tier1",153,8,9,0,0,"Low Risk",0,0,6
"EG_WAL_11174","Giza","Merchant",305,8,9,500,1,"Medium Risk",0,0,6
"EG_WAL_14602","Asyut","Verified_Tier1",416,8,9,5000,0,"Low Risk",0,0,6
"EG_WAL_12877","Cairo","Verified_Tier1",115,8,9,500,0,"Low Risk",0,0,6
"EG_WAL_13764","Giza","Basic",510,8,18,0,1,"Medium Risk",0,0,9
"EG_WAL_10356","Cairo","Verified_Tier1",557,7,12,5000,0,"Low Risk",0,0,6
"EG_WAL_14640","Asyut","Verified_Tier1",532,7,18,2500,0,"Low Risk",0,0,9
"EG_WAL_14428","Cairo","Basic",695,7,12,2500,0,"Low Risk",0,0,6
"EG_WAL_14192","Giza","Basic",383,7,11,2500,0,"Low Risk",0,0,6
"EG_WAL_14469","Gharbia","Basic",86,7,19,2500,0,"Low Risk",0,0,10
"EG_WAL_10369","Cairo","Verified_Tier1",48,7,11,0,0,"Low Risk",0,0,6
"EG_WAL_12817","Cairo","Basic",669,7,15,5000,0,"Low Risk",0,0,8
"EG_WAL_11463","Alexandria","Basic",719,7,12,5000,0,"Low Risk",0,0,6
"EG_WAL_13976","Cairo","Verified_Tier1",634,7,11,2500,0,"Low Risk",0,0,6
"EG_WAL_10663","Cairo","Basic",113,7,30,5000,0,"Low Risk",0,0,10
"EG_WAL_14325","Asyut","Basic",178,7,18,1000,0,"Low Risk",0,0,9
"EG_WAL_11954","Asyut","Verified_Tier1",142,7,15,1000,2,"Medium Risk",0,0,8
"EG_WAL_12117","Giza","Verified_Tier1",549,7,20,2500,2,"Medium Risk",0,0,10
"EG_WAL_13726","Cairo","Verified_Tier1",51,7,8,1000,0,"Low Risk",0,0,6
"EG_WAL_10831","Giza","Verified_Tier1",685,7,13,0,0,"Low Risk",0,0,7
"EG_WAL_11899","Alexandria","Basic",631,7,14,500,0,"Low Risk",0,0,7
"EG_WAL_12030","Cairo","Basic",373,7,17,2500,0,"Low Risk",0,0,9
"EG_WAL_10781","Giza","Basic",131,7,25,5000,1,"Medium Risk",0,0,10
"EG_WAL_12512","Giza","Basic",511,7,13,5000,0,"Low Risk",0,0,7
"EG_WAL_13058","Cairo","Basic",268,7,17,1000,0,"Low Risk",0,0,9
"EG_WAL_12905","Cairo","Verified_Tier1",614,7,21,2500,0,"Low Risk",0,0,10
"EG_WAL_12832","Cairo","Basic",404,7,17,0,0,"Low Risk",0,0,9
"EG_WAL_10997","Cairo","Basic",648,7,13,500,0,"Low Risk",0,0,6
"EG_WAL_11650","Cairo","Basic",491,7,17,2500,0,"Low Risk",0,0,9
"EG_WAL_13912","Cairo","Basic",567,7,8,2500,0,"Low Risk",0,0,6
"EG_WAL_10170","Alexandria","Basic",34,7,14,500,0,"Low Risk",0,0,7
"EG_WAL_12997","Cairo","Basic",303,7,17,500,0,"Low Risk",0,0,8
"EG_WAL_14138","Alexandria","Basic",126,7,14,0,0,"Low Risk",0,0,7
"EG_WAL_13817","Gharbia","Basic",652,7,21,5000,0,"Low Risk",0,0,10
"EG_WAL_11309","Gharbia","Basic",434,7,12,0,1,"Medium Risk",0,0,6
"EG_WAL_13292","Cairo","Basic",311,7,21,2500,0,"Low Risk",0,0,10
"EG_WAL_12876","Giza","Verified_Tier1",317,7,13,500,0,"Low Risk",0,0,7
"EG_WAL_12133","Giza","Basic",318,7,12,500,0,"Low Risk",0,0,6
"EG_WAL_11881","Gharbia","Basic",410,7,16,2500,0,"Low Risk",0,0,8
"EG_WAL_11542","Giza","Basic",258,7,10,2500,3,"Medium Risk",0,0,6
"EG_WAL_11614","Cairo","Basic",409,7,22,5000,1,"Medium Risk",0,0,10
"EG_WAL_13140","Cairo","Verified_Tier1",676,7,13,1000,1,"Medium Risk",0,0,7
"EG_WAL_13358","Gharbia","Verified_Tier1",226,7,22,500,1,"Medium Risk",0,0,10
"EG_WAL_13049","Cairo","Verified_Tier1",317,7,13,2500,0,"Low Risk",0,0,7
"EG_WAL_10909","Cairo","Basic",154,7,14,2500,0,"Low Risk",0,0,7
"EG_WAL_13653","Cairo","Verified_Tier1",153,7,15,2500,0,"Low Risk",0,0,7
"EG_WAL_11427","Asyut","Basic",86,7,20,1000,0,"Low Risk",0,0,10
"EG_WAL_12299","Cairo","Basic",134,7,16,5000,0,"Low Risk",0,0,8
"EG_WAL_11406","Gharbia","Basic",237,7,15,5000,0,"Low Risk",0,0,7
"EG_WAL_11342","Gharbia","Basic",249,7,20,5000,0,"Low Risk",0,0,10
"EG_WAL_10859","Cairo","Basic",87,7,22,1000,0,"Low Risk",0,0,10
"EG_WAL_12239","Cairo","Basic",425,7,15,2500,0,"Low Risk",0,0,7
"EG_WAL_14741","Cairo","Basic",460,7,16,1000,0,"Low Risk",0,0,8
"EG_WAL_12080","Cairo","Basic",168,7,13,5000,3,"Medium Risk",0,0,7
"EG_WAL_12838","Alexandria","Basic",87,7,11,0,0,"Low Risk",0,0,6
"EG_WAL_10409","Cairo","Basic",335,7,14,500,0,"Low Risk",0,0,7
"EG_WAL_13802","Gharbia","Verified_Tier1",531,7,12,0,0,"Low Risk",0,0,6
"EG_WAL_13810","Alexandria","Basic",411,7,12,1000,0,"Low Risk",0,0,6
"EG_WAL_10336","Gharbia","Merchant",568,7,23,500,2,"Medium Risk",0,0,10
"EG_WAL_14401","Giza","Verified_Tier1",561,6,17,2500,0,"Low Risk",0,0,9
"EG_WAL_14745","Cairo","Verified_Tier1",353,6,15,2500,1,"Medium Risk",0,0,7
"EG_WAL_11829","Cairo","Verified_Tier1",170,6,3,2500,1,"Medium Risk",0,0,6
"EG_WAL_10007","Gharbia","Verified_Tier1",594,6,13,2500,0,"Low Risk",0,0,7
"EG_WAL_10134","Asyut","Basic",287,6,21,2500,2,"Medium Risk",0,0,10
"EG_WAL_14102","Giza","Basic",30,6,14,5000,0,"Low Risk",0,0,7
"EG_WAL_14686","Cairo","Basic",373,6,17,500,1,"Medium Risk",0,0,8
"EG_WAL_13189","Alexandria","Verified_Tier1",101,6,10,2500,0,"Low Risk",0,0,6
"EG_WAL_10169","Giza","Basic",141,6,11,2500,0,"Low Risk",0,0,6
"EG_WAL_11382","Asyut","Basic",501,6,19,500,0,"Low Risk",0,0,9
"EG_WAL_14100","Giza","Basic",348,6,17,500,0,"Low Risk",0,0,8
"EG_WAL_14547","Giza","Basic",624,6,17,2500,0,"Low Risk",0,0,8
"EG_WAL_12840","Cairo","Basic",295,6,18,500,0,"Low Risk",0,0,9
"EG_WAL_10970","Alexandria","Basic",190,6,19,1000,1,"Medium Risk",0,0,9
"EG_WAL_13317","Cairo","Basic",702,6,17,1000,1,"Medium Risk",0,0,8
"EG_WAL_10567","Giza","Verified_Tier1",164,6,21,2500,0,"Low Risk",0,0,10
"EG_WAL_10094","Alexandria","Basic",275,6,17,5000,0,"Low Risk",0,0,8
"EG_WAL_13481","Giza","Verified_Tier1",718,6,12,1000,1,"Medium Risk",0,0,6
"EG_WAL_13946","Alexandria","Basic",295,6,20,5000,0,"Low Risk",0,0,10
"EG_WAL_14963","Alexandria","Verified_Tier1",580,6,14,500,0,"Low Risk",0,0,7
"EG_WAL_11045","Giza","Verified_Tier1",570,6,15,1000,0,"Low Risk",0,0,8
"EG_WAL_13506","Asyut","Basic",579,6,12,2500,0,"Low Risk",0,0,6
"EG_WAL_10960","Cairo","Basic",132,6,14,2500,0,"Low Risk",0,0,7
"EG_WAL_10569","Cairo","Verified_Tier1",169,6,12,0,0,"Low Risk",0,0,6
"EG_WAL_13797","Cairo","Merchant",54,6,18,500,0,"Low Risk",0,0,9
"EG_WAL_14943","Cairo","Basic",84,6,15,5000,0,"Low Risk",0,0,8
"EG_WAL_14473","Cairo","Basic",493,6,19,500,0,"Low Risk",0,0,10
"EG_WAL_10009","Alexandria","Verified_Tier1",386,6,14,2500,2,"Medium Risk",0,0,7
"EG_WAL_12154","Cairo","Merchant",232,6,20,500,0,"Low Risk",0,0,10
"EG_WAL_14453","Gharbia","Verified_Tier1",693,6,12,5000,0,"Low Risk",0,0,6
"EG_WAL_13002","Cairo","Basic",39,6,23,1000,0,"Low Risk",0,0,10
"EG_WAL_13101","Alexandria","Basic",207,6,18,1000,1,"Medium Risk",0,0,9
"EG_WAL_11696","Cairo","Basic",368,6,24,1000,1,"Medium Risk",0,0,10
"EG_WAL_10867","Cairo","Basic",695,6,16,1000,0,"Low Risk",0,0,8
"EG_WAL_14664","Gharbia","Verified_Tier1",53,6,18,1000,2,"Medium Risk",0,0,9
"EG_WAL_14651","Alexandria","Verified_Tier1",329,6,16,2500,1,"Medium Risk",0,0,8
"EG_WAL_10941","Giza","Verified_Tier1",540,6,14,5000,0,"Low Risk",0,0,7
"EG_WAL_11842","Giza","Basic",52,6,18,500,0,"Low Risk",0,0,9
"EG_WAL_12839","Cairo","Basic",134,6,15,1000,0,"Low Risk",0,0,8
"EG_WAL_11371","Cairo","Basic",400,6,19,0,0,"Low Risk",0,0,10
"EG_WAL_11218","Alexandria","Verified_Tier1",135,6,16,500,0,"Low Risk",0,0,8
"EG_WAL_10447","Alexandria","Basic",182,6,14,2500,1,"Medium Risk",0,0,7
"EG_WAL_13022","Alexandria","Basic",186,6,16,500,1,"Medium Risk",0,0,8
"EG_WAL_14419","Cairo","Basic",286,6,16,0,1,"Medium Risk",0,0,8
"EG_WAL_11124","Alexandria","Basic",422,6,16,0,0,"Low Risk",0,0,8
"EG_WAL_10806","Asyut","Basic",217,6,15,1000,0,"Low Risk",0,0,8
"EG_WAL_11312","Giza","Basic",408,6,18,500,0,"Low Risk",0,0,9
"EG_WAL_11317","Alexandria","Merchant",458,6,8,5000,1,"Medium Risk",0,0,6
"EG_WAL_11690","Cairo","Basic",353,6,17,500,0,"Low Risk",0,0,9
"EG_WAL_10150","Asyut","Basic",206,6,13,5000,1,"Medium Risk",0,0,7
"EG_WAL_12864","Giza","Basic",247,6,17,1000,0,"Low Risk",0,0,9
"EG_WAL_13723","Cairo","Basic",116,6,19,1000,0,"Low Risk",0,0,9
"EG_WAL_11654","Cairo","Basic",519,6,9,500,0,"Low Risk",0,0,6
"EG_WAL_10413","Giza","Basic",475,6,17,2500,1,"Medium Risk",0,0,9
"EG_WAL_14892","Giza","Verified_Tier1",362,6,13,1000,2,"Medium Risk",0,0,7
"EG_WAL_14786","Gharbia","Verified_Tier1",674,6,21,1000,0,"Low Risk",0,0,10
"EG_WAL_14222","Gharbia","Verified_Tier1",396,6,21,0,1,"Medium Risk",0,0,10
"EG_WAL_13128","Asyut","Verified_Tier1",572,6,20,1000,1,"Medium Risk",0,0,10
"EG_WAL_11559","Asyut","Basic",115,6,17,2500,0,"Low Risk",0,0,9
"EG_WAL_13016","Alexandria","Verified_Tier1",120,6,14,2500,0,"Low Risk",0,0,7
"EG_WAL_10167","Cairo","Basic",559,6,19,5000,0,"Low Risk",0,0,9
"EG_WAL_12590","Gharbia","Merchant",135,6,17,500,0,"Low Risk",0,0,9
"EG_WAL_10793","Giza","Merchant",441,6,19,1000,0,"Low Risk",0,0,9
"EG_WAL_11144","Cairo","Basic",596,6,14,0,0,"Low Risk",0,0,7
"EG_WAL_11730","Cairo","Verified_Tier1",405,5,17,5000,0,"Low Risk",0,0,9
"EG_WAL_13376","Alexandria","Verified_Tier1",91,5,15,2500,0,"Low Risk",0,0,7
"EG_WAL_11446","Alexandria","Basic",575,5,22,2500,0,"Low Risk",0,0,10
"EG_WAL_11191","Giza","Basic",557,5,18,1000,0,"Low Risk",0,0,9
"EG_WAL_11162","Cairo","Basic",587,5,12,500,0,"Low Risk",0,0,6
"EG_WAL_14320","Giza","Verified_Tier1",88,5,17,2500,1,"Medium Risk",0,0,9
"EG_WAL_10839","Giza","Basic",340,5,25,500,0,"Low Risk",0,0,10
"EG_WAL_14020","Giza","Merchant",719,5,11,500,2,"Medium Risk",0,0,6
"EG_WAL_12237","Cairo","Verified_Tier1",117,5,16,500,0,"Low Risk",0,0,8
"EG_WAL_13411","Cairo","Basic",304,5,18,1000,0,"Low Risk",0,0,9
"EG_WAL_12010","Cairo","Basic",566,5,15,500,3,"Medium Risk",0,0,7
"EG_WAL_11431","Giza","Verified_Tier1",187,5,14,2500,2,"Medium Risk",0,0,7
"EG_WAL_12107","Asyut","Verified_Tier1",190,5,19,5000,0,"Low Risk",0,0,9
"EG_WAL_13881","Alexandria","Verified_Tier1",202,5,16,5000,1,"Medium Risk",0,0,8
"EG_WAL_10141","Cairo","Basic",431,5,20,500,0,"Low Risk",0,0,10
"EG_WAL_14054","Alexandria","Verified_Tier1",679,5,16,1000,0,"Low Risk",0,0,8
"EG_WAL_14974","Cairo","Basic",119,5,22,2500,5,"High Risk",0,1,10
"EG_WAL_10887","Cairo","Basic",102,5,15,1000,0,"Low Risk",0,0,8
"EG_WAL_10628","Cairo","Verified_Tier1",181,5,16,1000,0,"Low Risk",0,0,8
"EG_WAL_13473","Alexandria","Basic",152,5,14,5000,0,"Low Risk",0,0,7
"EG_WAL_11904","Alexandria","Basic",614,5,17,5000,0,"Low Risk",0,0,9
"EG_WAL_14206","Giza","Basic",691,5,25,2500,0,"Low Risk",0,0,10
"EG_WAL_14746","Cairo","Basic",594,5,16,5000,0,"Low Risk",0,0,8
"EG_WAL_13361","Cairo","Verified_Tier1",68,5,13,2500,0,"Low Risk",0,0,7
"EG_WAL_10944","Cairo","Verified_Tier1",565,5,10,500,0,"Low Risk",0,0,6
"EG_WAL_13748","Giza","Basic",331,5,24,5000,0,"Low Risk",0,0,10
"EG_WAL_10714","Cairo","Basic",318,5,22,5000,0,"Low Risk",0,0,10
"EG_WAL_14853","Cairo","Verified_Tier1",681,5,16,5000,3,"Medium Risk",0,0,8
"EG_WAL_11659","Giza","Basic",697,5,17,2500,1,"Medium Risk",0,0,8
"EG_WAL_13738","Alexandria","Basic",607,5,23,5000,0,"Low Risk",0,0,10
"EG_WAL_11106","Cairo","Merchant",571,5,18,5000,0,"Low Risk",0,0,9
"EG_WAL_10085","Cairo","Basic",507,5,19,5000,0,"Low Risk",0,0,9
"EG_WAL_14163","Cairo","Basic",274,5,17,1000,0,"Low Risk",0,0,8
"EG_WAL_10055","Asyut","Basic",48,5,13,500,1,"Medium Risk",0,0,7
"EG_WAL_14411","Cairo","Verified_Tier1",207,5,19,1000,0,"Low Risk",0,0,10
"EG_WAL_11668","Cairo","Verified_Tier1",395,5,15,5000,1,"Medium Risk",0,0,8
"EG_WAL_14228","Giza","Verified_Tier1",405,5,19,500,0,"Low Risk",0,0,9
"EG_WAL_10946","Cairo","Verified_Tier1",513,5,14,500,1,"Medium Risk",0,0,7
"EG_WAL_13387","Giza","Verified_Tier1",416,5,13,2500,0,"Low Risk",0,0,7
"EG_WAL_13367","Cairo","Verified_Tier1",229,5,15,2500,0,"Low Risk",0,0,7
"EG_WAL_14080","Alexandria","Basic",686,5,15,0,0,"Low Risk",0,0,8
"EG_WAL_10466","Cairo","Verified_Tier1",533,5,21,0,1,"Medium Risk",0,0,10
"EG_WAL_10449","Cairo","Basic",266,5,13,1000,0,"Low Risk",0,0,7
"EG_WAL_14688","Giza","Verified_Tier1",702,5,14,2500,1,"Medium Risk",0,0,7
"EG_WAL_10622","Cairo","Basic",675,5,16,500,0,"Low Risk",0,0,8
"EG_WAL_10500","Alexandria","Basic",558,5,21,1000,0,"Low Risk",0,0,10
"EG_WAL_13199","Cairo","Basic",304,5,29,1000,0,"Low Risk",0,0,10
"EG_WAL_14834","Giza","Verified_Tier1",59,5,14,500,0,"Low Risk",0,0,7
"EG_WAL_14804","Gharbia","Merchant",160,5,16,1000,2,"Medium Risk",0,0,8
"EG_WAL_11151","Gharbia","Basic",594,5,14,500,2,"Medium Risk",0,0,7
"EG_WAL_14897","Cairo","Basic",486,5,14,500,0,"Low Risk",0,0,7
"EG_WAL_14425","Cairo","Merchant",711,5,13,1000,0,"Low Risk",0,0,7
"EG_WAL_12709","Cairo","Basic",81,5,16,2500,0,"Low Risk",0,0,8
"EG_WAL_11823","Alexandria","Verified_Tier1",321,5,18,500,1,"Medium Risk",0,0,9
"EG_WAL_14685","Cairo","Verified_Tier1",97,4,21,2500,0,"Low Risk",0,0,10
"EG_WAL_10282","Cairo","Basic",449,4,13,1000,0,"Low Risk",0,0,7
"EG_WAL_10499","Asyut","Basic",239,4,14,2500,0,"Low Risk",0,0,7
"EG_WAL_10359","Giza","Basic",66,4,13,500,1,"Medium Risk",0,0,7
"EG_WAL_14056","Gharbia","Basic",50,4,13,1000,0,"Low Risk",0,0,7
"EG_WAL_10228","Gharbia","Basic",173,4,18,1000,1,"Medium Risk",0,0,9
"EG_WAL_11901","Cairo","Verified_Tier1",361,4,21,500,0,"Low Risk",0,0,10
"EG_WAL_11344","Alexandria","Basic",552,4,14,1000,0,"Low Risk",0,0,7
"EG_WAL_11709","Alexandria","Verified_Tier1",254,4,14,500,0,"Low Risk",0,0,7
"EG_WAL_14702","Alexandria","Basic",154,4,21,1000,0,"Low Risk",0,0,10
"EG_WAL_11826","Cairo","Basic",457,4,22,1000,0,"Low Risk",0,0,10
"EG_WAL_12516","Cairo","Basic",259,4,14,1000,0,"Low Risk",0,0,7
"EG_WAL_13688","Cairo","Basic",218,4,14,1000,0,"Low Risk",0,0,7
"EG_WAL_13915","Cairo","Basic",378,4,14,2500,0,"Low Risk",0,0,7
"EG_WAL_14176","Giza","Basic",438,4,22,500,0,"Low Risk",0,0,10
"EG_WAL_11973","Giza","Basic",344,4,12,500,3,"Medium Risk",0,0,6
"EG_WAL_12099","Cairo","Basic",529,4,12,0,2,"Medium Risk",0,0,6
"EG_WAL_11216","Cairo","Merchant",79,4,20,1000,0,"Low Risk",0,0,10
"EG_WAL_11350","Gharbia","Verified_Tier1",31,4,20,2500,0,"Low Risk",0,0,10
"EG_WAL_12288","Giza","Basic",563,4,12,1000,0,"Low Risk",0,0,6
"EG_WAL_13413","Cairo","Verified_Tier1",519,4,15,1000,0,"Low Risk",0,0,7
"EG_WAL_14865","Giza","Verified_Tier1",470,4,15,1000,1,"Medium Risk",0,0,7
"EG_WAL_12785","Cairo","Basic",312,4,12,5000,2,"Medium Risk",0,0,6
"EG_WAL_12882","Cairo","Verified_Tier1",160,4,12,1000,1,"Medium Risk",0,0,6
"EG_WAL_12922","Gharbia","Basic",151,4,20,0,0,"Low Risk",0,0,10
"EG_WAL_14059","Asyut","Verified_Tier1",445,4,20,500,0,"Low Risk",0,0,10
"EG_WAL_13458","Alexandria","Basic",666,4,20,2500,0,"Low Risk",0,0,10
"EG_WAL_13662","Cairo","Basic",616,4,12,1000,1,"Medium Risk",0,0,6
"EG_WAL_12272","Giza","Verified_Tier1",445,4,23,5000,0,"Low Risk",0,0,10
"EG_WAL_13586","Giza","Basic",229,4,20,0,2,"Medium Risk",0,0,10
"EG_WAL_13972","Cairo","Verified_Tier1",513,4,12,1000,1,"Medium Risk",0,0,6
"EG_WAL_12306","Cairo","Verified_Tier1",667,4,20,500,1,"Medium Risk",0,0,10
"EG_WAL_10937","Asyut","Verified_Tier1",245,4,15,2500,0,"Low Risk",0,0,8
"EG_WAL_14225","Alexandria","Verified_Tier1",161,4,15,2500,0,"Low Risk",0,0,8
"EG_WAL_12738","Asyut","Basic",604,4,15,2500,1,"Medium Risk",0,0,8
"EG_WAL_10329","Cairo","Basic",639,4,15,0,0,"Low Risk",0,0,8
"EG_WAL_14140","Cairo","Basic",355,4,20,2500,0,"Low Risk",0,0,10
"EG_WAL_11474","Cairo","Basic",288,4,12,5000,0,"Low Risk",0,0,6
"EG_WAL_11094","Cairo","Basic",549,4,7,1000,0,"Low Risk",0,0,6
"EG_WAL_13231","Giza","Basic",88,4,15,2500,0,"Low Risk",0,0,8
"EG_WAL_10940","Cairo","Verified_Tier1",565,4,16,2500,0,"Low Risk",0,0,8
"EG_WAL_13099","Giza","Basic",86,4,16,1000,2,"Medium Risk",0,0,8
"EG_WAL_11176","Alexandria","Verified_Tier1",310,4,11,1000,1,"Medium Risk",0,0,6
"EG_WAL_13345","Alexandria","Basic",522,4,19,2500,1,"Medium Risk",0,0,9
"EG_WAL_11667","Asyut","Basic",484,4,11,1000,0,"Low Risk",0,0,6
"EG_WAL_11560","Cairo","Verified_Tier1",178,4,24,1000,0,"Low Risk",0,0,10
"EG_WAL_10083","Cairo","Basic",265,4,11,500,3,"Medium Risk",0,0,6
"EG_WAL_11549","Giza","Verified_Tier1",489,4,24,1000,0,"Low Risk",0,0,10
"EG_WAL_14273","Giza","Basic",282,4,19,0,0,"Low Risk",0,0,9
"EG_WAL_14015","Cairo","Verified_Tier1",124,4,17,500,0,"Low Risk",0,0,8
"EG_WAL_13819","Giza","Basic",336,4,10,500,0,"Low Risk",0,0,6
"EG_WAL_14944","Alexandria","Basic",572,4,17,2500,0,"Low Risk",0,0,9
"EG_WAL_14094","Cairo","Basic",531,4,17,500,0,"Low Risk",0,0,9
"EG_WAL_10698","Cairo","Verified_Tier1",686,4,19,500,0,"Low Risk",0,0,9
"EG_WAL_13036","Giza","Basic",168,4,19,500,0,"Low Risk",0,0,9
"EG_WAL_14377","Gharbia","Basic",663,4,25,2500,1,"Medium Risk",0,0,10
"EG_WAL_10768","Cairo","Basic",208,4,17,2500,1,"Medium Risk",0,0,9
"EG_WAL_13521","Giza","Verified_Tier1",469,4,9,2500,0,"Low Risk",0,0,6
"EG_WAL_10090","Cairo","Basic",158,4,9,2500,1,"Medium Risk",0,0,6
"EG_WAL_11715","Asyut","Verified_Tier1",265,4,17,1000,2,"Medium Risk",0,0,9
"EG_WAL_13337","Alexandria","Basic",650,4,9,0,1,"Medium Risk",0,0,6
"EG_WAL_11933","Giza","Basic",162,4,18,2500,0,"Low Risk",0,0,9
"EG_WAL_12061","Giza","Basic",644,4,18,0,1,"Medium Risk",0,0,9
"EG_WAL_12111","Cairo","Basic",178,4,18,2500,0,"Low Risk",0,0,9
"EG_WAL_12517","Giza","Basic",125,4,18,5000,0,"Low Risk",0,0,9
"EG_WAL_14476","Giza","Verified_Tier1",446,4,13,0,1,"Medium Risk",0,0,7
"EG_WAL_12673","Cairo","Verified_Tier1",321,3,20,2500,1,"Medium Risk",0,0,10
"EG_WAL_14851","Cairo","Verified_Tier1",613,3,19,1000,1,"Medium Risk",0,0,9
"EG_WAL_12701","Asyut","Basic",196,3,16,1000,0,"Low Risk",0,0,8
"EG_WAL_13249","Giza","Basic",701,3,11,1000,1,"Medium Risk",0,0,6
"EG_WAL_11072","Cairo","Basic",364,3,19,0,0,"Low Risk",0,0,9
"EG_WAL_12113","Gharbia","Basic",173,3,25,1000,1,"Medium Risk",0,0,10
"EG_WAL_11598","Cairo","Basic",373,3,14,500,0,"Low Risk",0,0,7
"EG_WAL_10000","Cairo","Basic",80,3,13,5000,0,"Low Risk",0,0,7
"EG_WAL_14954","Giza","Verified_Tier1",362,3,13,5000,0,"Low Risk",0,0,7
"EG_WAL_10038","Alexandria","Basic",681,3,22,5000,0,"Low Risk",0,0,10
"EG_WAL_10030","Giza","Basic",451,3,25,500,0,"Low Risk",0,0,10
"EG_WAL_10950","Giza","Basic",236,3,12,500,0,"Low Risk",0,0,6
"EG_WAL_11084","Asyut","Merchant",458,3,9,2500,0,"Low Risk",0,0,6
"EG_WAL_12623","Asyut","Verified_Tier1",625,3,12,2500,0,"Low Risk",0,0,6
"EG_WAL_10710","Alexandria","Basic",613,3,13,2500,2,"Medium Risk",0,0,7
"EG_WAL_11355","Gharbia","Basic",370,3,12,5000,1,"Medium Risk",0,0,6
"EG_WAL_14070","Cairo","Basic",272,3,19,1000,0,"Low Risk",0,0,9
"EG_WAL_10294","Cairo","Basic",284,3,25,1000,0,"Low Risk",0,0,10
"EG_WAL_12806","Alexandria","Verified_Tier1",409,3,18,1000,1,"Medium Risk",0,0,9
"EG_WAL_11602","Cairo","Basic",309,3,20,0,0,"Low Risk",0,0,10
"EG_WAL_14456","Alexandria","Verified_Tier1",388,3,9,5000,1,"Medium Risk",0,0,6
"EG_WAL_14160","Giza","Verified_Tier1",144,3,17,0,0,"Low Risk",0,0,8
"EG_WAL_11747","Cairo","Verified_Tier1",704,3,16,1000,0,"Low Risk",0,0,8
"EG_WAL_14916","Cairo","Verified_Tier1",477,3,14,2500,2,"Medium Risk",0,0,7
"EG_WAL_10068","Cairo","Basic",549,3,13,500,1,"Medium Risk",0,0,6
"EG_WAL_13352","Asyut","Merchant",142,3,10,5000,3,"Medium Risk",0,0,6
"EG_WAL_10243","Cairo","Basic",313,3,18,1000,0,"Low Risk",0,0,9
"EG_WAL_14136","Alexandria","Basic",493,3,10,500,0,"Low Risk",0,0,6
"EG_WAL_13634","Cairo","Basic",368,3,10,2500,0,"Low Risk",0,0,6
"EG_WAL_12035","Cairo","Verified_Tier1",484,3,24,1000,0,"Low Risk",0,0,10
"EG_WAL_11885","Giza","Basic",506,3,14,0,1,"Medium Risk",0,0,7
"EG_WAL_14810","Cairo","Basic",92,3,20,1000,0,"Low Risk",0,0,10
"EG_WAL_10029","Cairo","Verified_Tier1",296,3,21,1000,1,"Medium Risk",0,0,10
"EG_WAL_10188","Giza","Verified_Tier1",668,3,18,2500,1,"Medium Risk",0,0,9
"EG_WAL_10012","Gharbia","Basic",98,3,15,1000,0,"Low Risk",0,0,8
"EG_WAL_10373","Alexandria","Basic",457,3,20,2500,0,"Low Risk",0,0,10
"EG_WAL_11015","Asyut","Basic",413,3,26,0,0,"Low Risk",0,0,10
"EG_WAL_12009","Giza","Verified_Tier1",340,3,14,2500,0,"Low Risk",0,0,7
"EG_WAL_10392","Cairo","Basic",633,3,16,5000,2,"Medium Risk",0,0,8
"EG_WAL_12445","Cairo","Basic",615,3,15,1000,2,"Medium Risk",0,0,8
"EG_WAL_12421","Cairo","Basic",346,3,11,2500,2,"Medium Risk",0,0,6
"EG_WAL_14576","Giza","Basic",337,3,21,2500,0,"Low Risk",0,0,10
"EG_WAL_10576","Cairo","Basic",687,3,19,5000,0,"Low Risk",0,0,9
"EG_WAL_12761","Cairo","Basic",308,3,16,5000,1,"Medium Risk",0,0,8
"EG_WAL_13825","Cairo","Verified_Tier1",327,3,15,1000,0,"Low Risk",0,0,8
"EG_WAL_14663","Gharbia","Basic",550,3,20,2500,0,"Low Risk",0,0,10
"EG_WAL_11379","Giza","Basic",497,3,21,500,1,"Medium Risk",0,0,10
"EG_WAL_14230","Alexandria","Basic",63,3,20,500,1,"Medium Risk",0,0,10
"EG_WAL_13552","Giza","Basic",509,3,17,2500,1,"Medium Risk",0,0,9
"EG_WAL_11090","Asyut","Basic",490,3,15,1000,1,"Medium Risk",0,0,7
"EG_WAL_13465","Alexandria","Verified_Tier1",307,3,20,1000,0,"Low Risk",0,0,10
"EG_WAL_10408","Asyut","Verified_Tier1",513,3,17,0,0,"Low Risk",0,0,9
"EG_WAL_14660","Giza","Verified_Tier1",570,3,15,500,0,"Low Risk",0,0,7
"EG_WAL_11518","Cairo","Basic",425,3,16,2500,1,"Medium Risk",0,0,8
"EG_WAL_12199","Cairo","Basic",316,3,14,1000,1,"Medium Risk",0,0,7
"EG_WAL_13019","Alexandria","Verified_Tier1",311,3,16,0,0,"Low Risk",0,0,8
"EG_WAL_12390","Cairo","Basic",551,3,18,5000,0,"Low Risk",0,0,9
"EG_WAL_12327","Cairo","Basic",111,3,13,5000,1,"Medium Risk",0,0,7
"EG_WAL_10259","Cairo","Verified_Tier1",574,3,13,1000,0,"Low Risk",0,0,7
"EG_WAL_10513","Gharbia","Basic",394,3,16,0,1,"Medium Risk",0,0,8
"EG_WAL_14819","Cairo","Basic",288,2,13,5000,0,"Low Risk",0,0,6
"EG_WAL_13192","Asyut","Basic",199,2,19,1000,0,"Low Risk",0,0,10
"EG_WAL_11102","Gharbia","Verified_Tier1",61,2,11,500,0,"Low Risk",0,0,6
"EG_WAL_10077","Cairo","Basic",506,2,14,2500,0,"Low Risk",0,0,7
"EG_WAL_11922","Giza","Basic",239,2,20,500,1,"Medium Risk",0,0,10
"EG_WAL_11706","Giza","Basic",287,2,12,5000,0,"Low Risk",0,0,6
"EG_WAL_10501","Giza","Verified_Tier1",373,2,23,2500,0,"Low Risk",0,0,10
"EG_WAL_13397","Gharbia","Basic",630,2,11,2500,0,"Low Risk",0,0,6
"EG_WAL_10532","Asyut","Verified_Tier1",508,2,16,500,1,"Medium Risk",0,0,8
"EG_WAL_13414","Alexandria","Basic",519,2,16,500,1,"Medium Risk",0,0,8
"EG_WAL_10604","Cairo","Basic",243,2,16,5000,0,"Low Risk",0,0,8
"EG_WAL_13753","Alexandria","Basic",410,2,12,500,0,"Low Risk",0,0,6
"EG_WAL_11606","Cairo","Verified_Tier1",243,2,16,5000,0,"Low Risk",0,0,8
"EG_WAL_11212","Cairo","Basic",451,2,21,5000,1,"Medium Risk",0,0,10
"EG_WAL_11748","Alexandria","Verified_Tier1",590,2,21,2500,0,"Low Risk",0,0,10
"EG_WAL_12439","Cairo","Verified_Tier1",416,2,15,2500,0,"Low Risk",0,0,8
"EG_WAL_12874","Alexandria","Basic",59,2,11,1000,2,"Medium Risk",0,0,6
"EG_WAL_10851","Alexandria","Basic",228,2,14,1000,0,"Low Risk",0,0,7
"EG_WAL_11485","Cairo","Verified_Tier1",211,2,16,2500,0,"Low Risk",0,0,8
"EG_WAL_14773","Gharbia","Basic",500,2,11,1000,0,"Low Risk",0,0,6
"EG_WAL_13355","Cairo","Basic",492,2,12,5000,2,"Medium Risk",0,0,6
"EG_WAL_11131","Giza","Basic",159,2,15,1000,1,"Medium Risk",0,0,7
"EG_WAL_11140","Gharbia","Basic",191,2,16,2500,1,"Medium Risk",0,0,8
"EG_WAL_10093","Giza","Verified_Tier1",323,2,19,0,1,"Medium Risk",0,0,9
"EG_WAL_11387","Cairo","Basic",241,2,16,500,0,"Low Risk",0,0,8
"EG_WAL_14644","Alexandria","Basic",260,2,16,500,0,"Low Risk",0,0,8
"EG_WAL_10162","Giza","Verified_Tier1",308,2,16,5000,3,"Medium Risk",0,0,8
"EG_WAL_14557","Alexandria","Verified_Tier1",199,2,16,500,0,"Low Risk",0,0,8
"EG_WAL_14934","Giza","Verified_Tier1",569,2,14,1000,0,"Low Risk",0,0,7
"EG_WAL_11779","Gharbia","Verified_Tier1",224,2,12,0,0,"Low Risk",0,0,6
"EG_WAL_10426","Giza","Basic",109,2,18,5000,0,"Low Risk",0,0,9
"EG_WAL_14949","Gharbia","Basic",176,2,17,5000,1,"Medium Risk",0,0,8
"EG_WAL_14241","Cairo","Basic",622,2,13,500,0,"Low Risk",0,0,7
"EG_WAL_13548","Cairo","Basic",641,2,14,5000,0,"Low Risk",0,0,7
"EG_WAL_13419","Cairo","Basic",379,2,17,5000,0,"Low Risk",0,0,9
"EG_WAL_14352","Giza","Basic",183,2,10,2500,0,"Low Risk",0,0,6
"EG_WAL_14113","Cairo","Verified_Tier1",204,2,21,5000,0,"Low Risk",0,0,10
"EG_WAL_13795","Alexandria","Basic",346,2,10,500,1,"Medium Risk",0,0,6
"EG_WAL_13727","Cairo","Basic",589,2,18,5000,2,"Medium Risk",0,0,9
"EG_WAL_13303","Cairo","Verified_Tier1",531,2,19,500,0,"Low Risk",0,0,9
"EG_WAL_11296","Cairo","Basic",572,2,13,2500,1,"Medium Risk",0,0,7
"EG_WAL_10456","Cairo","Verified_Tier1",227,2,14,2500,1,"Medium Risk",0,0,7
"EG_WAL_14344","Giza","Basic",322,2,13,0,0,"Low Risk",0,0,7
"EG_WAL_11452","Gharbia","Basic",247,2,21,0,0,"Low Risk",0,0,10
"EG_WAL_11926","Giza","Basic",115,2,18,2500,0,"Low Risk",0,0,9
"EG_WAL_12215","Cairo","Basic",591,2,18,2500,2,"Medium Risk",0,0,9
"EG_WAL_11233","Cairo","Verified_Tier1",692,2,14,5000,1,"Medium Risk",0,0,7
"EG_WAL_12259","Giza","Verified_Tier1",616,2,18,5000,1,"Medium Risk",0,0,9
"EG_WAL_12286","Asyut","Basic",120,2,18,1000,0,"Low Risk",0,0,9
"EG_WAL_11083","Gharbia","Verified_Tier1",131,2,18,2500,0,"Low Risk",0,0,9
"EG_WAL_10697","Giza","Verified_Tier1",580,2,23,0,1,"Medium Risk",0,0,10
"EG_WAL_10412","Asyut","Basic",638,2,15,2500,1,"Medium Risk",0,0,8
"EG_WAL_11742","Alexandria","Basic",307,2,20,500,0,"Low Risk",0,0,10
"EG_WAL_13830","Cairo","Basic",496,2,16,5000,1,"Medium Risk",0,0,8
"EG_WAL_13253","Cairo","Verified_Tier1",57,1,15,2500,0,"Low Risk",0,0,8
"EG_WAL_14970","Giza","Basic",185,1,15,5000,0,"Low Risk",0,0,8
"EG_WAL_10431","Alexandria","Verified_Tier1",185,1,13,2500,0,"Low Risk",0,0,7
"EG_WAL_12460","Asyut","Basic",354,1,16,1000,1,"Medium Risk",0,0,8
"EG_WAL_11272","Alexandria","Basic",362,1,17,5000,0,"Low Risk",0,0,9
"EG_WAL_10987","Giza","Basic",339,1,11,500,0,"Low Risk",0,0,6
"EG_WAL_14474","Alexandria","Basic",276,1,15,500,0,"Low Risk",0,0,8
"EG_WAL_10044","Cairo","Verified_Tier1",551,1,22,2500,1,"Medium Risk",0,0,10
"EG_WAL_12563","Cairo","Basic",550,1,18,0,1,"Medium Risk",0,0,9
"EG_WAL_14129","Cairo","Basic",71,1,12,500,3,"Medium Risk",0,0,6
"EG_WAL_11017","Giza","Basic",588,1,16,500,0,"Low Risk",0,0,8
"EG_WAL_13472","Giza","Verified_Tier1",666,1,20,5000,0,"Low Risk",0,0,10
"EG_WAL_14939","Gharbia","Verified_Tier1",340,1,19,500,0,"Low Risk",0,0,9
"EG_WAL_10907","Cairo","Basic",455,1,15,1000,0,"Low Risk",0,0,8
"EG_WAL_13113","Cairo","Verified_Tier1",109,1,22,1000,1,"Medium Risk",0,0,10
"EG_WAL_12866","Giza","Verified_Tier1",702,1,17,5000,0,"Low Risk",0,0,9
"EG_WAL_11756","Asyut","Basic",108,1,17,2500,0,"Low Risk",0,0,9
"EG_WAL_10181","Cairo","Basic",617,1,13,500,0,"Low Risk",0,0,7
"EG_WAL_14835","Cairo","Verified_Tier1",295,1,18,500,0,"Low Risk",0,0,9
"EG_WAL_12489","Cairo","Basic",182,1,21,5000,0,"Low Risk",0,0,10
"EG_WAL_10119","Giza","Basic",615,1,14,2500,0,"Low Risk",0,0,7
"EG_WAL_12436","Cairo","Basic",161,1,17,0,1,"Medium Risk",0,0,8
"EG_WAL_14057","Cairo","Basic",263,1,15,5000,0,"Low Risk",0,0,8
"EG_WAL_13716","Cairo","Basic",558,1,10,500,1,"Medium Risk",0,0,6
"EG_WAL_13838","Asyut","Verified_Tier1",532,1,17,0,1,"Medium Risk",0,0,8
"EG_WAL_13596","Cairo","Basic",106,1,25,2500,1,"Medium Risk",0,0,10
"EG_WAL_14207","Giza","Verified_Tier1",440,1,20,1000,2,"Medium Risk",0,0,10
"EG_WAL_12970","Cairo","Basic",316,1,16,2500,0,"Low Risk",0,0,8
"EG_WAL_13852","Giza","Verified_Tier1",520,1,9,5000,0,"Low Risk",0,0,6
"EG_WAL_12329","Cairo","Basic",534,1,12,2500,0,"Low Risk",0,0,6
"EG_WAL_13902","Asyut","Verified_Tier1",264,1,17,1000,0,"Low Risk",0,0,8
"EG_WAL_10092","Alexandria","Verified_Tier1",451,1,16,1000,0,"Low Risk",0,0,8
"EG_WAL_13383","Cairo","Basic",678,1,16,5000,2,"Medium Risk",0,0,8
"EG_WAL_13525","Cairo","Verified_Tier1",58,1,14,1000,2,"Medium Risk",0,0,7
"EG_WAL_12566","Cairo","Verified_Tier1",305,1,15,1000,0,"Low Risk",0,0,8
"EG_WAL_10882","Cairo","Verified_Tier1",188,1,18,2500,0,"Low Risk",0,0,9
"EG_WAL_13812","Cairo","Basic",347,1,16,500,0,"Low Risk",0,0,8
"EG_WAL_12733","Asyut","Basic",681,1,17,500,2,"Medium Risk",0,0,9
"EG_WAL_13580","Giza","Basic",236,1,21,0,0,"Low Risk",0,0,10
"EG_WAL_10325","Alexandria","Basic",396,0,15,2500,0,"Low Risk",0,0,8
"EG_WAL_10982","Cairo","Basic",30,0,22,2500,0,"Low Risk",0,0,10
"EG_WAL_14733","Asyut","Basic",517,0,18,1000,0,"Low Risk",0,0,9
"EG_WAL_13369","Alexandria","Basic",714,0,21,500,0,"Low Risk",0,0,10
"EG_WAL_13569","Gharbia","Verified_Tier1",610,0,18,500,0,"Low Risk",0,0,9
"EG_WAL_14447","Alexandria","Verified_Tier1",395,0,16,5000,2,"Medium Risk",0,0,8
"EG_WAL_10820","Gharbia","Verified_Tier1",418,0,8,5000,1,"Medium Risk",0,0,6
"EG_WAL_14935","Cairo","Basic",55,0,16,0,0,"Low Risk",0,0,8
"EG_WAL_11206","Alexandria","Verified_Tier1",47,0,14,0,0,"Low Risk",0,0,7
"EG_WAL_11873","Gharbia","Basic",233,0,13,1000,0,"Low Risk",0,0,7
"EG_WAL_11936","Cairo","Basic",250,0,15,5000,1,"Medium Risk",0,0,8
"EG_WAL_10105","Cairo","Merchant",323,0,11,0,0,"Low Risk",0,0,6
"EG_WAL_12931","Alexandria","Basic",521,0,18,5000,0,"Low Risk",0,0,9
"EG_WAL_10686","Giza","Basic",572,0,17,2500,0,"Low Risk",0,0,8
"EG_WAL_10442","Cairo","Basic",455,0,21,2500,0,"Low Risk",0,0,10
"EG_WAL_13693","Cairo","Basic",678,0,17,5000,0,"Low Risk",0,0,8
"EG_WAL_14166","Cairo","Merchant",456,0,17,2500,2,"Medium Risk",0,0,8
"EG_WAL_14801","Cairo","Merchant",567,0,14,0,1,"Medium Risk",0,0,7
"EG_WAL_11674","Alexandria","Verified_Tier1",144,0,21,500,0,"Low Risk",0,0,10
"EG_WAL_11304","Alexandria","Verified_Tier1",352,0,19,5000,0,"Low Risk",0,0,9
"EG_WAL_12191","Asyut","Basic",593,0,19,5000,0,"Low Risk",0,0,9
"EG_WAL_14793","Cairo","Verified_Tier1",271,0,19,0,0,"Low Risk",0,0,9
"EG_WAL_14508","Giza","Basic",195,0,23,1000,0,"Low Risk",0,0,10
"EG_WAL_12028","Cairo","Basic",624,0,8,2500,0,"Low Risk",0,0,6
"EG_WAL_13700","Giza","Verified_Tier1",203,0,15,500,0,"Low Risk",0,0,7
"EG_WAL_10345","Giza","Verified_Tier1",665,0,20,500,0,"Low Risk",0,0,10
"EG_WAL_14012","Alexandria","Basic",90,0,21,2500,0,"Low Risk",0,0,10
"EG_WAL_14017","Gharbia","Verified_Tier1",499,0,18,0,1,"Medium Risk",0,0,9
"EG_WAL_10639","Cairo","Basic",325,0,11,5000,0,"Low Risk",0,0,6
"EG_WAL_10214","Alexandria","Verified_Tier1",40,0,13,0,0,"Low Risk",0,0,7
"EG_WAL_10908","Cairo","Verified_Tier1",694,0,12,1000,0,"Low Risk",0,0,6
"EG_WAL_13823","Cairo","Verified_Tier1",705,0,17,0,0,"Low Risk",0,0,9
"EG_WAL_13304","Cairo","Verified_Tier1",176,0,14,5000,0,"Low Risk",0,0,7
"EG_WAL_13487","Cairo","Verified_Tier1",54,0,21,500,0,"Low Risk",0,0,10
"EG_WAL_10051","Alexandria","Basic",243,0,24,2500,0,"Low Risk",0,0,10
"EG_WAL_14342","Gharbia","Basic",595,0,18,2500,0,"Low Risk",0,0,9
"EG_WAL_14156","Giza","Merchant",374,0,21,2500,0,"Low Risk",0,0,10
"EG_WAL_13011","Cairo","Basic",565,0,14,500,0,"Low Risk",0,0,7
"EG_WAL_11324","Asyut","Basic",260,0,15,0,0,"Low Risk",0,0,7
"EG_WAL_12990","Cairo","Basic",631,0,14,500,0,"Low Risk",0,0,7
"EG_WAL_11603","Cairo","Verified_Tier1",319,0,10,2500,0,"Low Risk",0,0,6
"EG_WAL_14847","Cairo","Verified_Tier1",670,0,20,2500,0,"Low Risk",0,0,10
"EG_WAL_10933","Giza","Basic",134,0,13,1000,0,"Low Risk",0,0,7
"EG_WAL_12774","Giza","Merchant",236,0,21,1000,0,"Low Risk",0,0,10
"EG_WAL_12759","Cairo","Merchant",512,0,14,2500,2,"Medium Risk",0,0,7
"EG_WAL_11294","Gharbia","Basic",244,0,16,500,0,"Low Risk",0,0,8
"EG_WAL_11872","Giza","Basic",366,0,15,1000,2,"Medium Risk",0,0,7
"EG_WAL_11913","Cairo","Verified_Tier1",265,0,19,5000,0,"Low Risk",0,0,10
"EG_WAL_14184","Cairo","Verified_Tier1",134,0,26,5000,1,"Medium Risk",0,0,10
"EG_WAL_12564","Giza","Verified_Tier1",706,0,11,0,0,"Low Risk",0,0,6
"EG_WAL_11436","Cairo","Basic",692,0,19,5000,2,"Medium Risk",0,0,9
"EG_WAL_11576","Cairo","Basic",584,0,16,5000,0,"Low Risk",0,0,8
"EG_WAL_11898","Cairo","Basic",641,0,9,2500,0,"Low Risk",0,0,6
"EG_WAL_13227","Cairo","Basic",636,0,18,1000,2,"Medium Risk",0,0,9
"EG_WAL_13952","Asyut","Basic",187,0,5,2500,0,"Low Risk",0,0,6
"EG_WAL_13657","Giza","Verified_Tier1",51,0,12,2500,0,"Low Risk",0,0,6
"EG_WAL_14789","Cairo","Verified_Tier1",582,0,18,500,1,"Medium Risk",0,0,9
"EG_WAL_13697","Alexandria","Basic",446,0,11,1000,0,"Low Risk",0,0,6
"EG_WAL_14856","Cairo","Verified_Tier1",58,0,13,500,0,"Low Risk",0,0,7
"EG_WAL_10274","Giza","Verified_Tier1",211,0,11,500,1,"Medium Risk",0,0,6
"EG_WAL_13924","Asyut","Basic",670,0,17,1000,0,"Low Risk",0,0,9
"EG_WAL_13219","Alexandria","Basic",505,0,19,0,0,"Low Risk",0,0,9
"EG_WAL_12424","Cairo","Basic",622,0,16,1000,0,"Low Risk",0,0,8
"EG_WAL_13423","Cairo","Basic",336,0,16,500,0,"Low Risk",0,0,8
"EG_WAL_10952","Cairo","Basic",144,0,18,5000,1,"Medium Risk",0,0,9
